Date,Adj Close,Close,High,Low,Open,Volume
2007-01-03,49.842411041259766,92.99235534667969,94.0726547241211,92.02677154541016,92.90631103515625,9619853
2007-01-04,50.37528991699219,93.98661804199219,94.44550323486328,92.61949920654297,92.97322845458984,11008627
2007-01-05,49.919246673583984,93.13575744628906,93.64244842529297,92.64818572998047,93.3078384399414,7553480
2007-01-08,50.67763137817383,94.55066680908203,95.12428283691406,94.02485656738281,94.16825866699219,10815640
2007-01-09,51.27714157104492,95.6692123413086,95.91778564453125,94.71319580078125,94.7227554321289,11619177
2007-01-10,50.6724739074707,94.54110717773438,94.69407653808594,93.62332916259766,94.16825866699219,9147061
2007-01-11,50.54951477050781,94.31166076660156,95.5066909790039,94.16825866699219,94.64627075195312,8368732
2007-01-12,50.90309143066406,94.97132110595703,95.30592346191406,94.16825866699219,94.63671112060547,6941779
2007-01-16,51.66144943237305,96.38623046875,96.40535736083984,94.93307495117188,95.02867889404297,10043901
2007-01-17,51.251522064208984,95.62141418457031,96.46271514892578,95.5066909790039,96.26194763183594,8577932
2007-01-18,50.959442138671875,95.07648468017578,95.55449676513672,94.56022644042969,95.41108703613281,15309361
2007-01-19,49.278717041015625,91.94072723388672,92.5908203125,90.3919677734375,90.82218170166016,27233447
2007-01-22,49.76039123535156,92.83938598632812,92.95410919189453,91.8929214477539,92.17973327636719,14162108
2007-01-23,49.74501419067383,92.81070709228516,93.0975112915039,91.96940612792969,92.64818572998047,10812920
2007-01-24,49.908992767333984,93.11663818359375,93.2887191772461,92.33269500732422,92.81070709228516,5962200
2007-01-25,49.96535873413086,93.22179412841797,93.61376953125,92.94454956054688,92.94454956054688,6486560
2007-01-26,49.93461608886719,93.16443634033203,93.52772521972656,92.58126068115234,93.23136138916016,6036571
2007-01-29,50.4931526184082,94.20649719238281,94.32122039794922,93.16443634033203,93.4034423828125,7630361
2007-01-30,50.918453216552734,95.0,95.07648468017578,94.16825866699219,94.23518371582031,7508083
2007-01-31,50.805728912353516,94.7896728515625,95.10516357421875,94.02485656738281,94.45507049560547,6728500
2007-02-01,50.72885513305664,94.64627075195312,94.818359375,93.65200805664062,94.61759185791016,6914792
2007-02-02,50.815982818603516,94.80879211425781,95.34416961669922,94.53154754638672,94.74187469482422,6962490
2007-02-05,51.43600082397461,95.96558380126953,96.02294158935547,94.55066680908203,94.80879211425781,8561301
2007-02-06,51.16442108154297,95.45889282226562,95.98470306396484,95.16252136230469,95.602294921875,6833309
2007-02-07,51.159271240234375,95.16252136230469,95.94646453857422,94.76099395751953,95.41108703613281,8052317
2007-02-08,51.200401306152344,95.23900604248047,95.35372924804688,94.31166076660156,94.55066680908203,6435201
2007-02-09,50.65045928955078,94.216064453125,95.31549072265625,93.50860595703125,95.14340209960938,6381018
2007-02-12,50.66586685180664,94.24474334716797,94.83747863769531,93.90057373046875,94.45507049560547,5576226
2007-02-13,50.5168342590332,93.96749877929688,94.397705078125,93.4990463256836,94.26386260986328,5965129
2007-02-14,50.98454284667969,94.83747863769531,95.05735778808594,93.92925262451172,94.16825866699219,5904461
2007-02-15,50.840633392333984,94.56979370117188,95.14340209960938,94.14913940429688,94.7036361694336,5824756
2007-02-16,50.87660217285156,94.63671112060547,94.8852767944336,94.29254150390625,94.76099395751953,5021532
2007-02-20,51.06162643432617,94.98088073730469,95.08604431152344,94.216064453125,94.32122039794922,4313913
2007-02-21,50.9279899597168,94.73231506347656,95.0,94.35946655273438,94.55066680908203,4500310
2007-02-22,50.624759674072266,94.16825866699219,95.12428283691406,93.4703598022461,94.45507049560547,6171505
2007-02-23,50.22900390625,93.43212127685547,94.11090087890625,93.1261978149414,94.0726547241211,6648167
2007-02-26,49.80755615234375,92.64818572998047,93.55640411376953,92.21797180175781,93.55640411376953,6194517
2007-02-27,48.29140090942383,89.82791900634766,91.78776550292969,88.79541015625,91.77820587158203,12548548
2007-02-28,47.76716232299805,88.85277557373047,89.95220184326172,88.4034423828125,89.58891296386719,12752414
2007-03-01,47.422813415527344,88.21223449707031,88.95793151855469,84.86615753173828,86.28107452392578,13457522
2007-03-02,46.71868133544922,86.9024887084961,88.3078384399414,86.84512329101562,87.95410919189453,9886060
2007-03-05,47.1864013671875,87.77246856689453,88.0975112915039,86.13766479492188,86.28107452392578,10789385
2007-03-06,48.20915222167969,89.6749496459961,89.76099395751953,88.20267486572266,88.33651733398438,9606673
2007-03-07,48.28111267089844,89.80879211425781,90.67877960205078,89.50286865234375,89.83747863769531,10741479
2007-03-08,47.79799270629883,88.9101333618164,90.65009307861328,88.45124053955078,90.34416961669922,7744479
2007-03-09,47.941898345947266,89.17781829833984,89.86615753173828,88.73805236816406,89.36902618408203,6624318
2007-03-12,48.368492126464844,89.97132110595703,90.02867889404297,88.88145446777344,89.1873779296875,5785740
2007-03-13,47.648963928222656,88.63288879394531,90.31549072265625,88.54684448242188,89.73231506347656,7885899
2007-03-14,48.1886100769043,89.63671112060547,89.89483642578125,88.04971313476562,88.57552337646484,9114739
2007-03-15,48.02927017211914,89.34034729003906,89.83747863769531,89.0057373046875,89.29254150390625,6181860
2007-03-16,47.92650604248047,89.14913940429688,90.2963638305664,88.92925262451172,90.2963638305664,9130220
2007-03-19,48.30680847167969,89.85659790039062,90.17208099365234,89.2829818725586,89.818359375,4778233
2007-03-20,48.56892013549805,90.34416961669922,90.37284851074219,89.43594360351562,89.86615753173828,4769760
2007-03-21,49.01091384887695,91.16635131835938,91.5965576171875,89.7036361694336,90.34416961669922,8018218
2007-03-22,48.92354202270508,91.00382232666016,91.24282836914062,90.4875717163086,90.91778564453125,5962618
2007-03-23,48.841331481933594,90.85086059570312,91.03250122070312,90.4875717163086,90.65009307861328,4615475
2007-03-26,48.825904846191406,90.82218170166016,91.06118774414062,90.17208099365234,90.82218170166016,7038952
2007-03-27,48.687137603759766,90.56405639648438,90.85086059570312,90.05735778808594,90.54492950439453,4911807
2007-03-28,48.44560241699219,90.1147232055664,90.84130096435547,89.6749496459961,89.77055358886719,8501888
2007-03-29,48.60490798950195,90.41108703613281,90.9273452758789,89.82791900634766,90.49713134765625,7166669
2007-03-30,48.44560241699219,90.1147232055664,90.58317565917969,89.45507049560547,90.0956039428711,7989453
2007-04-02,48.93381881713867,91.02294158935547,91.3001937866211,89.92351531982422,90.35372924804688,6154350
2007-04-03,49.391265869140625,91.8738021850586,91.99808502197266,91.13766479492188,91.25238800048828,5994417
2007-04-04,49.44781494140625,91.97896575927734,92.20841217041016,91.36711120605469,91.58699798583984,4472905
2007-04-05,49.60710906982422,92.27533721923828,92.4952163696289,91.53919982910156,91.75907897949219,3459227
2007-04-09,49.65851974487305,92.37093353271484,92.67686462402344,91.8929214477539,92.18929290771484,5073728
2007-04-10,49.576271057128906,92.21797180175781,92.54302215576172,91.93116760253906,92.16061401367188,3761834
2007-04-11,48.90813446044922,90.97514343261719,92.44741821289062,90.77437591552734,92.26577758789062,6209997
2007-04-12,49.170265197753906,91.46271514892578,91.60611724853516,90.37284851074219,90.85086059570312,7411224
2007-04-13,48.789920806884766,90.75525665283203,91.53919982910156,90.43020629882812,91.53919982910156,6305079
2007-04-16,49.43239212036133,91.95028686523438,92.06501007080078,90.55449676513672,90.8126220703125,7180895
2007-04-17,49.91547775268555,92.84894561767578,93.36520385742188,91.79732513427734,92.06501007080078,10736144
2007-04-18,48.72311782836914,90.63097381591797,91.6921615600586,90.24856567382812,90.63097381591797,16601798
2007-04-19,48.46098709106445,90.14340209960938,90.6978988647461,89.86615753173828,90.34416961669922,9880098
2007-04-20,48.61006546020508,90.42064666748047,90.96558380126953,89.78011322021484,90.84130096435547,9769954
2007-04-23,48.93381881713867,91.02294158935547,91.52007293701172,90.86997985839844,90.97514343261719,7580780
2007-04-24,50.619632720947266,94.15869903564453,95.5066909790039,92.95410919189453,92.95410919189453,22437432
2007-04-25,52.146087646484375,96.99808502197266,97.22753143310547,94.38814544677734,94.397705078125,15509356
2007-04-26,51.85823440551758,96.46271514892578,97.03633117675781,95.80306243896484,96.55831909179688,9004491
2007-04-27,51.99702072143555,96.72084045410156,96.72084045410156,95.65965270996094,95.88909912109375,6423904
2007-04-30,52.531532287597656,97.71510314941406,98.4703598022461,96.5296401977539,96.66348266601562,10512718
2007-05-01,53.024959564208984,98.63288879394531,98.63288879394531,97.56214141845703,97.57170104980469,9068925
2007-05-02,52.53667449951172,97.72466278076172,98.60420989990234,97.63862609863281,98.27915954589844,7134034
2007-05-03,52.834800720214844,98.27915954589844,98.4703598022461,96.8929214477539,97.27533721923828,7638101
2007-05-04,52.916996002197266,98.43212127685547,98.4990463256836,97.75334930419922,98.23136138916016,5716181
2007-05-07,53.01979064941406,98.62332916259766,98.63288879394531,97.8967514038086,98.24092102050781,5878625
2007-05-08,53.29325866699219,98.74761199951172,98.84320831298828,97.71510314941406,97.9158706665039,6239390
2007-05-09,53.855655670166016,99.7896728515625,100.14340209960938,99.13957977294922,99.35946655273438,8794873
2007-05-10,54.01043701171875,100.07648468017578,100.4875717163086,99.14913940429688,99.25430297851562,9371951
2007-05-11,54.681190490722656,101.3193130493164,101.32887268066406,100.06692504882812,100.08604431152344,6303301
2007-05-14,54.46964645385742,100.9273452758789,101.57743835449219,100.181640625,101.15679168701172,5996300
2007-05-15,54.08784866333008,100.21988677978516,101.14722442626953,100.0956039428711,100.76481628417969,6384993
2007-05-16,54.62441635131836,101.21414947509766,101.23326873779297,99.93307495117188,100.47801208496094,5871721
2007-05-17,54.3354606628418,100.67877960205078,101.55831909179688,100.12428283691406,100.96558380126953,8060894
2007-05-18,55.71826171875,103.24092102050781,103.29827880859375,100.95602416992188,101.18547058105469,10310945
2007-05-21,55.22809982299805,102.33269500732422,103.25048065185547,102.17017364501953,102.93498992919922,7857761
2007-05-22,55.05266571044922,102.00764465332031,102.53346252441406,101.34799194335938,102.24665069580078,5557712
2007-05-23,54.474788665771484,100.93690490722656,102.2944564819336,100.62141418457031,102.1032485961914,4599157
2007-05-24,53.63379669189453,99.37858581542969,101.3193130493164,99.01529693603516,100.8126220703125,7244910
2007-05-25,54.26841735839844,100.55449676513672,100.79350280761719,99.2829818725586,99.3307876586914,6404658
2007-05-29,54.64504623413086,101.25238800048828,101.94072723388672,100.6692123413086,100.9273452758789,5669634
2007-05-30,55.17133712768555,102.22753143310547,102.39006042480469,100.58317565917969,100.76481628417969,7741446
2007-05-31,55.00107192993164,101.91204833984375,102.93498992919922,101.33843231201172,102.54302215576172,5332194
2007-06-01,54.970115661621094,101.85468292236328,102.5239028930664,101.35755157470703,101.93116760253906,5532503
2007-06-04,54.81016159057617,101.55831909179688,101.9024887084961,100.93690490722656,101.81644439697266,4780115
2007-06-05,54.60895538330078,101.18547058105469,101.86424255371094,100.8986587524414,101.86424255371094,5485433
2007-06-06,52.83921432495117,97.90631103515625,100.86997985839844,97.88719177246094,100.86042022705078,32186152
2007-06-07,52.52449035644531,97.32313537597656,98.63288879394531,97.09368896484375,97.95410919189453,15046292
2007-06-08,53.179744720458984,98.53728485107422,98.67112731933594,97.27533721923828,97.32313537597656,8594250
2007-06-11,53.257110595703125,98.6806869506836,99.42638397216797,97.99235534667969,98.34607696533203,8266643
2007-06-12,52.803096771240234,97.83938598632812,98.64244842529297,97.65774536132812,98.57552337646484,5835006
2007-06-13,53.205562591552734,98.5850830078125,98.71892547607422,97.60993957519531,98.32695770263672,6733730
2007-06-14,53.582176208496094,99.2829818725586,99.65583038330078,98.2887191772461,98.56596374511719,5403218
2007-06-15,54.22195816040039,100.46845245361328,100.56405639648438,99.31166076660156,99.63671112060547,9866186
2007-06-18,54.3458251953125,100.6978988647461,101.00382232666016,100.2772445678711,100.64053344726562,6651723
2007-06-19,54.9494743347168,101.81644439697266,101.96940612792969,100.28680419921875,100.31549072265625,6018684
2007-06-20,54.69151306152344,101.33843231201172,102.3135757446289,101.29063415527344,101.81644439697266,6842409
2007-06-21,55.00107192993164,101.91204833984375,102.2944564819336,100.96558380126953,101.11854553222656,5844839
2007-06-22,53.88660430908203,99.84703826904297,101.75907897949219,99.84703826904297,101.3001937866211,11305691
2007-06-25,54.22713088989258,100.47801208496094,101.11854553222656,99.9043960571289,100.12428283691406,8866314
2007-06-26,54.3458251953125,100.6978988647461,101.39579010009766,100.2103271484375,100.47801208496094,5470162
2007-06-27,54.39741134643555,100.79350280761719,100.83174133300781,99.80879211425781,100.14340209960938,5652375
2007-06-28,54.66571807861328,101.29063415527344,102.21797180175781,100.59273529052734,100.8795394897461,5680721
2007-06-29,54.30453109741211,100.62141418457031,101.8929214477539,99.52198791503906,101.3001937866211,7341246
2007-07-02,54.180702209472656,100.3919677734375,101.14722442626953,99.98088073730469,100.75525665283203,4917560
2007-07-03,54.990745544433594,101.8929214477539,102.37093353271484,100.61185455322266,100.86042022705078,4411923
2007-07-05,55.74920654296875,103.29827880859375,103.62332916259766,101.3193130493164,101.63479614257812,6977761
2007-07-06,56.25485610961914,104.23518371582031,104.83747863769531,102.92543029785156,103.04971313476562,9390151
2007-07-09,56.2238883972168,104.17781829833984,104.54110717773438,103.44168090820312,103.94837188720703,6324430
2007-07-10,56.04847717285156,103.85277557373047,104.34990692138672,103.48948669433594,103.77629089355469,6494928
2007-07-11,56.29096603393555,104.3021011352539,104.78011322021484,103.48948669433594,103.53728485107422,6158639
2007-07-12,56.383853912353516,104.47418975830078,104.82791900634766,103.46080017089844,104.54110717773438,9983129
2007-07-13,56.03298568725586,103.82408905029297,104.397705078125,103.34607696533203,103.96749877929688,7451809
2007-07-16,56.579917907714844,104.83747863769531,105.20076751708984,103.65200805664062,103.79541015625,9271953
2007-07-17,57.15261459350586,105.8986587524414,106.56787872314453,104.63671112060547,104.83747863769531,7970415
2007-07-18,57.31256866455078,106.19503021240234,106.95984649658203,105.20076751708984,105.40152740478516,10621189
2007-07-19,59.7788200378418,110.76481628417969,111.35755157470703,109.6080322265625,109.94264221191406,18076554
2007-07-20,59.23711013793945,109.76099395751953,110.76481628417969,108.92925262451172,109.79923248291016,12244790
2007-07-23,60.047122955322266,111.26194763183594,111.30975341796875,109.79923248291016,109.82791900634766,8410781
2007-07-24,59.93878173828125,111.06118774414062,111.85468292236328,109.96176147460938,110.24856567382812,10982268
2007-07-25,60.934566497802734,112.90631103515625,113.17399597167969,110.17208099365234,111.08030700683594,11861640
2007-07-26,60.12454605102539,111.40535736083984,113.59464263916016,110.43977355957031,111.86424255371094,17595917
2007-07-27,59.65501022338867,110.53536987304688,112.76290893554688,110.53536987304688,111.49139404296875,18973080
2007-07-30,59.08743667602539,109.48374938964844,110.65965270996094,108.52772521972656,109.94264221191406,15789788
2007-07-31,57.09070587158203,105.783935546875,109.6749496459961,105.181640625,109.6749496459961,18635745
2007-08-01,57.80788803100586,107.11280822753906,107.77246856689453,105.21988677978516,105.53536987304688,12960254
2007-08-02,58.42189407348633,108.25048065185547,109.03441619873047,106.5965576171875,107.17017364501953,11839569
2007-08-03,57.73050308227539,106.96940612792969,109.15869903564453,106.78776550292969,108.26004028320312,10011580
2007-08-06,58.76240158081055,108.88145446777344,108.88145446777344,106.78776550292969,107.04589080810547,7578793
2007-08-07,58.5766487121582,108.53728485107422,109.14913940429688,107.3135757446289,108.04971313476562,8390384
2007-08-08,58.499000549316406,108.011474609375,109.56022644042969,107.32313537597656,109.27342224121094,8034744
2007-08-09,57.33400344848633,105.86042022705078,109.45507049560547,105.86042022705078,105.8986587524414,9503956
2007-08-10,58.32294845581055,107.6864242553711,108.50860595703125,104.87571716308594,104.92351531982422,10033441
2007-08-13,58.35920715332031,107.75334930419922,108.93881225585938,107.37093353271484,108.02103424072266,6417733
2007-08-14,58.017452239990234,107.12236785888672,108.17399597167969,106.82600402832031,107.86807250976562,5873918
2007-08-15,57.592872619628906,106.33843231201172,107.88719177246094,105.07648468017578,106.11854553222656,12175649
2007-08-16,56.79548263549805,104.86615753173828,106.52007293701172,99.13957977294922,106.09942626953125,17492258
2007-08-17,57.421993255615234,106.02294158935547,107.71510314941406,103.88145446777344,106.95028686523438,15977232
2007-08-20,56.55210876464844,104.41682434082031,106.21414947509766,104.3307876586914,106.02294158935547,10292431
2007-08-21,56.45893478393555,104.24474334716797,105.26768493652344,103.32695770263672,104.11090087890625,8847591
2007-08-22,56.955997467041016,105.16252136230469,105.64053344726562,104.34990692138672,105.24856567382812,6620866
2007-08-23,57.70677947998047,106.54875946044922,106.76863861083984,105.17208099365234,105.54492950439453,8651466
2007-08-24,58.633644104003906,108.26004028320312,108.26959991455078,105.93690490722656,106.54875946044922,7383400
2007-08-27,58.737152099609375,108.45124053955078,108.84320831298828,107.83938598632812,108.03059387207031,5148203
2007-08-28,57.991580963134766,107.07456970214844,108.59464263916016,106.72084045410156,107.93498992919922,6282904
2007-08-29,59.322242736816406,109.53154754638672,109.92351531982422,107.14149475097656,107.9158706665039,7374091
2007-08-30,59.73650360107422,110.2963638305664,110.8986587524414,108.62332916259766,108.62332916259766,8112881
2007-08-31,60.419952392578125,111.55831909179688,112.18929290771484,110.46845245361328,110.88909912109375,7200246
2007-09-04,61.19662857055664,112.99235534667969,113.66156768798828,111.04206848144531,111.22370910644531,8441743
2007-09-05,61.03612518310547,112.69598388671875,112.95410919189453,111.42447662353516,112.3135757446289,6857053
2007-09-06,60.901493072509766,112.44741821289062,113.52772521972656,111.12810516357422,112.73422241210938,7090416
2007-09-07,59.829708099365234,110.46845245361328,111.82600402832031,110.25812530517578,111.0898666381836,7857238
2007-09-10,59.95913314819336,110.70745849609375,112.33269500732422,110.24856567382812,111.04206848144531,6399742
2007-09-11,60.761714935302734,112.18929290771484,112.60037994384766,110.93690490722656,111.23326873779297,8471240
2007-09-12,60.06267166137695,110.8986587524414,112.23709106445312,110.602294921875,111.806884765625,6576411
2007-09-13,60.036800384521484,110.85086059570312,111.85468292236328,110.65009307861328,111.18547058105469,5023624
2007-09-14,59.61220932006836,110.06692504882812,110.8986587524414,109.6080322265625,109.99044036865234,7222002
2007-09-17,59.296390533447266,109.48374938964844,110.181640625,109.27342224121094,109.65583038330078,5253430
2007-09-18,60.388893127441406,111.5009536743164,111.64435577392578,109.78011322021484,109.94264221191406,8200117
2007-09-19,60.40961456298828,111.53919982910156,112.03633117675781,110.68833923339844,111.75907897949219,10785515
2007-09-20,60.50798034667969,111.72084045410156,112.4760971069336,111.0898666381836,111.15679168701172,6073494
2007-09-21,60.46656036376953,111.64435577392578,112.90631103515625,111.23326873779297,112.7055435180664,9515776
2007-09-24,60.192138671875,111.13766479492188,112.26577758789062,110.75525665283203,111.75907897949219,5998078
2007-09-25,60.326759338378906,111.38623046875,112.41873931884766,110.6978988647461,110.91778564453125,7369279
2007-09-26,60.73579406738281,112.14149475097656,112.88719177246094,111.61567687988281,111.79732513427734,7003179
2007-09-27,60.948116302490234,112.53346252441406,113.011474609375,111.8929214477539,112.33269500732422,6102887
2007-09-28,60.99470520019531,112.61949920654297,113.2887191772461,111.95028686523438,111.988525390625,8075329
2007-10-01,61.63156509399414,113.79541015625,114.24474334716797,112.33269500732422,112.43785858154297,7089056
2007-10-02,61.28466033935547,113.15487670898438,114.34034729003906,112.94454956054688,114.06309509277344,7229429
2007-10-03,60.269805908203125,111.28107452392578,112.65774536132812,111.16635131835938,112.4760971069336,8278149
2007-10-04,59.90220260620117,110.602294921875,111.61567687988281,109.94264221191406,111.0898666381836,6461665
2007-10-05,60.2180290222168,111.18547058105469,111.57743835449219,110.3919677734375,111.06118774414062,6013872
2007-10-08,60.979164123535156,112.5908203125,113.03059387207031,110.783935546875,110.9942626953125,5044753
2007-10-09,61.253604888916016,113.0975112915039,113.2887191772461,111.3001937866211,112.66730499267578,5931448
2007-10-10,61.41928482055664,113.4034423828125,113.57552337646484,112.5047836303711,112.81070709228516,6185835
2007-10-11,61.124141693115234,112.85850524902344,116.11854553222656,112.20841217041016,113.75717163085938,13617665
2007-10-12,60.9998664855957,112.62906646728516,113.66156768798828,112.12236785888672,113.2887191772461,5916385
2007-10-15,61.11382293701172,112.83938598632812,113.16443634033203,111.61567687988281,112.76290893554688,6555596
2007-10-16,61.926727294921875,114.34034729003906,114.66539001464844,112.33269500732422,112.82982635498047,12057556
2007-10-17,59.94877624511719,110.68833923339844,112.82026672363281,109.13002014160156,112.82026672363281,18933123
2007-10-18,59.44133758544922,109.75143432617188,111.29063415527344,109.40726470947266,109.77055358886719,8092379
2007-10-19,58.13652801513672,107.34225463867188,109.87571716308594,106.88336181640625,108.96749877929688,10802251
2007-10-22,58.700931549072266,108.38432312011719,108.87189483642578,106.08030700683594,106.0898666381836,7925437
2007-10-23,59.37921142578125,109.63671112060547,109.75143432617188,108.50860595703125,108.77629089355469,5818793
2007-10-24,58.48345947265625,107.98279571533203,109.41682434082031,106.76863861083984,109.17781829833984,8443940
2007-10-25,58.41099166870117,107.84894561767578,109.36902618408203,106.77820587158203,108.33651733398438,6819815
2007-10-26,58.8873405456543,108.7284927368164,108.98661804199219,107.14149475097656,108.03059387207031,5261694
2007-10-29,59.44133758544922,109.75143432617188,109.95220184326172,108.84320831298828,108.8910140991211,5337947
2007-10-30,59.08926773071289,109.1013412475586,109.84703826904297,108.74761199951172,109.46463012695312,4200213
2007-10-31,60.12481689453125,111.01338195800781,111.13766479492188,108.29827880859375,109.7036361694336,7548773
2007-11-01,58.845916748046875,108.65200805664062,110.98470306396484,108.33651733398438,110.42064666748047,7943742
2007-11-02,59.332603454589844,109.55066680908203,110.08604431152344,108.57552337646484,109.38814544677734,6396081
2007-11-05,58.71643829345703,108.41300201416016,110.04779815673828,107.86807250976562,110.04779815673828,7484444
2007-11-06,58.59736633300781,108.193115234375,108.93881225585938,106.75907897949219,108.4990463256836,7635486
2007-11-07,57.719200134277344,106.19503021240234,108.64244842529297,106.02294158935547,108.56596374511719,7413002
2007-11-08,55.13671875,101.44359588623047,105.46845245361328,99.41682434082031,101.00382232666016,24154441
2007-11-09,52.09175109863281,95.84130096435547,100.30592346191406,94.9043960571289,100.30592346191406,18915969
2007-11-12,52.71528244018555,96.988525390625,99.6080322265625,96.2715072631836,97.4091796875,14177066
2007-11-13,54.700225830078125,100.64053344726562,101.0898666381836,97.99235534667969,98.21223449707031,11273683
2007-11-14,53.74932098388672,98.8910140991211,101.73995971679688,98.31739807128906,101.45315551757812,8842466
2007-11-15,53.832462310791016,99.04397583007812,100.9942626953125,98.5181655883789,98.6998062133789,8392686
2007-11-16,54.45082473754883,100.181640625,100.38240814208984,98.70936584472656,99.91395568847656,9721524
2007-11-19,53.11538314819336,97.72466278076172,100.75525665283203,96.88336181640625,99.75143432617188,9939301
2007-11-20,53.738929748535156,98.87189483642578,100.35372924804688,96.9216079711914,98.0783920288086,8779496
2007-11-21,53.11538314819336,97.72466278076172,99.5124282836914,96.95028686523438,96.95028686523438,7423671
2007-11-23,54.06630325317383,99.47418975830078,99.56022644042969,97.82026672363281,98.56596374511719,2957774
2007-11-26,52.98549270629883,97.48565673828125,100.52581024169922,97.24665069580078,99.6749496459961,7678372
2007-11-27,53.95197296142578,99.26386260986328,99.98088073730469,97.03633117675781,98.18355560302734,9536905
2007-11-28,55.79144287109375,102.64818572998047,103.50860595703125,99.77055358886719,100.2103271484375,9829994
2007-11-29,55.85896301269531,102.77246856689453,103.1261978149414,101.57743835449219,102.5239028930664,8173235
2007-11-30,54.65345764160156,100.55449676513672,104.38814544677734,99.35946655273438,103.79541015625,13493609
2007-12-03,54.99123764038086,101.17591094970703,102.42829895019531,99.98088073730469,100.90821838378906,8283065
2007-12-04,55.406890869140625,101.94072723388672,102.69598388671875,100.1147232055664,100.77437591552734,6654443
2007-12-05,56.2019157409668,103.4034423828125,103.74761199951172,102.27533721923828,103.08795166015625,6370558
2007-12-06,57.00213623046875,104.87571716308594,105.16252136230469,103.18355560302734,103.25048065185547,5560013
2007-12-07,56.56564712524414,104.0726547241211,105.16252136230469,103.20267486572266,104.85659790039062,6260833
2007-12-10,56.841068267822266,104.57935333251953,105.41108703613281,104.20649719238281,104.56979370117188,4646541
2007-12-11,55.5939826965332,102.28489685058594,105.54492950439453,101.77820587158203,104.53154754638672,8827926
2007-12-12,56.36299133300781,103.6998062133789,105.35372924804688,102.65774536132812,104.36902618408203,8242271
2007-12-13,56.21229553222656,103.42256164550781,103.86233520507812,102.23709106445312,103.25048065185547,6540429
2007-12-14,54.96004104614258,101.11854553222656,102.82982635498047,99.52198791503906,102.5908203125,10157915
2007-12-17,54.31572723388672,99.93307495117188,101.32887268066406,99.42638397216797,100.73613739013672,7459131
2007-12-18,55.240623474121094,101.63479614257812,102.26577758789062,99.55066680908203,100.45889282226562,8411932
2007-12-19,55.671897888183594,102.42829895019531,103.61376953125,101.21414947509766,101.85468292236328,7354531
2007-12-20,56.55527114868164,104.05353546142578,104.6749496459961,102.87763214111328,103.04015350341797,8400321
2007-12-21,57.70361328125,106.16635131835938,106.2715072631836,104.34990692138672,105.06692504882812,13855944
2007-12-24,58.015411376953125,106.73995971679688,107.07456970214844,105.68833923339844,106.30975341796875,2450150
2007-12-26,57.9686279296875,106.65392303466797,107.25621032714844,106.02294158935547,106.02294158935547,4026472
2007-12-27,56.95016098022461,104.78011322021484,106.40535736083984,104.6749496459961,105.6692123413086,4721226
2007-12-28,57.20478820800781,105.24856567382812,105.88909912109375,104.31166076660156,105.88909912109375,6102887
2007-12-31,56.170780181884766,103.34607696533203,105.16252136230469,102.54302215576172,104.69407653808594,5995986
2008-01-02,54.39883804321289,100.08604431152344,104.19693756103516,99.58891296386719,104.19693756103516,9940661
2008-01-03,54.50795364379883,100.28680419921875,100.9273452758789,99.40726470947266,100.21988677978516,7875229
2008-01-04,52.54900360107422,96.68260192871094,99.37858581542969,96.06118774414062,99.37858581542969,11542192
2008-01-07,51.98781204223633,95.65009307861328,96.55831909179688,94.6749496459961,95.84130096435547,13232318
2008-01-08,50.70955276489258,93.29827880859375,95.96558380126953,92.8967514038086,95.65009307861328,9868382
2008-01-09,51.08369064331055,93.98661804199219,94.7896728515625,92.88719177246094,93.46080017089844,11424517
2008-01-10,51.920265197753906,95.52581024169922,96.42447662353516,92.87763214111328,93.1070785522461,11123896
2008-01-11,50.751129150390625,93.37476348876953,95.08604431152344,92.77246856689453,94.83747863769531,9372055
2008-01-14,53.48432159423828,98.4034423828125,100.94646453857422,96.8738021850586,100.3919677734375,18837832
2008-01-15,52.91273880004883,97.35181427001953,100.03823852539062,96.77820587158203,97.54302215576172,12164457
2008-01-16,52.80883026123047,97.16061401367188,98.33651733398438,95.73613739013672,95.73613739013672,13265058
2008-01-17,52.53343200683594,96.65392303466797,98.90057373046875,95.65009307861328,97.51434326171875,12482964
2008-01-18,53.728538513183594,98.85277557373047,102.02677154541016,97.99235534667969,102.02677154541016,24969798
2008-01-22,52.59577178955078,96.76863861083984,98.55640411376953,94.216064453125,94.216064453125,15825457
2008-01-23,55.13153076171875,101.43403625488281,101.66348266601562,94.16825866699219,95.24856567382812,20489153
2008-01-24,55.55241012573242,102.20841217041016,102.78202819824219,100.07648468017578,101.70172119140625,13624882
2008-01-25,54.310523986816406,99.92351531982422,103.04971313476562,99.52198791503906,103.04971313476562,10486568
2008-01-28,54.5495491027832,100.36328887939453,101.11854553222656,99.26386260986328,99.84703826904297,8219991
2008-01-29,55.13153076171875,101.43403625488281,102.1032485961914,100.0,100.86042022705078,6920545
2008-01-30,54.8976936340332,101.00382232666016,102.9158706665039,100.24856567382812,101.19503021240234,7772931
2008-01-31,55.65631103515625,102.39962005615234,103.22179412841797,99.13957977294922,99.62715148925781,9471112
2008-02-01,56.679988861083984,104.2829818725586,104.58891296386719,101.20458984375,102.44741821289062,8417267
2008-02-04,56.08241271972656,103.18355560302734,104.20649719238281,102.51434326171875,103.8910140991211,6260833
2008-02-05,54.57032012939453,100.40152740478516,103.29827880859375,100.07648468017578,102.35181427001953,9465149
2008-02-06,54.03307342529297,99.03441619873047,101.806884765625,99.02485656738281,100.43020629882812,8645922
2008-02-07,53.38105010986328,97.83938598632812,99.42638397216797,96.17591094970703,98.36520385742188,11773567
2008-02-08,53.86618423461914,98.7284927368164,99.11090087890625,97.58126068115234,97.69598388671875,6365538
2008-02-11,54.84154510498047,100.51625061035156,100.90821838378906,98.34607696533203,98.5181655883789,6378822
2008-02-12,55.566593170166016,101.84512329101562,102.60993957519531,100.0956039428711,100.53536987304688,8002109
2008-02-13,56.552433013916016,103.65200805664062,104.13957977294922,102.1032485961914,102.41873931884766,6912177
2008-02-14,55.35795974731445,101.46271514892578,103.7284927368164,100.86042022705078,103.193115234375,7678268
2008-02-15,55.37360763549805,101.49139404296875,101.57743835449219,100.38240814208984,100.64053344726562,6522438
2008-02-19,54.76853942871094,100.38240814208984,102.88719177246094,100.03823852539062,102.23709106445312,7715714
2008-02-20,56.255104064941406,103.1070785522461,103.45124053955078,99.93307495117188,100.79350280761719,8023866
2008-02-21,55.77523422241211,102.22753143310547,104.78011322021484,101.74951934814453,103.34607696533203,8711088
2008-02-22,56.36985778808594,103.31739807128906,103.70936584472656,101.06118774414062,102.42829895019531,8281391
2008-02-25,57.41828918457031,105.23900604248047,105.46845245361328,102.7055435180664,102.7055435180664,8533268
2008-02-26,59.66117858886719,109.34990692138672,109.93307495117188,104.25430297851562,104.7036361694336,19509469
2008-02-27,60.74614715576172,111.33843231201172,111.5009536743164,107.94454956054688,108.83364868164062,12400225
2008-02-28,60.109764099121094,110.17208099365234,110.80306243896484,109.52198791503906,110.51625061035156,7559651
2008-02-29,59.38994216918945,108.85277557373047,110.07648468017578,108.36520385742188,109.02485656738281,8864955
2008-03-03,59.58293533325195,109.20649719238281,109.76099395751953,108.48948669433594,108.85277557373047,6627142
2008-03-04,60.35493087768555,110.62141418457031,110.63097381591797,107.79158782958984,108.41300201416016,8988592
2008-03-05,60.188018798828125,110.31549072265625,111.29063415527344,109.22562408447266,111.29063415527344,8822173
2008-03-06,58.691009521484375,107.57170104980469,110.08604431152344,107.3135757446289,110.0,8387246
2008-03-07,59.43167495727539,108.92925262451172,109.7036361694336,106.88336181640625,106.93116760253906,8498645
2008-03-10,59.46819305419922,108.99617767333984,110.88909912109375,108.14531707763672,108.14531707763672,10195676
2008-03-11,60.761775970458984,111.36711120605469,111.43403625488281,109.02485656738281,110.70745849609375,10962708
2008-03-12,61.064308166503906,111.9216079711914,112.81070709228516,110.04779815673828,111.3193130493164,9501027
2008-03-13,60.459259033203125,110.8126220703125,111.64435577392578,108.64244842529297,110.602294921875,9988149
2008-03-14,60.104549407958984,110.16252136230469,111.39579010009766,107.73422241210938,110.96558380126953,10182392
2008-03-17,60.27147674560547,110.46845245361328,111.8929214477539,108.03059387207031,108.03059387207031,9707194
2008-03-18,61.76325988769531,113.20267486572266,113.22179412841797,108.80496978759766,111.47227478027344,10424959
2008-03-19,60.996490478515625,111.79732513427734,113.2887191772461,111.52007293701172,113.08795166015625,9742862
2008-03-20,61.72151565551758,113.1261978149414,113.26959991455078,111.52007293701172,111.94072723388672,11943123
2008-03-24,62.102294921875,113.82408905029297,114.52198791503906,112.93498992919922,113.35564422607422,8784308
2008-03-25,61.53376388549805,112.78202819824219,113.86233520507812,111.99808502197266,113.86233520507812,8832006
2008-03-26,60.980857849121094,111.76863861083984,112.78202819824219,109.9043960571289,112.41873931884766,10059487
2008-03-27,60.25582504272461,110.43977355957031,111.0898666381836,109.47418975830078,110.91778564453125,8825311
2008-03-28,59.76029586791992,109.53154754638672,111.61567687988281,109.1873779296875,110.76481628417969,6904541
2008-03-31,60.0576286315918,110.07648468017578,110.77437591552734,108.35564422607422,109.13002014160156,10153731
2008-04-01,60.761775970458984,111.36711120605469,113.16443634033203,109.91395568847656,110.13384246826172,12421668
2008-04-02,59.88545608520508,109.76099395751953,111.73995971679688,108.96749877929688,111.70172119140625,8375950
2008-04-03,60.516639709472656,110.91778564453125,111.68260192871094,108.85277557373047,109.32122039794922,7377333
2008-04-04,60.3809928894043,110.6692123413086,111.45315551757812,109.56022644042969,110.94646453857422,5996927
2008-04-07,60.66790008544922,111.19503021240234,112.20841217041016,110.72657775878906,111.25238800048828,6465535
2008-04-08,60.64701461791992,111.15679168701172,111.73995971679688,110.2103271484375,110.63097381591797,7618332
2008-04-09,60.90782928466797,111.63479614257812,112.54302215576172,110.63097381591797,111.37667083740234,7132779
2008-04-10,61.95624923706055,113.55640411376953,113.97705841064453,111.73995971679688,111.78776550292969,9570168
2008-04-11,60.50617599487305,110.8986587524414,112.61949920654297,110.43020629882812,112.15105438232422,9996413
2008-04-14,61.17386245727539,112.12236785888672,112.75334930419922,110.85086059570312,111.0898666381836,8101898
2008-04-15,61.116477966308594,112.01720428466797,112.4952163696289,110.45889282226562,111.95028686523438,9039532
2008-04-16,62.83778381347656,115.17208099365234,115.17208099365234,112.01720428466797,112.95410919189453,20206314
2008-04-17,64.19917297363281,117.66730499267578,118.27915954589844,115.3919677734375,117.00764465332031,19873059
2008-04-18,64.8876953125,118.92925262451172,119.50286865234375,117.73422241210938,118.4703598022461,13065377
2008-04-21,64.86160278320312,118.88145446777344,119.03441619873047,116.68260192871094,118.18355560302734,7272629
2008-04-22,64.50688171386719,118.23136138916016,118.88145446777344,117.60037994384766,118.42256164550781,5666705
2008-04-23,64.47040557861328,118.16443634033203,119.29254150390625,117.24665069580078,118.25048065185547,7942592
2008-04-24,64.77811431884766,118.7284927368164,119.40726470947266,117.33269500732422,117.95410919189453,6272548
2008-04-25,64.19917297363281,117.66730499267578,119.02485656738281,116.6921615600586,119.02485656738281,6603816
2008-04-28,63.4741325378418,116.33843231201172,117.63862609863281,116.29063415527344,117.21797180175781,5863039
2008-04-29,64.07919311523438,117.44741821289062,117.78202819824219,116.67304229736328,116.67304229736328,7558396
2008-04-30,62.95771408081055,115.3919677734375,118.06883239746094,115.20076751708984,117.9158706665039,8502202
2008-05-01,64.47561645507812,118.17399597167969,118.95793151855469,115.73613739013672,115.73613739013672,8608789
2008-05-02,64.25131225585938,117.76290893554688,118.54684448242188,116.40535736083984,117.87763214111328,7234764
2008-05-05,63.651466369628906,116.66348266601562,117.82982635498047,116.38623046875,116.91204833984375,6651828
2008-05-06,64.06353759765625,117.41873931884766,117.9158706665039,115.46845245361328,116.15679168701172,6182278
2008-05-07,65.01676940917969,118.6806869506836,119.48374938964844,117.02677154541016,117.38050079345703,11931513
2008-05-08,65.42525482177734,119.42638397216797,119.66539001464844,118.26004028320312,118.73805236816406,10244524
2008-05-09,64.974853515625,118.60420989990234,119.16825866699219,118.193115234375,118.90057373046875,5756033
2008-05-12,65.59285736083984,119.73231506347656,120.44933319091797,118.1261978149414,118.37476348876953,9065473
2008-05-13,66.29466247558594,121.01338195800781,121.12810516357422,119.53154754638672,119.61759185791016,10139296
2008-05-14,66.78697204589844,121.91204833984375,123.16443634033203,120.65009307861328,120.95602416992188,9297162
2008-05-15,67.27925872802734,122.81070709228516,123.02103424072266,121.3193130493164,121.73040008544922,7560383
2008-05-16,66.944091796875,122.1988525390625,122.82982635498047,121.22370910644531,122.81070709228516,6665217
2008-05-19,66.24752807617188,120.9273452758789,122.57170104980469,120.5066909790039,122.06501007080078,6678919
2008-05-20,65.56144714355469,119.6749496459961,120.5066909790039,118.97705841064453,120.5066909790039,7340514
2008-05-21,64.74440002441406,118.18355560302734,120.84130096435547,117.60993957519531,119.55066680908203,8717259
2008-05-22,65.31006622314453,119.216064453125,119.83747863769531,118.11663818359375,118.11663818359375,5262740
2008-05-23,65.04817962646484,118.73805236816406,119.41682434082031,118.32695770263672,118.88145446777344,4917769
2008-05-27,66.68222045898438,121.72084045410156,121.77820587158203,118.54684448242188,118.55640411376953,7310703
2008-05-28,67.84492492675781,123.84320831298828,123.84320831298828,121.40535736083984,121.8929214477539,10329878
2008-05-29,67.93395233154297,124.0057373046875,124.27342224121094,123.00191497802734,123.0975112915039,7909329
2008-05-30,67.78728485107422,123.73805236816406,124.27342224121094,123.13575744628906,123.53728485107422,9050933
2008-06-02,66.7031478881836,121.75907897949219,123.6806869506836,121.12810516357422,122.83938598632812,7948868
2008-06-03,66.95458221435547,122.21797180175781,123.32695770263672,121.85468292236328,121.86424255371094,7571157
2008-06-04,66.80270385742188,121.94072723388672,122.84894561767578,120.88909912109375,122.24665069580078,6728186
2008-06-05,67.28453063964844,122.82026672363281,123.36520385742188,121.60611724853516,121.806884765625,6436352
2008-06-06,65.43574523925781,119.44550323486328,122.5047836303711,119.25430297851562,122.15105438232422,8248965
2008-06-09,65.91759490966797,120.3250503540039,120.63097381591797,118.60420989990234,119.86615753173828,5840864
2008-06-10,65.95946502685547,120.40152740478516,121.14722442626953,119.14913940429688,119.38814544677734,5631873
2008-06-11,64.55062103271484,117.82982635498047,120.36328887939453,117.45697784423828,120.36328887939453,7538731
2008-06-12,64.8648681640625,118.4034423828125,119.58891296386719,117.71510314941406,118.4034423828125,7059036
2008-06-13,66.0694808959961,120.602294921875,121.00382232666016,118.69024658203125,118.94837188720703,6673062
2008-06-16,66.36273956298828,121.13766479492188,121.54875946044922,119.16825866699219,119.94264221191406,6569089
2008-06-17,65.5195541381836,119.59847259521484,121.51051330566406,119.13957977294922,121.51051330566406,5520683
2008-06-18,65.02721405029297,118.6998062133789,119.91395568847656,118.26004028320312,119.0726547241211,6918976
2008-06-19,65.4776382446289,119.52198791503906,120.0956039428711,116.97896575927734,118.23136138916016,7918429
2008-06-20,64.28350830078125,117.34225463867188,119.52198791503906,117.11280822753906,119.32122039794922,10067645
2008-06-23,64.66059875488281,118.03059387207031,119.02485656738281,117.01720428466797,117.5908203125,6121506
2008-06-24,64.66059875488281,118.03059387207031,118.78585052490234,116.53919982910156,117.66730499267578,7900333
2008-06-25,65.24717712402344,119.1013412475586,120.2963638305664,117.78202819824219,118.23136138916016,7459549
2008-06-26,63.44027328491211,115.80306243896484,118.37476348876953,115.44933319091797,118.00191497802734,10157288
2008-06-27,62.874671936035156,114.77055358886719,116.68260192871094,113.05927276611328,115.6978988647461,12196778
2008-06-30,62.078590393066406,113.31739807128906,114.93307495117188,112.95410919189453,114.75143432617188,8827194
2008-07-01,62.46614456176758,114.02485656738281,114.11090087890625,111.47227478027344,112.33269500732422,10532592
2008-07-02,62.37711715698242,113.86233520507812,115.24856567382812,112.92543029785156,113.20267486572266,8465487
2008-07-03,62.60755157470703,114.2829818725586,115.46845245361328,112.7055435180664,114.6749496459961,6396499
2008-07-07,63.63406753540039,116.15679168701172,117.24665069580078,114.35946655273438,114.35946655273438,9551131
2008-07-08,64.88054656982422,118.43212127685547,118.53728485107422,115.24856567382812,115.24856567382812,10264712
2008-07-09,63.057926177978516,115.10516357421875,119.02485656738281,115.10516357421875,118.74761199951172,9944008
2008-07-10,64.51395416259766,117.76290893554688,118.1070785522461,115.35372924804688,115.35372924804688,10516066
2008-07-11,63.95878982543945,116.74951934814453,118.29827880859375,115.26768493652344,116.44359588623047,9248104
2008-07-14,63.65502166748047,116.19503021240234,118.78585052490234,115.90821838378906,118.0783920288086,8700000
2008-07-15,64.52442169189453,117.78202819824219,119.02485656738281,114.62715148925781,115.67877960205078,11203183
2008-07-16,65.95946502685547,120.40152740478516,121.30975341796875,116.8738021850586,117.4091796875,10354145
2008-07-17,66.26324462890625,120.95602416992188,121.37667083740234,118.54684448242188,120.83174133300781,12863917
2008-07-18,68.0282211303711,124.17781829833984,124.2829818725586,119.9043960571289,120.2772445678711,19160419
2008-07-21,67.38406372070312,123.00191497802734,124.1873779296875,122.02677154541016,124.1204605102539,8137462
2008-07-22,68.08586120605469,124.2829818725586,124.2829818725586,121.66348266601562,121.8929214477539,11954316
2008-07-23,67.83444213867188,123.82408905029297,124.59847259521484,122.64818572998047,124.0726547241211,10700894
2008-07-24,68.08586120605469,124.2829818725586,125.17208099365234,123.13575744628906,123.38432312011719,9357830
2008-07-25,67.31592559814453,122.87763214111328,124.1873779296875,122.37093353271484,123.32695770263672,7913513
2008-07-28,66.12183380126953,120.6978988647461,122.79158782958984,120.58317565917969,122.07456970214844,6377253
2008-07-29,66.86029052734375,122.04589080810547,122.53346252441406,120.6978988647461,120.97514343261719,6254452
2008-07-30,67.48877716064453,123.193115234375,123.32695770263672,121.5009536743164,122.48565673828125,6094101
2008-07-31,67.02788543701172,122.35181427001953,123.80496978759766,122.12236785888672,122.46653747558594,6126736
2008-08-01,66.32609558105469,121.07074737548828,123.61376953125,120.72657775878906,122.86807250976562,5166926
2008-08-04,66.80793762207031,121.95028686523438,122.46653747558594,120.6978988647461,121.19503021240234,6270665
2008-08-05,67.49398803710938,123.20267486572266,123.23136138916016,121.49139404296875,122.56214141845703,7290515
2008-08-06,67.90939331054688,123.47992706298828,123.80496978759766,122.13192749023438,122.8011474609375,6541475
2008-08-07,67.85153198242188,123.37476348876953,124.25430297851562,122.27533721923828,122.65774536132812,6938641
2008-08-08,67.72538757324219,123.14531707763672,124.16825866699219,122.01720428466797,122.84894561767578,8955643
2008-08-11,66.56339263916016,121.03250122070312,122.78202819824219,120.21988677978516,122.78202819824219,7834958
2008-08-12,65.83784484863281,119.71319580078125,120.93690490722656,118.92925262451172,120.46845245361328,7318653
2008-08-13,66.14276123046875,120.26768493652344,121.40535736083984,119.26386260986328,119.50286865234375,6127259
2008-08-14,66.74214935302734,121.35755157470703,122.60993957519531,119.31166076660156,119.5124282836914,7126398
2008-08-15,66.43718719482422,120.80306243896484,121.5965576171875,119.83747863769531,121.4818344116211,5822245
2008-08-18,65.50658416748047,119.11090087890625,121.4149169921875,118.24092102050781,120.9273452758789,6244620
2008-08-19,64.43924713134766,117.17017364501953,119.3021011352539,116.64435577392578,118.193115234375,9739934
2008-08-20,64.4129638671875,117.12236785888672,118.5181655883789,116.64435577392578,118.06883239746094,7187694
2008-08-21,64.66532897949219,117.58126068115234,118.00191497802734,116.20458984375,116.23326873779297,6605490
2008-08-22,65.68534088134766,119.43594360351562,119.83747863769531,117.39962005615234,117.87763214111328,6264703
2008-08-25,64.5970230102539,117.45697784423828,119.43594360351562,117.30401611328125,119.0057373046875,6095460
2008-08-26,64.4076919555664,117.11280822753906,117.44741821289062,116.15679168701172,117.18929290771484,6504237
2008-08-27,64.87037658691406,117.95410919189453,119.35946655273438,116.806884765625,117.03633117675781,6112615
2008-08-28,65.50131225585938,119.1013412475586,119.93307495117188,118.14531707763672,118.60420989990234,5698817
2008-08-29,64.00285339355469,116.37667083740234,118.53728485107422,116.28107452392578,118.26959991455078,7485176
2008-09-02,62.25728225708008,113.20267486572266,118.54684448242188,112.71510314941406,117.46653747558594,12290291
2008-09-03,62.2204704284668,113.13575744628906,113.43212127685547,110.08604431152344,113.13575744628906,11837164
2008-09-04,60.464412689208984,109.94264221191406,113.67112731933594,109.84703826904297,112.8011474609375,10599955
2008-09-05,60.112117767333984,109.3021011352539,110.02867889404297,108.193115234375,109.13002014160156,9216724
2008-09-08,61.66841125488281,112.13192749023438,113.0783920288086,110.07648468017578,112.81070709228516,10933629
2008-09-09,60.48540496826172,109.98088073730469,112.90631103515625,109.94264221191406,112.60037994384766,8479190
2008-09-10,62.06275177001953,112.84894561767578,114.6749496459961,110.9942626953125,111.28107452392578,12397401
2008-09-11,62.672630310058594,113.95793151855469,114.1204605102539,111.00382232666016,111.47227478027344,10185320
2008-09-12,62.551734924316406,113.73805236816406,114.03441619873047,111.68260192871094,113.44168090820312,6940315
2008-09-15,60.56425857543945,110.12428283691406,113.20267486572266,110.12428283691406,110.28680419921875,10364082
2008-09-16,61.01641845703125,110.94646453857422,112.46653747558594,108.33651733398438,108.7284927368164,14302167
2008-09-17,58.60839080810547,106.56787872314453,110.42064666748047,105.74569702148438,109.74187469482422,12863708
2008-09-18,60.52745819091797,110.05735778808594,113.37476348876953,106.15679168701172,107.94454956054688,16730770
2008-09-19,62.48862075805664,113.62332916259766,118.54684448242188,112.33269500732422,114.3307876586914,15096500
2008-09-22,61.100563049316406,111.09942626953125,114.85659790039062,110.91778564453125,113.24092102050781,9250824
2008-09-23,60.653648376464844,110.28680419921875,112.97322845458984,109.1204605102539,111.09942626953125,8381389
2008-09-24,61.231990814208984,111.33843231201172,112.97322845458984,109.23518371582031,111.78776550292969,6876509
2008-09-25,63.15107727050781,114.82791900634766,116.62523651123047,111.01338195800781,112.57170104980469,6840003
2008-09-26,62.788307189941406,114.16825866699219,115.68833923339844,111.86424255371094,112.05545043945312,4979483
2008-09-29,60.18048095703125,109.42638397216797,113.22179412841797,105.1147232055664,112.27533721923828,10027688
2008-09-30,61.49489974975586,111.81644439697266,111.81644439697266,106.8929214477539,110.73613739013672,19865527
2008-10-01,57.903831481933594,105.28680419921875,111.66348266601562,103.011474609375,110.43020629882812,13738582
2008-10-02,55.06989669799805,100.13384246826172,105.13384246826172,98.50860595703125,103.70936584472656,11985277
2008-10-03,54.386409759521484,98.8910140991211,106.07074737548828,98.4990463256836,100.53536987304688,10081243
2008-10-06,52.90370178222656,96.19503021240234,98.4703598022461,92.35181427001953,96.75907897949219,12051384
2008-10-07,50.29059600830078,91.44359588623047,98.1070785522461,90.0956039428711,97.03633117675781,11941241
2008-10-08,47.609127044677734,86.56787872314453,93.193115234375,86.02294158935547,87.48565673828125,18807498
2008-10-09,46.794166564941406,85.08604431152344,91.11854553222656,84.34990692138672,91.09942626953125,22273106
2008-10-10,46.1369514465332,83.8910140991211,87.62906646728516,79.83747863769531,83.56596374511719,25770720
2008-10-13,48.4819450378418,88.15487670898438,89.4933090209961,83.1261978149414,86.46271514892578,17888274
2008-10-14,49.21274948120117,89.48374938964844,94.64627075195312,87.95410919189453,92.17973327636719,15809453
2008-10-15,46.42086410522461,84.40726470947266,91.09942626953125,83.85277557373047,88.69024658203125,11852017
2008-10-16,48.119117736816406,87.4952163696289,87.95410919189453,80.64053344726562,85.44933319091797,17019780
2008-10-17,47.73005294799805,86.78776550292969,91.6921615600586,83.85277557373047,87.71510314941406,15931312
2008-10-20,48.6396369934082,88.44168090820312,89.20649719238281,85.40152740478516,88.15487670898438,10195467
2008-10-21,46.7205696105957,84.95220184326172,88.39388275146484,84.6749496459961,88.16443634033203,10163354
2008-10-22,43.95499038696289,79.92351531982422,83.73805236816406,77.24665069580078,83.17399597167969,14851213
2008-10-23,44.34930419921875,80.64053344726562,82.11280822753906,77.43785858154297,80.3919677734375,12926468
2008-10-24,43.15052795410156,78.46080017089844,80.602294921875,75.35372924804688,75.783935546875,12852516
2008-10-27,41.883419036865234,76.15679168701172,80.783935546875,75.53536987304688,76.73995971679688,11609659
2008-10-28,45.88983917236328,83.44168090820312,83.75717163085938,76.02294158935547,77.82026672363281,14859371
2008-10-29,46.373558044433594,84.32122039794922,86.99808502197266,82.45697784423828,83.88145446777344,13275832
2008-10-30,47.682743072509766,86.70172119140625,88.33651733398438,84.99044036865234,87.00764465332031,12587355
2008-10-31,48.88151168823242,88.88145446777344,90.04779815673828,85.1147232055664,86.9024887084961,10989590
2008-11-03,48.72902297973633,88.60420989990234,90.5066909790039,88.11663818359375,88.56596374511719,8039870
2008-11-04,49.10760498046875,89.29254150390625,90.59273529052734,88.02103424072266,90.59273529052734,10640958
2008-11-05,47.28839874267578,85.98470306396484,89.29254150390625,85.75525665283203,88.84320831298828,9106685
2008-11-06,45.02021408081055,81.40535736083984,84.92351531982422,80.57361602783203,83.82408905029297,13098012
2008-11-07,45.61238098144531,82.4760971069336,82.8967514038086,80.54492950439453,82.00764465332031,8292479
2008-11-10,44.343448638916016,80.181640625,84.22562408447266,79.1013412475586,84.1204605102539,10130615
2008-11-11,43.745994567871094,79.1013412475586,80.58317565917969,76.72084045410156,79.58891296386719,10474226
2008-11-12,42.15985870361328,76.23326873779297,78.77629089355469,76.07074737548828,77.17973327636719,11891346
2008-11-13,44.5232048034668,80.5066909790039,80.67877960205078,72.0841293334961,76.11854553222656,15798366
2008-11-14,42.4718017578125,76.79732513427734,81.64435577392578,76.00382232666016,78.99617767333984,12576790
2008-11-17,40.96495056152344,74.0726547241211,76.23326873779297,73.76673126220703,75.90821838378906,10789804
2008-11-18,42.33961486816406,76.55831909179688,77.37093353271484,73.61376953125,75.65009307861328,13650928
2008-11-19,40.16658020019531,72.62906646728516,77.43785858154297,72.39962005615234,76.4149169921875,13186294
2008-11-20,37.93010330200195,68.5850830078125,74.94264221191406,67.4091796875,71.70172119140625,18445896
2008-11-21,39.590293884277344,71.58699798583984,73.59464263916016,66.44359588623047,69.54110717773438,20715507
2008-11-24,42.23915100097656,76.37667083740234,78.47992706298828,71.70172119140625,72.4091796875,15714267
2008-11-25,42.6409797668457,77.1032485961914,78.77629089355469,74.78011322021484,77.79158782958984,13095606
2008-11-26,43.18025207519531,78.0783920288086,78.193115234375,75.15296173095703,76.02294158935547,8619668
2008-11-28,43.14324951171875,78.011474609375,78.29827880859375,76.57743835449219,77.43785858154297,4088082
2008-12-01,40.658294677734375,73.5181655883789,77.78202819824219,73.41300201416016,77.39006042480469,10737190
2008-12-02,42.21272277832031,76.32887268066406,76.4818344116211,72.79158782958984,74.37858581542969,9733239
2008-12-03,42.65155029296875,77.12236785888672,77.43785858154297,73.60420989990234,75.16252136230469,10206659
2008-12-04,40.94380569458008,74.03441619873047,77.27533721923828,72.82982635498047,76.51051330566406,11416044
2008-12-05,42.6092643737793,77.04589080810547,77.9158706665039,71.99808502197266,73.4034423828125,11727752
2008-12-08,44.86689376831055,81.12810516357422,82.1032485961914,78.13575744628906,78.93881225585938,11691770
2008-12-09,43.71955871582031,79.05353546142578,81.67304229736328,78.5850830078125,80.13384246826172,9786794
2008-12-10,43.8094482421875,79.216064453125,81.25238800048828,78.23136138916016,80.25812530517578,8563602
2008-12-11,42.603981018066406,77.03633117675781,79.216064453125,76.26194763183594,77.9158706665039,11173790
2008-12-12,43.46048355102539,78.5850830078125,79.29254150390625,74.62715148925781,75.21988677978516,10859258
2008-12-15,43.7618522644043,79.13002014160156,79.86615753173828,76.4818344116211,78.88145446777344,9255217
2008-12-16,45.681087493896484,82.60037994384766,83.02103424072266,79.22562408447266,79.45507049560547,12091551
2008-12-17,45.38502883911133,82.06501007080078,83.43212127685547,80.93690490722656,81.68260192871094,8987232
2008-12-18,44.41218566894531,80.30592346191406,82.82982635498047,79.31166076660156,81.99808502197266,8398857
2008-12-19,44.15839767456055,79.84703826904297,81.47227478027344,79.32122039794922,81.47227478027344,13701136
2008-12-22,43.349464416503906,78.38432312011719,79.78011322021484,76.78776550292969,79.6080322265625,7409132
2008-12-23,42.61453628540039,77.05545043945312,79.16825866699219,76.60611724853516,78.7284927368164,6667622
2008-12-24,42.57225799560547,76.97896575927734,77.64818572998047,76.40535736083984,77.00764465332031,2526299
2008-12-26,43.000492095947266,77.75334930419922,78.20267486572266,77.00764465332031,77.37093353271484,3243960
2008-12-29,42.958229064941406,77.67686462402344,78.1261978149414,76.17591094970703,78.1261978149414,6341480
2008-12-30,44.17426300048828,79.87571716308594,79.96176147460938,77.93498992919922,78.23136138916016,6040022
2008-12-31,44.49678421020508,80.45889282226562,81.26194763183594,79.82791900634766,79.82791900634766,6974414
2009-01-02,46.1939811706543,83.52772521972656,83.73805236816406,80.20076751708984,80.20076751708984,7905877
2009-01-05,45.90315628051758,83.00191497802734,83.81452941894531,82.39006042480469,82.61949920654297,8698222
2009-01-06,47.1773796081543,85.30592346191406,86.43403625488281,82.57170104980469,83.27915954589844,10093377
2009-01-07,46.4160270690918,83.92925262451172,84.89483642578125,83.2887191772461,83.96749877929688,8844035
2009-01-08,46.09348678588867,83.34607696533203,84.26386260986328,82.1988525390625,83.94837188720703,7564463
2009-01-09,44.78227996826172,80.97514343261719,83.65200805664062,80.54492950439453,83.22179412841797,7782554
2009-01-12,45.316307067871094,81.94072723388672,82.79158782958984,80.70745849609375,80.85086059570312,8444044
2009-01-13,45.120670318603516,81.58699798583984,82.78202819824219,81.06118774414062,81.73995971679688,8009431
2009-01-14,43.98392868041992,79.53154754638672,81.0898666381836,78.4990463256836,80.49713134765625,9905620
2009-01-15,44.47562789916992,80.42064666748047,81.09942626953125,78.64244842529297,79.93307495117188,12274601
2009-01-16,44.89860916137695,81.18547058105469,81.96940612792969,79.42638397216797,80.88909912109375,11762584
2009-01-20,43.344173431396484,78.37476348876953,81.18547058105469,78.16443634033203,81.03250122070312,14434905
2009-01-21,48.335262298583984,87.39962005615234,87.57170104980469,82.21797180175781,82.4952163696289,26050630
2009-01-22,47.62152099609375,86.1089859008789,86.74951934814453,84.23518371582031,85.8795394897461,12918832
2009-01-23,47.314842224121094,85.55449676513672,86.7112808227539,83.94837188720703,84.5124282836914,10725370
2009-01-26,48.43044662475586,87.57170104980469,88.59464263916016,85.58317565917969,85.82218170166016,10293477
2009-01-27,48.462158203125,87.62906646728516,87.92543029785156,86.52007293701172,87.73422241210938,9121957
2009-01-28,50.13289260864258,90.65009307861328,90.76481628417969,87.86807250976562,88.62332916259766,14023931
2009-01-29,48.91154479980469,88.44168090820312,90.42064666748047,87.97322845458984,89.46463012695312,9658241
2009-01-30,48.45686340332031,87.61949920654297,89.36902618408203,87.23709106445312,88.17399597167969,10059382
2009-02-02,48.07618713378906,86.93116760253906,87.82026672363281,85.74569702148438,86.61567687988281,10383014
2009-02-03,49.4244270324707,89.36902618408203,89.6080322265625,86.19503021240234,87.06501007080078,9272267
2009-02-04,49.080753326416016,88.74761199951172,90.73613739013672,87.78202819824219,89.61759185791016,10658531
2009-02-05,48.858680725097656,88.34607696533203,89.1013412475586,87.20841217041016,88.0783920288086,12157553
2009-02-06,51.10731887817383,91.91204833984375,92.82982635498047,87.61949920654297,88.44168090820312,13656471
2009-02-09,51.46882247924805,92.56214141845703,92.71510314941406,90.55449676513672,91.7112808227539,8541427
2009-02-10,49.5816535949707,89.16825866699219,92.56214141845703,88.87189483642578,91.37667083740234,14164200
2009-02-11,50.58639144897461,90.97514343261719,91.55831909179688,88.9101333618164,89.36902618408203,11260922
2009-02-12,50.53849411010742,90.88909912109375,91.01338195800781,88.14531707763672,90.25812530517578,10373914
2009-02-13,49.88466262817383,89.71319580078125,90.9942626953125,89.45507049560547,90.62141418457031,7052550
2009-02-17,48.19951629638672,86.68260192871094,88.42256164550781,86.52007293701172,87.69598388671875,9313061
2009-02-18,48.64604568481445,87.48565673828125,88.193115234375,86.46271514892578,87.16061401367188,8883260
2009-02-19,47.274539947509766,85.01911926269531,88.1070785522461,84.56022644042969,87.05545043945312,13203344
2009-02-20,47.20012283325195,84.8852767944336,85.94646453857422,83.4990463256836,84.17781829833984,12971132
2009-02-23,44.8504638671875,80.65965270996094,85.40152740478516,80.4875717163086,85.37284851074219,14131042
2009-02-24,45.929595947265625,82.60037994384766,83.25048065185547,80.40152740478516,80.90821838378906,13509404
2009-02-25,45.663795471191406,82.12236785888672,83.2887191772461,79.20649719238281,82.21797180175781,13228134
2009-02-26,47.295799255371094,85.05735778808594,86.23326873779297,82.53346252441406,83.03059387207031,18224667
2009-02-27,48.9224967956543,87.98279571533203,89.17781829833984,84.13957977294922,84.24474334716797,22291515
2009-03-02,47.33832550048828,85.13384246826172,87.85850524902344,84.84703826904297,87.16061401367188,15932358
2009-03-03,46.65788269042969,83.9101333618164,86.21414947509766,83.35564422607422,86.19503021240234,14376329
2009-03-04,47.57223129272461,85.55449676513672,87.22753143310547,83.74761199951172,85.05735778808594,16099718
2009-03-05,46.50373840332031,83.63288879394531,86.19503021240234,83.193115234375,84.25430297851562,15616885
2009-03-06,45.615962982177734,82.03633117675781,84.36902618408203,80.12428283691406,83.62332916259766,15884556
2009-03-09,44.377376556396484,79.80879211425781,82.98279571533203,79.36902618408203,80.97514343261719,13756783
2009-03-10,46.381473541259766,83.41300201416016,83.41300201416016,79.96176147460938,81.36711120605469,16646881
2009-03-11,47.109745025634766,84.7227554321289,85.602294921875,82.90631103515625,83.66156768798828,12367799
2009-03-12,48.055992126464844,86.42447662353516,86.61567687988281,83.64244842529297,84.69407653808594,12373343
2009-03-13,48.034706115722656,86.38623046875,86.66348266601562,85.36328887939453,86.42447662353516,9531047
2009-03-16,48.49189758300781,87.20841217041016,88.9101333618164,86.55831909179688,87.61949920654297,12336210
2009-03-17,49.3902587890625,88.82408905029297,88.82408905029297,86.47227478027344,87.1032485961914,12018226
2009-03-18,48.879947662353516,87.90631103515625,88.81452941894531,85.47801208496094,85.52581024169922,18780198
2009-03-19,49.25739288330078,88.5850830078125,89.24474334716797,87.48565673828125,88.75717163085938,10354668
2009-03-20,49.17761993408203,88.44168090820312,90.82218170166016,88.1261978149414,89.06309509277344,12754819
2009-03-23,52.473514556884766,94.36902618408203,94.36902618408203,89.57935333251953,89.57935333251953,12977931
2009-03-24,52.25558853149414,93.97705841064453,95.17208099365234,93.23136138916016,93.39388275146484,9776648
2009-03-25,52.06951904296875,93.64244842529297,95.46845245361328,91.86424255371094,94.13957977294922,12569782
2009-03-26,52.5107307434082,94.43594360351562,94.83747863769531,93.45124053955078,94.13957977294922,11960592
2009-03-27,50.04945373535156,90.00955963134766,91.77820587158203,88.67112731933594,91.76863861083984,16469479
2009-03-30,50.24614334106445,90.36328887939453,90.57361602783203,87.76290893554688,87.95410919189453,11468344
2009-03-31,51.50603485107422,92.62906646728516,94.32122039794922,90.67877960205078,90.783935546875,15223170
2009-04-01,51.888763427734375,93.31739807128906,93.69024658203125,91.49139404296875,91.9024887084961,12774693
2009-04-02,53.595184326171875,96.38623046875,97.5047836303711,94.05353546142578,94.7896728515625,16965074
2009-04-03,54.33940505981445,97.72466278076172,98.14531707763672,95.3250503540039,95.34416961669922,11467193
2009-04-06,53.98854446411133,97.09368896484375,97.37093353271484,95.602294921875,96.46271514892578,9225511
2009-04-07,52.494789123535156,94.40726470947266,96.08030700683594,94.1873779296875,95.76481628417969,9171746
2009-04-08,53.7918701171875,96.73995971679688,97.0841293334961,94.64627075195312,95.07648468017578,7620319
2009-04-09,54.0629997253418,97.22753143310547,97.94454956054688,95.84130096435547,97.5239028930664,8382330
2009-04-13,53.13267517089844,95.55449676513672,97.17973327636719,94.68450927734375,95.86997985839844,8155871
2009-04-14,52.771202087402344,94.9043960571289,95.55449676513672,93.94837188720703,94.7227554321289,6565428
2009-04-15,52.547943115234375,94.50286865234375,94.7036361694336,92.1988525390625,93.9101333618164,8539753
2009-04-16,53.91945266723633,96.96940612792969,97.43785858154297,94.818359375,95.35372924804688,9685437
2009-04-17,53.83439636230469,96.81644439697266,97.55258178710938,95.30592346191406,96.73040008544922,10684053
2009-04-20,53.387840270996094,96.01338195800781,96.73995971679688,94.84703826904297,95.8795394897461,13100836
2009-04-21,54.38724899291992,97.81070709228516,97.97322845458984,93.88145446777344,94.08221435546875,15927128
2009-04-22,54.514835357666016,98.04015350341797,99.29254150390625,96.61567687988281,96.72084045410156,12677520
2009-04-23,53.91413116455078,96.95984649658203,98.26004028320312,95.41108703613281,98.13575744628906,9874658
2009-04-24,53.201820373535156,95.67877960205078,97.11280822753906,95.12428283691406,96.72084045410156,10624745
2009-04-27,53.13267517089844,95.55449676513672,97.21797180175781,94.92351531982422,95.22944641113281,9007524
2009-04-28,54.19055938720703,97.45697784423828,98.21223449707031,94.8852767944336,94.99044036865234,11621583
2009-04-29,55.306907653808594,99.46463012695312,100.38240814208984,97.1988525390625,97.4952163696289,10233750
2009-04-30,54.86567306518555,98.67112731933594,101.38623046875,98.32695770263672,99.95220184326172,11144607
2009-05-01,55.60990905761719,100.00955963134766,100.24856567382812,98.41300201416016,99.216064453125,6520973
2009-05-04,56.4498291015625,101.52007293701172,102.05545043945312,100.00955963134766,100.63097381591797,8696339
2009-05-05,56.26907730102539,101.19503021240234,102.12236785888672,100.86997985839844,101.33843231201172,7060500
2009-05-06,55.90571212768555,100.01911926269531,100.86042022705078,99.14913940429688,100.602294921875,7877321
2009-05-07,54.820919036865234,98.0783920288086,100.19120788574219,97.35181427001953,100.04779815673828,8913384
2009-05-08,54.233158111572266,97.02677154541016,99.1873779296875,95.43977355957031,99.02485656738281,12107973
2009-05-11,54.986602783203125,98.37476348876953,99.31166076660156,96.51051330566406,96.64435577392578,8632638
2009-05-12,55.542354583740234,99.36902618408203,99.7896728515625,97.86807250976562,98.45124053955078,8327834
2009-05-13,54.64462661743164,97.76290893554688,98.56596374511719,96.8929214477539,98.35564422607422,8579397
2009-05-14,53.998043060302734,96.60611724853516,98.193115234375,96.33843231201172,97.24665069580078,9879575
2009-05-15,54.16902542114258,96.91204833984375,98.53728485107422,96.14722442626953,96.46271514892578,8752300
2009-05-18,55.88434982299805,99.98088073730469,100.10516357421875,97.45697784423828,97.51434326171875,7771257
2009-05-19,56.38131332397461,100.86997985839844,101.45315551757812,99.42638397216797,99.74187469482422,7404843
2009-05-20,55.601131439208984,99.47418975830078,101.3193130493164,99.24474334716797,100.86997985839844,7408923
2009-05-21,54.94385528564453,98.29827880859375,98.70936584472656,97.26577758789062,98.53728485107422,7752429
2009-05-22,54.4468879699707,97.4091796875,98.76673126220703,97.27533721923828,98.15487670898438,5853625
2009-05-26,56.119476318359375,100.40152740478516,100.98470306396484,96.57743835449219,96.86424255371094,7542915
2009-05-27,55.002647399902344,98.4034423828125,100.54492950439453,98.38432312011719,99.75143432617188,7447102
2009-05-28,55.94310760498047,100.08604431152344,100.51625061035156,98.16443634033203,98.79541015625,6409365
2009-05-29,56.79276657104492,101.60611724853516,101.81644439697266,99.37858581542969,99.87571716308594,7187903
2009-06-01,57.90961456298828,103.60420989990234,103.8910140991211,101.97896575927734,102.23709106445312,8080350
2009-06-02,57.086666107177734,102.13192749023438,104.01529693603516,101.96940612792969,102.78202819824219,7369907
2009-06-03,56.90500259399414,101.806884765625,101.91204833984375,100.4875717163086,101.84512329101562,8041648
2009-06-04,56.81949996948242,101.65392303466797,102.17017364501953,100.95602416992188,101.5009536743164,5720051
2009-06-05,57.30575942993164,102.5239028930664,103.63288879394531,102.05545043945312,102.60993957519531,8017590
2009-06-08,57.439361572265625,102.76290893554688,103.23136138916016,100.86042022705078,101.95028686523438,6656535
2009-06-09,57.78672790527344,103.38432312011719,104.34034729003906,103.24092102050781,103.39388275146484,8980851
2009-06-10,57.898921966552734,103.5850830078125,104.47418975830078,102.34225463867188,104.397705078125,7926693
2009-06-11,58.459991455078125,104.58891296386719,105.77437591552734,103.78585052490234,103.96749877929688,9554478
2009-06-12,57.82410430908203,103.45124053955078,104.47418975830078,103.011474609375,103.63288879394531,7584441
2009-06-15,57.50881576538086,102.88719177246094,104.04397583007812,102.5239028930664,102.8967514038086,8961710
2009-06-16,57.34849166870117,102.60037994384766,104.34034729003906,102.55258178710938,103.6998062133789,7563626
2009-06-17,57.177528381347656,102.2944564819336,103.13575744628906,102.17973327636719,102.73422241210938,7705045
2009-06-18,56.81949996948242,101.65392303466797,102.8011474609375,101.45315551757812,102.22753143310547,6492417
2009-06-19,56.58437728881836,101.23326873779297,101.95984649658203,100.86042022705078,101.63479614257812,14182714
2009-06-22,55.85228729248047,99.92351531982422,101.22370910644531,99.64627075195312,100.55449676513672,7630988
2009-06-23,55.809539794921875,99.84703826904297,100.25812530517578,99.22562408447266,100.14340209960938,5389620
2009-06-24,55.654571533203125,99.56979370117188,101.79732513427734,99.15869903564453,100.75525665283203,6689379
2009-06-25,56.67519760131836,101.39579010009766,102.09368896484375,98.95793151855469,99.13957977294922,7218028
2009-06-26,56.47214126586914,101.03250122070312,101.81644439697266,100.43020629882812,101.81644439697266,5363783
2009-06-29,56.55231475830078,101.17591094970703,101.51051330566406,100.53536987304688,101.32887268066406,4897163
2009-06-30,55.798831939697266,99.82791900634766,101.36711120605469,99.24474334716797,101.04206848144531,7858180
2009-07-01,56.023319244384766,100.22944641113281,101.5965576171875,100.12428283691406,100.38240814208984,5792016
2009-07-02,54.36138153076172,97.25621032714844,99.34034729003906,97.25621032714844,99.23518371582031,7349928
2009-07-06,54.318634033203125,97.17973327636719,97.73422241210938,96.05162811279297,97.1032485961914,6822535
2009-07-07,53.538482666015625,95.783935546875,97.4760971069336,95.63097381591797,96.88336181640625,6993138
2009-07-08,53.800289154052734,96.25238800048828,96.72084045410156,95.12428283691406,95.8795394897461,7720317
2009-07-09,54.548404693603516,97.5908203125,98.26004028320312,96.4149169921875,96.67304229736328,6436247
2009-07-10,53.880428314208984,96.39579010009766,97.24665069580078,95.41108703613281,96.5296401977539,7809331
2009-07-13,55.37135696411133,99.06309509277344,99.09178161621094,95.783935546875,96.82600402832031,9931038
2009-07-14,55.17362976074219,98.70936584472656,99.06309509277344,98.011474609375,98.87189483642578,5662521
2009-07-15,57.29507827758789,102.5047836303711,102.5047836303711,100.0,100.14340209960938,9099259
2009-07-16,59.12260437011719,105.77437591552734,106.0898666381836,102.09368896484375,102.14149475097656,15687803
2009-07-17,61.67691421508789,110.34416961669922,110.44933319091797,108.18355560302734,108.42256164550781,21117589
2009-07-20,62.22197723388672,111.3193130493164,111.73995971679688,109.35946655273438,109.4933090209961,11173895
2009-07-21,62.54256820678711,111.8929214477539,111.8929214477539,110.30592346191406,110.77437591552734,8683578
2009-07-22,61.75706100463867,110.4875717163086,112.04589080810547,110.02867889404297,111.07074737548828,9218816
2009-07-23,62.55327606201172,111.91204833984375,112.81070709228516,110.0,110.0,8850624
2009-07-24,62.86318588256836,112.46653747558594,112.95410919189453,111.5009536743164,111.54875946044922,6549006
2009-07-27,62.85786437988281,112.45697784423828,112.73422241210938,111.44359588623047,111.806884765625,5302383
2009-07-28,62.67085647583008,112.12236785888672,112.35181427001953,111.22370910644531,111.5009536743164,6048913
2009-07-29,62.66013717651367,112.1032485961914,112.12236785888672,110.94646453857422,111.24282836914062,5335541
2009-07-30,62.98075866699219,112.67686462402344,114.1204605102539,112.4952163696289,112.81070709228516,7116043
2009-07-31,63.0181884765625,112.74378967285156,113.75717163085938,112.39006042480469,112.39006042480469,5574762
2009-08-03,64.08157348632812,114.64627075195312,114.68450927734375,113.4703598022461,113.65200805664062,6389177
2009-08-04,63.91056823730469,114.34034729003906,114.53154754638672,113.78585052490234,113.92925262451172,5223201
2009-08-05,63.30674743652344,113.26004028320312,113.76673126220703,112.67686462402344,113.3078384399414,5256987
2009-08-06,63.01681900024414,112.21797180175781,113.193115234375,111.56787872314453,113.1070785522461,6279243
2009-08-07,64.06370544433594,114.08221435546875,114.63671112060547,112.9158706665039,112.9158706665039,6028307
2009-08-10,63.725486755371094,113.47992706298828,113.94837188720703,112.78202819824219,112.97322845458984,4164440
2009-08-11,63.23695755004883,112.60993957519531,113.2887191772461,112.16061401367188,112.83938598632812,5067347
2009-08-12,64.04222869873047,114.04397583007812,114.68450927734375,112.25621032714844,112.42829895019531,6579026
2009-08-13,64.19794464111328,114.32122039794922,114.5124282836914,113.41300201416016,114.03441619873047,5741703
2009-08-14,63.65570068359375,113.35564422607422,114.47418975830078,112.44741821289062,114.04397583007812,5017034
2009-08-17,62.7376823425293,111.72084045410156,112.27533721923828,111.09942626953125,111.55831909179688,5595682
2009-08-18,63.15105438232422,112.45697784423828,112.81070709228516,111.5965576171875,111.67304229736328,4483365
2009-08-19,63.65570068359375,113.35564422607422,113.54684448242188,111.01338195800781,111.24282836914062,5060443
2009-08-20,63.859703063964844,113.71892547607422,114.15869903564453,112.90631103515625,113.23136138916016,5064418
2009-08-21,64.36972045898438,114.62715148925781,114.73231506347656,113.33651733398438,114.38814544677734,8688913
2009-08-24,64.058349609375,114.0726547241211,115.56405639648438,113.86233520507812,114.64627075195312,6656116
2009-08-25,63.795284271240234,113.60420989990234,114.86615753173828,113.48948669433594,114.0057373046875,4866201
2009-08-26,64.13885498046875,114.216064453125,114.57935333251953,112.34225463867188,113.42256164550781,4723213
2009-08-27,64.11739349365234,114.17781829833984,114.3307876586914,112.66730499267578,113.50860595703125,4557317
2009-08-28,63.46778869628906,113.02103424072266,114.94264221191406,112.5908203125,114.818359375,6522542
2009-08-31,63.37654113769531,112.85850524902344,112.86807250976562,111.77820587158203,111.95028686523438,5689612
2009-09-01,62.64638900756836,111.55831909179688,113.6998062133789,111.37667083740234,112.4952163696289,6593775
2009-09-02,62.32426071166992,110.98470306396484,112.0841293334961,110.8986587524414,111.22370910644531,5417025
2009-09-03,62.453128814697266,111.21414947509766,111.5965576171875,110.08604431152344,111.42447662353516,5163265
2009-09-04,63.059791564941406,112.2944564819336,112.33269500732422,111.09942626953125,111.45315551757812,3610478
2009-09-08,62.89872360229492,112.00764465332031,112.97322845458984,111.5009536743164,112.75334930419922,6064185
2009-09-09,62.683982849121094,111.62523651123047,112.4952163696289,111.05162811279297,111.88336181640625,5489513
2009-09-10,63.17251968383789,112.4952163696289,112.64818572998047,111.61567687988281,111.84512329101562,5114312
2009-09-11,63.37654113769531,112.85850524902344,114.0057373046875,112.30401611328125,112.61949920654297,6164810
2009-09-14,63.822105407714844,113.65200805664062,113.75717163085938,111.79732513427734,111.85468292236328,4977496
2009-09-15,64.074462890625,114.1013412475586,114.19693756103516,112.96366882324219,113.55640411376953,6836656
2009-09-16,65.40049743652344,116.46271514892578,116.63479614257812,114.05353546142578,114.24474334716797,11753588
2009-09-17,65.43270111083984,116.52007293701172,117.38050079345703,115.72657775878906,115.8126220703125,8778660
2009-09-18,65.55618286132812,116.73995971679688,117.4760971069336,116.2715072631836,117.06501007080078,10392847
2009-09-21,65.26626586914062,116.22370910644531,116.7112808227539,115.56405639648438,115.70745849609375,4722795
2009-09-22,65.28776550292969,116.26194763183594,116.73995971679688,115.65965270996094,116.72084045410156,5820676
2009-09-23,64.8636245727539,115.5066909790039,117.34225463867188,115.40152740478516,115.9273452758789,5792853
2009-09-24,64.9280776977539,115.62141418457031,116.3001937866211,115.10516357421875,115.38240814208984,5676433
2009-09-25,65.00321960449219,115.75525665283203,116.3001937866211,114.818359375,114.98088073730469,5426543
2009-09-28,64.06370544433594,114.08221435546875,116.63479614257812,113.70936584472656,115.21988677978516,8628036
2009-09-29,63.784549713134766,113.5850830078125,114.66539001464844,113.38432312011719,114.11090087890625,7059245
2009-09-30,64.21403503417969,114.34990692138672,114.7227554321289,112.38050079345703,113.93881225585938,8089032
2009-10-01,63.296016693115234,112.71510314941406,114.34990692138672,112.39006042480469,114.13957977294922,7392605
2009-10-02,63.89729690551758,113.78585052490234,114.397705078125,112.1032485961914,112.23709106445312,7930667
2009-10-05,64.28919219970703,114.48374938964844,114.89483642578125,112.93498992919922,113.67112731933594,5934272
2009-10-06,65.14816284179688,116.01338195800781,116.24282836914062,114.93307495117188,115.0956039428711,6965419
2009-10-07,65.91588592529297,117.38050079345703,117.44741821289062,115.62141418457031,115.79350280761719,6142112
2009-10-08,65.65283966064453,116.91204833984375,117.57170104980469,116.49139404296875,117.13192749023438,6796908
2009-10-09,67.60701751708984,120.3919677734375,120.45889282226562,116.9216079711914,117.04589080810547,13726763
2009-10-12,68.20291900634766,121.45315551757812,121.51051330566406,119.69407653808594,119.92351531982422,8086103
2009-10-13,68.19218444824219,121.43403625488281,121.78776550292969,120.65009307861328,120.6692123413086,7930040
2009-10-14,68.90621185302734,122.7055435180664,122.95410919189453,121.03250122070312,122.09368896484375,9984593
2009-10-15,68.70758056640625,122.35181427001953,122.37093353271484,120.76481628417969,121.95028686523438,12452212
2009-10-16,65.30388641357422,116.29063415527344,118.26004028320312,115.91778564453125,117.73422241210938,20100877
2009-10-19,66.06620788574219,117.64818572998047,117.93498992919922,116.26194763183594,116.40535736083984,7859749
2009-10-20,65.93736267089844,117.41873931884766,118.06883239746094,116.15679168701172,117.93498992919922,9184612
2009-10-21,64.89047241210938,115.55449676513672,118.65200805664062,115.54492950439453,116.806884765625,7500866
2009-10-22,65.8675537109375,117.2944564819336,117.5908203125,115.04779815673828,115.43977355957031,6304242
2009-10-23,64.61666107177734,115.06692504882812,117.64818572998047,114.7227554321289,117.54302215576172,7111963
2009-10-26,64.48245239257812,114.82791900634766,117.05545043945312,114.29254150390625,115.30592346191406,6839271
2009-10-27,64.77236938476562,115.34416961669922,116.76863861083984,113.9101333618164,114.89483642578125,9879888
2009-10-28,65.22870635986328,116.15679168701172,116.32887268066406,114.59847259521484,115.17208099365234,9184298
2009-10-29,65.9642105102539,117.46653747558594,117.61949920654297,116.25238800048828,116.77820587158203,6599632
2009-10-30,64.75090026855469,115.30592346191406,117.82982635498047,115.181640625,117.23709106445312,8066438
2009-11-02,64.72406768798828,115.25812530517578,116.56787872314453,114.24474334716797,115.45889282226562,7373672
2009-11-03,65.04618072509766,115.83174133300781,115.86042022705078,114.27342224121094,114.27342224121094,5969313
2009-11-04,65.11595153808594,115.95602416992188,117.11280822753906,115.83174133300781,116.11854553222656,6645552
2009-11-05,66.08767700195312,117.6864242553711,118.06883239746094,116.63479614257812,116.74951934814453,7010083
2009-11-06,66.59459686279297,118.05927276611328,118.05927276611328,116.85468292236328,117.12236785888672,5208662
2009-11-09,67.94819641113281,120.45889282226562,120.45889282226562,118.05927276611328,118.4703598022461,8121772
2009-11-10,68.43890380859375,121.32887268066406,121.46271514892578,119.66539001464844,119.7896728515625,6740947
2009-11-11,68.58991241455078,121.5965576171875,121.70172119140625,120.40152740478516,120.98470306396484,6831217
2009-11-12,68.08838653564453,120.70745849609375,122.03633117675781,120.56405639648438,121.04206848144531,5591288
2009-11-13,68.50360107421875,121.44359588623047,122.17973327636719,120.7170181274414,120.85086059570312,5208766
2009-11-16,69.13995361328125,122.57170104980469,122.60037994384766,121.44359588623047,121.57743835449219,8182335
2009-11-17,69.3664321899414,122.97322845458984,122.99235534667969,121.79732513427734,121.82600402832031,1074765
2009-11-18,69.10761260986328,122.51434326171875,122.7055435180664,121.94072723388672,122.41873931884766,4152725
2009-11-19,68.77864837646484,121.93116760253906,122.21797180175781,120.94646453857422,121.68260192871094,5552586
2009-11-20,68.4658432006836,121.37667083740234,122.07456970214844,120.8986587524414,121.57743835449219,5600493
2009-11-23,69.13455963134766,122.56214141845703,123.26959991455078,122.03633117675781,122.0841293334961,7325661
2009-11-24,68.98897552490234,122.30401611328125,122.67686462402344,121.54875946044922,122.27533721923828,5038059
2009-11-25,68.63844299316406,121.68260192871094,122.58126068115234,121.49139404296875,122.25621032714844,4150214
2009-11-27,67.7863998413086,120.17208099365234,121.05162811279297,118.79541015625,119.11090087890625,3471883
2009-11-30,68.13690185546875,120.79350280761719,121.03250122070312,119.42638397216797,119.61759185791016,6592624
2009-12-01,68.9943618774414,122.3135757446289,122.74378967285156,121.2715072631836,121.6921615600586,6881216
2009-12-02,68.6006851196289,121.61567687988281,122.74378967285156,121.56787872314453,121.72084045410156,4809403
2009-12-03,68.78404235839844,121.94072723388672,122.82026672363281,121.65392303466797,121.988525390625,6024960
2009-12-04,68.62225341796875,121.65392303466797,123.23136138916016,120.45889282226562,122.75334930419922,7393651
2009-12-07,68.5090103149414,121.45315551757812,121.9216079711914,121.02294158935547,121.3001937866211,4335042
2009-12-08,68.37960052490234,121.22370910644531,121.74951934814453,120.61185455322266,121.38623046875,5597564
2009-12-09,69.23702239990234,122.74378967285156,122.74378967285156,120.56405639648438,121.12810516357422,6351207
2009-12-10,69.74933624267578,123.65200805664062,123.77629089355469,122.45697784423828,122.4952163696289,7403379
2009-12-11,69.93268585205078,123.97705841064453,124.06309509277344,123.04971313476562,123.33651733398438,6900671
2009-12-14,70.0675048828125,124.216064453125,124.26386260986328,123.90057373046875,123.94837188720703,5440560
2009-12-15,69.29093170166016,122.83938598632812,124.14913940429688,122.3135757446289,123.76673126220703,8224280
2009-12-16,69.40958404541016,123.04971313476562,123.90057373046875,122.7055435180664,123.0783920288086,6665635
2009-12-17,68.70317840576172,121.79732513427734,122.90631103515625,121.5296401977539,122.37093353271484,6181337
2009-12-18,68.97818756103516,122.28489685058594,122.74378967285156,121.4149169921875,122.34225463867188,9525504
2009-12-21,69.3772201538086,122.99235534667969,123.26959991455078,122.06501007080078,122.17973327636719,4992035
2009-12-22,70.0675048828125,124.216064453125,124.26386260986328,123.50860595703125,123.61376953125,5790133
2009-12-23,70.10527801513672,124.2829818725586,124.2829818725586,123.61376953125,123.99617767333984,4317470
2009-12-24,70.41264343261719,124.82791900634766,124.82791900634766,123.78585052490234,124.17781829833984,4461295
2009-12-28,71.35096740722656,126.49139404296875,126.49139404296875,124.97132110595703,125.22944641113281,6067218
2009-12-29,71.1029281616211,126.05162811279297,126.54875946044922,126.00382232666016,126.46271514892578,4376673
2009-12-30,71.4911880493164,126.73995971679688,126.84512329101562,124.93307495117188,125.45889282226562,4044882
2009-12-31,70.59061431884766,125.14340209960938,127.00764465332031,125.0,126.58699798583984,4417676
2010-01-04,71.42644500732422,126.62523651123047,127.12236785888672,125.0956039428711,125.41108703613281,6438444
2010-01-05,70.56364440917969,125.0956039428711,126.05162811279297,124.37858581542969,125.88909912109375,7156104
2010-01-06,70.10527801513672,124.2829818725586,125.70745849609375,124.1013412475586,124.93307495117188,5863144
2010-01-07,69.86257934570312,123.85277557373047,124.52198791503906,123.24092102050781,124.15869903564453,6109268
2010-01-08,70.56364440917969,125.0956039428711,125.16252136230469,123.37476348876953,123.39388275146484,4390271
2010-01-11,69.82485961914062,123.78585052490234,125.2963638305664,123.011474609375,125.2963638305664,5993998
2010-01-12,70.38026428222656,124.77055358886719,125.55449676513672,123.32695770263672,123.35564422607422,8453249
2010-01-13,70.22930145263672,124.50286865234375,125.35372924804688,123.47992706298828,124.65583038330078,6752348
2010-01-14,71.35096740722656,126.49139404296875,126.8738021850586,124.19693756103516,124.80879211425781,7438943
2010-01-15,71.06513977050781,125.98470306396484,127.04589080810547,125.3250503540039,126.22370910644531,8885142
2010-01-19,72.33780670166016,128.2409210205078,128.34608459472656,125.77437591552734,125.84130096435547,14556345
2010-01-20,70.24006652832031,124.52198791503906,125.38240814208984,123.27915954589844,124.7227554321289,15896585
2010-01-21,69.56596374511719,123.32695770263672,124.94264221191406,122.42829895019531,124.73231506347656,10050596
2010-01-22,67.67852020263672,119.98088073730469,123.22179412841797,119.85659790039062,123.011474609375,10552676
2010-01-25,68.01287078857422,120.57361602783203,121.30975341796875,120.181640625,120.77437591552734,6002471
2010-01-26,67.8133773803711,120.21988677978516,122.13192749023438,119.89483642578125,120.38240814208984,7463524
2010-01-27,68.12611389160156,120.77437591552734,121.37667083740234,119.54110717773438,120.28680419921875,9120283
2010-01-28,66.73481750488281,118.3078384399414,121.45315551757812,117.63862609863281,121.44359588623047,10064821
2010-01-29,66.00139617919922,117.00764465332031,119.50286865234375,116.53919982910156,118.85277557373047,12103475
2010-02-01,67.23094177246094,119.1873779296875,119.45507049560547,117.38050079345703,117.81070709228516,7576073
2010-02-02,67.69470977783203,120.00955963134766,120.2772445678711,118.4990463256836,119.3021011352539,6171295
2010-02-03,67.76482391357422,120.13384246826172,120.52581024169922,119.56979370117188,119.65583038330078,4369247
2010-02-04,66.3303451538086,117.5908203125,119.92351531982422,117.4952163696289,119.68450927734375,9546737
2010-02-05,66.61078643798828,118.08795166015625,118.27915954589844,116.47227478027344,117.62906646728516,9013382
2010-02-08,66.02032470703125,116.52007293701172,117.8011474609375,116.38623046875,117.73422241210938,5981551
2010-02-09,66.74075317382812,117.79158782958984,118.73805236816406,117.07456970214844,117.25621032714844,6322547
2010-02-10,66.52410888671875,117.4091796875,118.21223449707031,116.83556365966797,117.53346252441406,5459179
2010-02-11,67.0224609375,118.2887191772461,118.73805236816406,116.6921615600586,117.18929290771484,5323094
2010-02-12,67.16874694824219,118.54684448242188,118.59464263916016,116.26194763183594,117.60037994384766,8386514
2010-02-16,67.83497619628906,119.7227554321289,119.7227554321289,118.65200805664062,119.41682434082031,7089056
2010-02-17,68.43081665039062,120.77437591552734,120.96558380126953,119.7036361694336,119.98088073730469,6095460
2010-02-18,69.2325210571289,122.18929290771484,122.37093353271484,120.45889282226562,120.58317565917969,5780091
2010-02-19,68.89669036865234,121.5965576171875,122.42829895019531,121.29063415527344,121.74951934814453,6593043
2010-02-22,68.71250915527344,121.2715072631836,121.82600402832031,120.75525665283203,121.70172119140625,3983273
2010-02-23,68.50123596191406,120.8986587524414,122.04589080810547,120.45889282226562,120.91778564453125,4803127
2010-02-24,69.11336517333984,121.97896575927734,122.62906646728516,121.23326873779297,121.43403625488281,5001972
2010-02-25,68.83171081542969,121.4818344116211,121.64435577392578,120.04779815673828,120.5066909790039,5919000
2010-02-26,68.88041687011719,121.56787872314453,122.37093353271484,121.16635131835938,121.42447662353516,5004273
2010-03-01,69.64419555664062,122.9158706665039,123.16443634033203,121.86424255371094,121.8929214477539,4788274
2010-03-02,69.02127838134766,121.81644439697266,123.41300201416016,121.53919982910156,123.04015350341797,6289912
2010-03-03,68.72876739501953,121.3001937866211,122.39006042480469,121.1089859008789,122.11280822753906,6683940
2010-03-04,68.64208221435547,121.14722442626953,121.4818344116211,119.95220184326172,121.4818344116211,6309786
2010-03-05,68.92918395996094,121.65392303466797,121.94072723388672,121.45315551757812,121.57743835449219,6422649
2010-03-08,68.47415161132812,120.85086059570312,121.8929214477539,120.80306243896484,121.47227478027344,6484468
2010-03-09,68.00829315185547,120.02867889404297,120.73613739013672,119.69407653808594,120.7170181274414,7875125
2010-03-10,68.0462417602539,120.0956039428711,120.80306243896484,119.7036361694336,120.44933319091797,7234345
2010-03-11,69.11876678466797,121.988525390625,122.18929290771484,120.181640625,120.181640625,8286621
2010-03-12,69.3029556274414,122.3135757446289,122.72466278076172,121.9024887084961,122.28489685058594,5407297
2010-03-15,69.24333953857422,122.20841217041016,122.69598388671875,121.68260192871094,121.79732513427734,4704594
2010-03-16,69.6983642578125,123.011474609375,123.21223449707031,121.84512329101562,122.37093353271484,6417105
2010-03-17,69.20543670654297,122.14149475097656,123.26004028320312,121.75907897949219,123.23136138916016,6640426
2010-03-18,69.54129791259766,122.73422241210938,123.08795166015625,121.84512329101562,121.85468292236328,5182302
2010-03-19,69.1783447265625,122.09368896484375,123.26004028320312,121.20458984375,122.09368896484375,11238538
2010-03-22,69.32462310791016,122.35181427001953,122.74378967285156,121.00382232666016,121.52007293701172,5911887
2010-03-23,70.07755279541016,123.6806869506836,123.73805236816406,122.02677154541016,122.3135757446289,6253511
2010-03-24,69.62251281738281,122.87763214111328,124.23518371582031,122.82026672363281,122.97322845458984,6976088
2010-03-25,70.00712585449219,123.55640411376953,124.98088073730469,123.45124053955078,123.67112731933594,7952947
2010-03-26,70.0179672241211,123.57552337646484,124.0726547241211,123.05927276611328,123.26004028320312,5806137
2010-03-29,69.65502166748047,122.93498992919922,124.23518371582031,122.61949920654297,123.61376953125,4856578
2010-03-30,69.75255584716797,123.1070785522461,123.45124053955078,122.60993957519531,123.23136138916016,3584224
2010-03-31,69.47084045410156,122.60993957519531,123.08795166015625,122.03633117675781,122.5908203125,5130421
2010-04-01,69.47084045410156,122.60993957519531,123.62332916259766,121.94072723388672,123.27915954589844,5209603
2010-04-05,70.06671905517578,123.66156768798828,124.09178161621094,122.5047836303711,122.73422241210938,4308160
2010-04-06,69.83920288085938,123.26004028320312,123.61376953125,122.41873931884766,123.02103424072266,4106910
2010-04-07,69.59542846679688,122.82982635498047,123.5850830078125,122.38050079345703,122.87763214111328,5394222
2010-04-08,69.12417602539062,121.99808502197266,122.5908203125,121.60611724853516,122.4091796875,6283217
2010-04-09,69.74710845947266,123.0975112915039,123.20267486572266,121.5296401977539,122.25621032714844,5423615
2010-04-12,69.53044128417969,122.71510314941406,123.2887191772461,122.60037994384766,122.9158706665039,4175946
2010-04-13,69.89337158203125,123.35564422607422,123.73805236816406,122.21797180175781,122.61949920654297,7132779
2010-04-14,71.09590911865234,125.47801208496094,125.64053344726562,123.76673126220703,124.02485656738281,8938907
2010-04-15,70.9009017944336,125.13384246826172,125.37284851074219,124.46463012695312,124.7896728515625,6720864
2010-04-16,70.76008605957031,124.8852767944336,126.35755157470703,124.52198791503906,124.93307495117188,9985325
2010-04-19,71.62677001953125,126.4149169921875,126.46271514892578,124.64627075195312,124.64627075195312,11875970
2010-04-20,70.2508544921875,123.98661804199219,124.59847259521484,122.61949920654297,123.5181655883789,15916459
2010-04-21,69.87171173095703,123.31739807128906,124.54110717773438,122.84894561767578,124.15869903564453,7906923
2010-04-22,69.94754791259766,123.45124053955078,123.67112731933594,122.15105438232422,122.98279571533203,6295351
2010-04-23,70.41337585449219,124.27342224121094,124.37858581542969,123.04971313476562,123.4034423828125,6482376
2010-04-26,70.81425476074219,124.98088073730469,125.2772445678711,123.84320831298828,124.05353546142578,5528528
2010-04-27,69.77962493896484,123.15487670898438,126.19503021240234,123.04971313476562,124.1873779296875,11418868
2010-04-28,70.47296905517578,124.37858581542969,124.73231506347656,123.35564422607422,123.70936584472656,7449926
2010-04-29,70.66799926757812,124.7227554321289,125.43977355957031,124.42638397216797,124.80879211425781,6053097
2010-04-30,69.87710571289062,123.32695770263672,124.89483642578125,123.17399597167969,124.69407653808594,6554968
2010-05-03,70.2021255493164,123.90057373046875,124.41682434082031,123.13575744628906,123.6998062133789,5221737
2010-05-04,69.4004135131836,122.48565673828125,123.26004028320312,121.00382232666016,123.22179412841797,8666110
2010-05-05,69.04293823242188,121.85468292236328,122.5908203125,121.29063415527344,121.5296401977539,6352149
2010-05-06,67.46943664550781,118.4703598022461,122.30401611328125,110.8986587524414,120.73613739013672,13774565
2010-05-07,66.47850799560547,116.73040008544922,118.91969299316406,114.7227554321289,117.93498992919922,11071701
2010-05-10,68.74893951416016,120.7170181274414,121.09942626953125,119.56022644042969,120.7170181274414,8853239
2010-05-11,69.08649444580078,121.30975341796875,122.77246856689453,119.64627075195312,119.7036361694336,6797849
2010-05-12,72.23892974853516,126.84512329101562,127.00764465332031,121.42447662353516,121.56787872314453,17391737
2010-05-13,71.58553314208984,125.6978988647461,127.24665069580078,125.0956039428711,125.17208099365234,10980699
2010-05-14,71.42766571044922,125.42064666748047,125.8795394897461,123.71892547607422,125.2963638305664,10376425
2010-05-17,71.01932525634766,124.7036361694336,125.96558380126953,123.04015350341797,124.93307495117188,9333876
2010-05-18,70.75253295898438,124.23518371582031,126.18547058105469,124.1873779296875,125.4875717163086,9759180
2010-05-19,70.15907287597656,123.193115234375,124.76099395751953,122.1988525390625,123.6806869506836,9068088
2010-05-20,67.40411376953125,118.35564422607422,122.33269500732422,118.24092102050781,121.62523651123047,13782619
2010-05-21,68.2861099243164,119.9043960571289,120.08604431152344,116.06118774414062,116.78776550292969,13220917
2010-05-24,67.75801849365234,118.97705841064453,120.47801208496094,118.5850830078125,119.75143432617188,7184556
2010-05-25,67.7961196899414,119.04397583007812,119.45507049560547,116.12810516357422,116.12810516357422,9931561
2010-05-26,67.09378814697266,117.81070709228516,120.40152740478516,117.5908203125,119.397705078125,9501027
2010-05-27,68.81425476074219,120.83174133300781,120.83174133300781,119.2829818725586,119.55066680908203,8081291
2010-05-28,68.19898986816406,119.75143432617188,120.72657775878906,118.82408905029297,120.42064666748047,7763307
2010-06-01,67.69810485839844,118.87189483642578,121.3001937866211,118.73805236816406,119.20649719238281,7463628
2010-06-02,69.36959838867188,121.806884765625,121.8929214477539,118.88145446777344,119.35946655273438,8059744
2010-06-03,69.66905212402344,122.33269500732422,122.58126068115234,120.8986587524414,122.13192749023438,6950984
2010-06-04,68.20991516113281,119.77055358886719,121.51051330566406,119.1873779296875,120.8126220703125,10113983
2010-06-07,67.58380889892578,118.67112731933594,120.3250503540039,118.67112731933594,120.04779815673828,7271164
2010-06-08,67.36054992675781,118.27915954589844,118.98661804199219,117.41873931884766,118.79541015625,8785563
2010-06-09,67.45854949951172,118.45124053955078,120.30592346191406,118.14531707763672,119.34034729003906,8154093
2010-06-10,69.51660919189453,122.06501007080078,122.58126068115234,120.26768493652344,120.44933319091797,7823766
2010-06-11,69.93585968017578,122.8011474609375,123.13575744628906,120.8795394897461,121.15679168701172,6087929
2010-06-14,69.96306610107422,122.84894561767578,124.25430297851562,122.83938598632812,122.84894561767578,7063638
2010-06-15,70.66543579101562,124.08221435546875,124.23518371582031,122.72466278076172,123.26004028320312,6958515
2010-06-16,70.97032165527344,124.61759185791016,124.93307495117188,122.69598388671875,122.69598388671875,6695446
2010-06-17,71.31334686279297,125.21988677978516,125.26768493652344,124.14913940429688,124.34990692138672,5827266
2010-06-18,70.86141204833984,124.42638397216797,125.47801208496094,124.40726470947266,125.25812530517578,10022144
2010-06-21,71.1336441040039,124.9043960571289,126.13766479492188,124.4933090209961,125.64053344726562,7173259
2010-06-22,70.3986587524414,123.61376953125,125.68833923339844,123.39388275146484,124.63671112060547,6307589
2010-06-23,70.83968353271484,124.38814544677734,125.68833923339844,123.41300201416016,123.56596374511719,7171167
2010-06-24,69.79430389404297,122.55258178710938,124.02485656738281,122.0841293334961,123.87189483642578,5821513
2010-06-25,69.21170043945312,121.5296401977539,123.42256164550781,121.5296401977539,122.69598388671875,10899738
2010-06-28,70.22442626953125,123.3078384399414,123.77629089355469,121.62523651123047,122.03633117675781,6626515
2010-06-29,68.10646057128906,119.58891296386719,122.75334930419922,118.66156768798828,121.74951934814453,9807505
2010-06-30,67.2298812866211,118.04971313476562,119.71319580078125,117.5908203125,119.34034729003906,8386828
2010-07-01,66.73442840576172,117.17973327636719,118.74761199951172,116.26194763183594,118.11663818359375,10190237
2010-07-02,66.34785461425781,116.5009536743164,117.86807250976562,115.30592346191406,117.86807250976562,6751407
2010-07-06,67.21898651123047,118.03059387207031,119.14913940429688,116.79732513427734,118.14531707763672,6640740
2010-07-07,69.14637756347656,121.4149169921875,121.5296401977539,118.04015350341797,118.04015350341797,7416454
2010-07-08,69.67453002929688,122.34225463867188,122.51434326171875,121.16635131835938,121.76863861083984,5689508
2010-07-09,69.66905212402344,122.33269500732422,122.56214141845703,121.6921615600586,122.27533721923828,4077308
2010-07-12,70.05562591552734,123.011474609375,123.16443634033203,121.56787872314453,121.76863861083984,4400417
2010-07-13,71.04110717773438,124.74187469482422,125.21988677978516,123.03059387207031,123.29827880859375,6995334
2010-07-14,71.17176055908203,124.97132110595703,125.8126220703125,123.46080017089844,123.63288879394531,6911131
2010-07-15,71.17176055908203,124.97132110595703,125.16252136230469,123.85277557373047,124.15869903564453,6471393
2010-07-16,69.70716857910156,122.39962005615234,124.42638397216797,122.22753143310547,124.24474334716797,7325033
2010-07-19,70.66543579101562,124.08221435546875,124.64627075195312,122.72466278076172,123.011474609375,8774476
2010-07-20,68.9013671875,120.98470306396484,120.9942626953125,117.5239028930664,117.56214141845703,17088920
2010-07-21,68.20447540283203,119.76099395751953,120.93690490722656,119.13957977294922,120.8795394897461,9011813
2010-07-22,69.40227508544922,121.86424255371094,122.16061401367188,120.5066909790039,120.76481628417969,7226814
2010-07-23,69.89775085449219,122.73422241210938,123.13575744628906,121.4149169921875,121.70172119140625,5311588
2010-07-26,69.91403198242188,122.76290893554688,122.78202819824219,121.54875946044922,122.54302215576172,5412945
2010-07-27,70.03384399414062,122.97322845458984,123.48948669433594,122.26577758789062,123.11663818359375,4862017
2010-07-28,69.92496490478516,122.78202819824219,123.66156768798828,122.25621032714844,123.011474609375,4444245
2010-07-29,69.70172882080078,122.39006042480469,123.80496978759766,121.54875946044922,123.38432312011719,9407933
2010-07-30,69.9085922241211,122.75334930419922,123.3078384399414,121.45315551757812,121.82600402832031,6297966
2010-08-02,71.19355010986328,125.00955963134766,125.43020629882812,123.56596374511719,123.56596374511719,6733625
2010-08-03,70.98120880126953,124.63671112060547,125.2772445678711,123.64244842529297,124.31166076660156,5326023
2010-08-04,71.47123718261719,125.49713134765625,125.7170181274414,124.13957977294922,124.7227554321289,4777605
2010-08-05,71.77610778808594,126.03250122070312,126.17591094970703,124.7896728515625,124.98088073730469,4728548
2010-08-06,71.20708465576172,124.41682434082031,124.74187469482422,123.0975112915039,124.6749496459961,6418465
2010-08-09,72.22480773925781,126.19503021240234,126.52007293701172,124.66539001464844,125.03823852539062,6413758
2010-08-10,72.13725280761719,126.04206848144531,126.66348266601562,125.01911926269531,125.41108703613281,5723398
2010-08-11,71.0374755859375,124.1204605102539,124.94264221191406,123.76673126220703,124.94264221191406,6606641
2010-08-12,70.20030212402344,122.65774536132812,123.11663818359375,121.91204833984375,122.07456970214844,5368281
2010-08-13,69.96503448486328,122.24665069580078,122.81070709228516,121.73040008544922,122.33269500732422,4884192
2010-08-16,69.9103012084961,122.15105438232422,122.5908203125,121.37667083740234,121.86424255371094,4193623
2010-08-17,70.28239440917969,122.8011474609375,124.13957977294922,122.27533721923828,123.16443634033203,4496022
2010-08-18,70.7967300415039,123.6998062133789,124.47418975830078,122.17973327636719,123.20267486572266,5107827
2010-08-19,70.52861022949219,123.23136138916016,123.8910140991211,122.39006042480469,123.011474609375,5650910
2010-08-20,69.7625732421875,121.8929214477539,123.3078384399414,121.37667083740234,123.05927276611328,6533630
2010-08-23,69.19902038574219,120.90821838378906,122.39962005615234,120.8795394897461,121.95984649658203,4219982
2010-08-24,68.33998107910156,119.40726470947266,120.47801208496094,119.09178161621094,119.7036361694336,5879775
2010-08-25,68.54240417480469,119.76099395751953,120.07648468017578,118.54684448242188,119.09178161621094,5476124
2010-08-26,67.18000793457031,117.38050079345703,120.24856567382812,117.38050079345703,120.24856567382812,8102944
2010-08-27,68.2469482421875,119.24474334716797,119.31166076660156,117.03633117675781,118.38432312011719,6500053
2010-08-30,67.51920318603516,117.97322845458984,119.76099395751953,117.97322845458984,119.57935333251953,3769784
2010-08-31,67.37149047851562,117.71510314941406,118.53728485107422,116.9024887084961,117.88719177246094,5882913
2010-09-01,68.8160171508789,120.23900604248047,120.75525665283203,119.04397583007812,119.79923248291016,5881763
2010-09-02,68.41658020019531,119.54110717773438,120.67877960205078,119.16825866699219,120.4875717163086,5338052
2010-09-03,69.80636596679688,121.96940612792969,121.988525390625,120.36328887939453,120.6692123413086,5379473
2010-09-07,68.91449737548828,120.41108703613281,121.75907897949219,120.34416961669922,121.40535736083984,4553552
2010-09-08,68.98562622070312,120.53536987304688,120.95602416992188,119.87571716308594,120.47801208496094,4683465
2010-09-09,69.1388168334961,120.80306243896484,121.95984649658203,120.602294921875,121.67304229736328,3594788
2010-09-10,70.03069305419922,122.36137390136719,122.64818572998047,120.70745849609375,121.40535736083984,4621960
2010-09-13,70.91709899902344,123.9101333618164,124.2829818725586,122.86807250976562,122.97322845458984,5513780
2010-09-14,70.5012435913086,123.18355560302734,124.20649719238281,122.78202819824219,122.78202819824219,5073623
2010-09-15,70.81857299804688,123.73805236816406,124.24474334716797,122.88719177246094,122.99235534667969,4981575
2010-09-16,70.94991302490234,123.96749877929688,124.23518371582031,123.13575744628906,123.5181655883789,4900510
2010-09-17,71.23445129394531,124.46463012695312,124.85659790039062,123.99617767333984,124.20649719238281,10875680
2010-09-20,72.10984802246094,125.9942626953125,126.28107452392578,124.38814544677734,124.5124282836914,7474193
2010-09-21,72.21382904052734,126.17591094970703,126.95984649658203,125.02867889404297,125.6692123413086,5510223
2010-09-22,72.53667449951172,126.73995971679688,126.74951934814453,125.62141418457031,125.82218170166016,5148830
2010-09-23,72.04423522949219,125.8795394897461,126.94072723388672,125.44933319091797,125.64053344726562,4078145
2010-09-24,73.37930297851562,128.2122344970703,128.25047302246094,126.52007293701172,126.5965576171875,7450030
2010-09-27,73.67472839355469,128.72848510742188,129.06309509277344,127.63862609863281,127.63862609863281,6438548
2010-09-28,73.80609893798828,128.9579315185547,129.1969451904297,127.82982635498047,128.7476043701172,7825440
2010-09-29,74.12889099121094,129.52198791503906,129.82791137695312,128.43212890625,128.48948669433594,5388155
2010-09-30,73.39568328857422,128.2409210205078,130.12428283691406,127.79158782958984,129.54110717773438,6721387
2010-10-01,74.21642303466797,129.67495727539062,130.28680419921875,129.14913940429688,129.55067443847656,5879775
2010-10-04,74.00304412841797,129.30210876464844,129.94264221191406,128.47991943359375,129.28298950195312,4246655
2010-10-05,75.32169342041016,131.6061248779297,131.8355712890625,130.13385009765625,130.1912078857422,6487815
2010-10-06,75.42018127441406,131.7781982421875,131.89292907714844,130.8126220703125,130.8604278564453,5003018
2010-10-07,75.90168762207031,132.6195068359375,132.7724609375,131.47227478027344,131.8546905517578,6737077
2010-10-08,75.97281646728516,132.74378967285156,132.97323608398438,131.988525390625,132.31358337402344,4749677
2010-10-11,76.41602325439453,133.51815795898438,133.78585815429688,132.5430145263672,132.68641662597656,4188498
2010-10-12,76.51997375488281,133.69981384277344,133.83364868164062,132.18930053710938,132.31358337402344,5896616
2010-10-13,76.80449676513672,134.1969451904297,135.2581329345703,133.6328887939453,133.75717163085938,9188378
2010-10-14,77.42278289794922,135.27725219726562,135.27725219726562,133.54684448242188,134.17782592773438,5913143
2010-10-15,77.18203735351562,134.85659790039062,135.85086059570312,134.35946655273438,135.85086059570312,7552538
2010-10-18,78.15049743652344,136.5487518310547,136.73995971679688,134.64627075195312,134.70362854003906,10797544
2010-10-19,75.52415466308594,131.95985412597656,133.2122344970703,130.68833923339844,131.26194763183594,14810419
2010-10-20,76.09318542480469,132.95411682128906,133.71893310546875,132.05545043945312,132.1988525390625,7264993
2010-10-21,76.509033203125,133.68069458007812,134.31166076660156,132.31358337402344,133.6615753173828,6507375
2010-10-22,76.42150115966797,133.52772521972656,134.5602264404297,133.32696533203125,133.9866180419922,4294144
2010-10-25,76.51451873779297,133.69024658203125,135.181640625,133.6615753173828,134.24473571777344,5094020
2010-10-26,76.9686508178711,134.48374938964844,135.75526428222656,132.4378662109375,133.1644287109375,7664147
2010-10-27,77.38447570800781,135.2103271484375,135.3441619873047,132.88719177246094,133.3843231201172,6762704
2010-10-28,77.09449005126953,134.70362854003906,135.70745849609375,134.24473571777344,135.602294921875,5733754
2010-10-29,78.57180786132812,137.28489685058594,137.66729736328125,134.5602264404297,134.70362854003906,8827508
2010-11-01,78.41858673095703,137.0172119140625,137.91586303710938,136.06118774414062,137.32313537597656,5935632
2010-11-02,78.70313262939453,137.51434326171875,138.34608459472656,137.3900604248047,137.52389526367188,4839214
2010-11-03,78.88372039794922,137.829833984375,138.10707092285156,136.35755920410156,137.89674377441406,5420477
2010-11-04,80.31725311279297,140.33460998535156,140.38241577148438,138.34608459472656,138.4512481689453,6927135
2010-11-05,80.38836669921875,140.45889282226562,140.46844482421875,139.26385498046875,139.52198791503906,5225607
2010-11-08,80.49279022216797,140.0191192626953,140.13385009765625,138.86233520507812,138.9579315185547,4664846
2010-11-09,80.31694030761719,139.71319580078125,141.0420684814453,139.22561645507812,140.24856567382812,5962828
2010-11-10,80.54227447509766,140.10516357421875,140.33460998535156,139.22561645507812,139.66539001464844,5409912
2010-11-11,79.92671966552734,139.034423828125,139.10133361816406,137.04588317871094,138.33651733398438,4970801
2010-11-12,78.99791717529297,137.41873168945312,139.35946655273438,137.23709106445312,138.23135375976562,4949149
2010-11-15,78.94295501708984,137.32313537597656,138.3843231201172,136.9694061279297,137.5621337890625,4003774
2010-11-16,78.17353057861328,135.98471069335938,137.07456970214844,134.9713134765625,136.6443634033203,6633837
2010-11-17,78.01412963867188,135.70745849609375,136.2237091064453,135.17208862304688,136.2237091064453,5006051
2010-11-18,79.33866119384766,138.011474609375,138.61376953125,136.47227478027344,136.74952697753906,4431065
2010-11-19,79.71788024902344,138.67112731933594,138.9579315185547,137.65774536132812,138.0305938720703,5246631
2010-11-22,79.90473175048828,138.9961700439453,139.034423828125,137.2466583251953,137.66729736328125,3902312
2010-11-23,78.69012451171875,136.88336181640625,138.1739959716797,136.07073974609375,137.89674377441406,4780534
2010-11-24,80.13558197021484,139.397705078125,140.0,137.49522399902344,137.6195068359375,5098309
2010-11-26,79.08584594726562,137.5717010498047,138.91014099121094,137.25621032714844,138.91014099121094,2177040
2010-11-29,78.53077697753906,136.6061248779297,137.35182189941406,135.27725219726562,137.2179718017578,5272154
2010-11-30,77.74482727050781,135.23899841308594,136.48184204101562,135.06692504882812,135.98471069335938,8027841
2010-12-01,79.36615753173828,138.0592803955078,138.7476043701172,137.1988525390625,137.29444885253906,7136649
2010-12-02,79.78929138183594,138.79541015625,139.43594360351562,137.95411682128906,137.9827880859375,5621204
2010-12-03,79.89923858642578,138.9866180419922,139.27342224121094,137.90631103515625,137.90631103515625,3881288
2010-12-06,79.6849136352539,138.61376953125,139.45506286621094,138.1644287109375,138.18356323242188,3474603
2010-12-07,79.15181732177734,137.68641662597656,139.86614990234375,137.5430145263672,139.5984649658203,5050716
2010-12-08,79.67940521240234,138.6042022705078,139.24473571777344,137.51434326171875,138.0019073486328,5189624
2010-12-09,79.3056640625,137.95411682128906,139.52198791503906,137.2084197998047,139.52198791503906,4607944
2010-12-10,79.59148406982422,138.4512481689453,138.57553100585938,137.4091796875,138.50860595703125,3664975
2010-12-13,79.29470825195312,137.93499755859375,139.0057373046875,137.86807250976562,138.75717163085938,4959086
2010-12-14,80.14105987548828,139.4072723388672,139.5889129638672,137.91586303710938,137.91586303710938,5021637
2010-12-15,79.53650665283203,138.3556365966797,139.31166076660156,137.9636688232422,138.7476043701172,4651980
2010-12-16,79.44310760498047,138.193115234375,138.92926025390625,137.81069946289062,138.47036743164062,4370816
2010-12-17,79.69039154052734,138.62332153320312,139.10133361816406,138.04971313476562,138.32696533203125,10488242
2010-12-20,79.42109680175781,138.15487670898438,139.1395721435547,138.04014587402344,138.9961700439453,4178770
2010-12-21,80.09711456298828,139.33078002929688,139.56979370117188,137.9827880859375,138.61376953125,3950847
2010-12-22,80.2125473022461,139.53155517578125,139.96176147460938,139.17782592773438,139.25430297851562,3544685
2010-12-23,80.17955017089844,139.47418212890625,139.89483642578125,138.93881225585938,139.47418212890625,2536027
2010-12-27,79.87726593017578,138.94837951660156,139.29254150390625,138.62332153320312,138.73805236816406,2421176
2010-12-28,80.08062744140625,139.30210876464844,139.72274780273438,138.68069458007812,138.91969299316406,2823782
2010-12-29,80.52576446533203,140.07647705078125,141.0133819580078,139.30210876464844,139.579345703125,3829511
2010-12-30,80.60823059082031,140.21987915039062,140.64053344726562,139.818359375,139.92352294921875,3178899
2010-12-31,80.65767669677734,140.30592346191406,140.602294921875,139.54110717773438,140.27725219726562,3106411
2011-01-03,81.05337524414062,140.9942626953125,141.68260192871094,140.66921997070312,140.73614501953125,4815575
2011-01-04,81.14131927490234,141.14723205566406,141.70172119140625,140.1912078857422,141.07073974609375,5292865
2011-01-05,80.81707000732422,140.5831756591797,140.9942626953125,140.27725219726562,140.8604278564453,4871640
2011-01-06,81.70188903808594,142.12237548828125,142.2466583251953,140.36329650878906,140.65965270996094,5260543
2011-01-07,81.3006591796875,141.42446899414062,142.31358337402344,140.47801208496094,142.2466583251953,4325942
2011-01-10,81.14131927490234,141.14723205566406,141.5487518310547,140.75526428222656,141.08985900878906,3800536
2011-01-11,80.94347381591797,140.8030548095703,141.8260040283203,140.29637145996094,141.68260192871094,4355126
2011-01-12,81.94371795654297,142.5430145263672,142.72467041015625,141.1759033203125,141.48184204101562,4279709
2011-01-13,81.78981018066406,142.27532958984375,142.72467041015625,141.73040771484375,142.67686462402344,3604307
2011-01-14,82.43834686279297,143.4034423828125,143.4034423828125,141.9407196044922,142.34225463867188,4753233
2011-01-18,82.79557800292969,144.0248565673828,144.7992401123047,142.81069946289062,143.23135375976562,9599037
2011-01-19,85.56549835205078,148.8432159423828,149.26385498046875,146.10899353027344,146.52008056640625,12699486
2011-01-20,85.6259765625,148.94837951660156,149.10133361816406,147.65774536132812,147.73422241210938,7782135
2011-01-21,85.46109771728516,148.6615753173828,149.88528442382812,148.1453094482422,149.52198791503906,7331414
2011-01-24,87.73088836669922,152.6099395751953,152.76290893554688,148.49903869628906,148.5850830078125,7620215
2011-01-25,88.7256088256836,154.34034729003906,157.12237548828125,152.0076446533203,152.2084197998047,8640797
2011-01-26,88.50580596923828,153.9579315185547,154.78012084960938,153.36520385742188,154.5602264404297,5599343
2011-01-27,88.52230834960938,153.9866180419922,155.0478057861328,153.78585815429688,154.33078002929688,5102702
2011-01-28,87.50010681152344,152.2084197998047,154.7992401123047,151.69215393066406,153.96749877929688,7034978
2011-01-31,89.03341674804688,154.87571716308594,154.87571716308594,151.70172119140625,152.1797332763672,7528271
2011-02-01,89.89078521728516,156.3671112060547,156.73040771484375,154.87571716308594,154.9808807373047,6099540
2011-02-02,89.74787902832031,156.11854553222656,156.4053497314453,155.45889282226562,156.21414184570312,4083584
2011-02-03,89.87427520751953,156.3384246826172,156.97897338867188,155.6501007080078,155.98471069335938,4898836
2011-02-04,90.132568359375,156.7877655029297,156.92160034179688,156.0420684814453,156.29063415527344,3927939
2011-02-07,90.583251953125,157.5717010498047,157.73422241210938,156.806884765625,156.86424255371094,5154793
2011-02-08,91.62054443359375,158.7476043701172,158.93881225585938,157.09368896484375,157.5717010498047,5870780
2011-02-09,90.84808349609375,157.4091796875,158.67112731933594,156.88336181640625,158.33651733398438,4846746
2011-02-10,90.53911590576172,156.87380981445312,157.74378967285156,156.0038299560547,156.69215393066406,6001739
2011-02-11,90.40669250488281,156.6443634033203,157.7533416748047,156.12811279296875,156.76864624023438,5423719
2011-02-14,90.05908966064453,156.0420684814453,157.1510467529297,155.68833923339844,156.95985412597656,4319771
2011-02-15,89.84942626953125,155.67877197265625,156.37667846679688,155.3728485107422,155.72657775878906,3942060
2011-02-16,90.15840911865234,156.21414184570312,156.4053497314453,155.5927276611328,156.14723205566406,3363936
2011-02-17,90.62187194824219,157.0172119140625,157.4282989501953,155.68833923339844,156.11854553222656,3379103
2011-02-18,90.95293426513672,157.5908203125,157.5908203125,156.88336181640625,157.2275390625,4440270
2011-02-22,89.35832977294922,154.82791137695312,157.0363311767578,154.66539001464844,156.37667846679688,5448928
2011-02-23,88.38172912597656,153.13575744628906,155.52581787109375,153.09751892089844,154.69407653808594,6274013
2011-02-24,88.70726776123047,153.69981384277344,154.17782592773438,152.0363311767578,152.6099395751953,5970045
2011-02-25,89.54044342041016,155.14340209960938,155.2007598876953,153.78585815429688,153.97705078125,4726246
2011-02-28,89.31975555419922,154.76100158691406,155.82217407226562,154.14913940429688,155.21987915039062,4992558
2011-03-01,88.26586151123047,152.93499755859375,155.9751434326172,152.8489532470703,155.9751434326172,4584409
2011-03-02,88.37069702148438,153.11663818359375,154.0248565673828,152.3996124267578,152.41873168945312,3569998
2011-03-03,90.20258331298828,156.29063415527344,156.7877655029297,154.17782592773438,154.32122802734375,4244459
2011-03-04,89.29215240478516,154.71319580078125,157.08413696289062,153.5850830078125,156.21414184570312,5136592
2011-03-07,88.2437744140625,152.89674377441406,155.8126220703125,151.86424255371094,154.49330139160156,5556352
2011-03-08,89.54044342041016,155.14340209960938,156.24282836914062,152.2084197998047,152.67686462402344,5632501
2011-03-09,91.51575469970703,158.5659637451172,160.3441619873047,156.09942626953125,156.28106689453125,9504584
2011-03-10,89.39698028564453,154.89483642578125,157.4282989501953,154.28298950195312,157.3996124267578,7365304
2011-03-11,89.62319946289062,155.28680419921875,156.06118774414062,153.7667236328125,155.2581329345703,4467466
2011-03-14,89.04932403564453,154.29254150390625,154.85659790039062,153.04971313476562,154.07266235351562,4498323
2011-03-15,87.74165344238281,152.02676391601562,152.6195068359375,149.9808807373047,150.43020629882812,6773687
2011-03-16,84.42002868652344,146.27151489257812,150.07647705078125,145.03823852539062,149.63670349121094,12756284
2011-03-17,85.07107543945312,147.3996124267578,147.70555114746094,145.98471069335938,147.2275390625,7715714
2011-03-18,86.01464080810547,149.034423828125,150.0478057861328,147.53346252441406,149.61758422851562,11976700
2011-03-21,87.00230407714844,150.74569702148438,152.6099395751953,150.1625213623047,150.70745849609375,6050064
2011-03-22,87.17884826660156,151.05162048339844,151.63479614257812,150.5927276611328,151.58700561523438,4509724
2011-03-23,88.02304077148438,152.51434326171875,153.04014587402344,150.602294921875,151.05162048339844,5002495
2011-03-24,88.30443572998047,153.0019073486328,153.64244079589844,151.8546905517578,153.18356323242188,5382507
2011-03-25,89.48524475097656,155.0478057861328,155.5831756591797,153.69024658203125,153.90057373046875,5594113
2011-03-28,89.03831481933594,154.27342224121094,155.43020629882812,154.034423828125,154.43594360351562,4155549
2011-03-29,89.8714599609375,155.71701049804688,155.91778564453125,154.06309509277344,154.24473571777344,3615708
2011-03-30,90.26876831054688,156.4053497314453,156.7781982421875,155.85086059570312,156.35755920410156,3550229
2011-03-31,89.97631072998047,155.89866638183594,156.84512329101562,155.89866638183594,156.21414184570312,4038397
2011-04-01,90.63842010498047,157.04588317871094,157.18930053710938,155.86997985839844,156.50096130371094,4583467
2011-04-04,90.62737274169922,157.02676391601562,157.48565673828125,156.38623046875,157.18930053710938,3373455
2011-04-05,90.48397064208984,156.7781982421875,157.4569854736328,156.42446899414062,156.6061248779297,3778152
2011-04-06,90.51152038574219,156.8260040283203,157.50477600097656,156.6061248779297,157.11280822753906,3948441
2011-04-07,90.69912719726562,157.1510467529297,157.31358337402344,156.09942626953125,156.88336181640625,3835368
2011-04-08,90.51705169677734,156.8355712890625,157.1510467529297,155.98471069335938,157.12237548828125,3477009
2011-04-11,90.46186065673828,156.73995971679688,156.7877655029297,155.93690490722656,156.2523956298828,4329394
2011-04-12,90.07561492919922,156.07073974609375,156.56787109375,155.1625213623047,156.1759033203125,4038188
2011-04-13,90.46186065673828,156.73995971679688,157.67686462402344,156.46270751953125,156.7590789794922,4374267
2011-04-14,91.02467346191406,157.71510314941406,158.08795166015625,155.98471069335938,156.63479614257812,4915259
2011-04-15,91.7088623046875,158.90057373046875,159.0248565673828,157.6195068359375,157.74378967285156,5530620
2011-04-18,91.55987548828125,158.64244079589844,158.85276794433594,155.69789123535156,157.3996124267578,6444092
2011-04-19,91.26193237304688,158.12619018554688,159.06309509277344,157.2084197998047,158.4225616455078,6848267
2011-04-20,90.90328216552734,157.50477600097656,158.5946502685547,155.05735778808594,155.92733764648438,11392823
2011-04-21,92.85102081298828,160.87954711914062,161.0420684814453,157.6099395751953,158.34608459472656,6441686
2011-04-25,92.51444244384766,160.29637145996094,161.34799194335938,159.87571716308594,160.27725219726562,3748655
2011-04-26,92.96688842773438,161.08030700683594,161.7590789794922,160.03823852539062,160.602294921875,7635800
2011-04-27,94.00420379638672,162.87762451171875,163.08795166015625,161.05162048339844,161.1950225830078,5543486
2011-04-28,94.23040771484375,163.26959228515625,163.8432159423828,162.23709106445312,162.51434326171875,5321734
2011-04-29,94.12007904052734,163.07839965820312,165.3919677734375,162.9827880859375,163.57553100585938,5844734
2011-05-02,94.986328125,164.579345703125,165.90821838378906,163.94837951660156,164.54110717773438,5644425
2011-05-03,95.38358306884766,165.26768493652344,165.85086059570312,163.69981384277344,164.43594360351562,5238054
2011-05-04,94.14213562011719,163.11663818359375,165.0286865234375,162.13192749023438,164.78012084960938,7207254
2011-05-05,92.95033264160156,161.05162048339844,163.3556365966797,160.13385009765625,162.97323608398438,7669272
2011-05-06,93.60433959960938,161.46270751953125,162.66729736328125,160.84129333496094,161.5965576171875,5062012
2011-05-09,93.72071838378906,161.66348266601562,162.3804931640625,160.90821838378906,160.98471069335938,3760161
2011-05-10,94.43016052246094,162.88719177246094,163.3843231201172,161.7781982421875,161.806884765625,5161801
2011-05-11,93.94241333007812,162.04588317871094,163.02102661132812,160.4397735595703,162.81069946289062,4877707
2011-05-12,95.46099090576172,164.66539001464844,165.17208862304688,161.2332763671875,162.18930053710938,5374871
2011-05-13,94.17517852783203,162.44741821289062,164.579345703125,161.988525390625,164.14913940429688,5405100
2011-05-16,93.58769989013672,161.4340362548828,163.13575744628906,160.90821838378906,162.34225463867188,4876661
2011-05-17,94.4966049194336,163.0019073486328,163.87188720703125,159.2064971923828,160.46844482421875,9176767
2011-05-18,94.46337890625,162.94454956054688,163.6615753173828,162.0076446533203,162.6195068359375,4345398
2011-05-19,94.54651641845703,163.08795166015625,163.86233520507812,161.87380981445312,163.34608459472656,3701062
2011-05-20,94.30821228027344,162.67686462402344,163.62332153320312,161.93116760253906,162.90631103515625,5093915
2011-05-23,93.25517272949219,160.8604278564453,161.27151489257812,159.72274780273438,161.16635131835938,5380624
2011-05-24,93.1054916381836,160.602294921875,161.2523956298828,160.14340209960938,161.08985900878906,4857206
2011-05-25,92.97247314453125,160.3728485107422,160.9942626953125,160.14340209960938,160.2581329345703,4060677
2011-05-26,92.65658569335938,159.82791137695312,160.13385009765625,158.6042022705078,160.09559631347656,6036780
2011-05-27,92.83393096923828,160.13385009765625,161.06118774414062,159.6558380126953,160.52581787109375,3428370
2011-05-31,93.62650299072266,161.50096130371094,162.41873168945312,160.4397735595703,161.03250122070312,9543076
2011-06-01,92.3129653930664,159.2351837158203,162.12237548828125,159.17782592773438,161.47227478027344,5370792
2011-06-02,92.05245208740234,158.78585815429688,159.75143432617188,158.4225616455078,159.12045288085938,4031389
2011-06-03,91.4760513305664,157.7915802001953,158.5946502685547,156.91204833984375,157.07456970214844,5471103
2011-06-06,91.30977630615234,157.50477600097656,158.29827880859375,157.04588317871094,157.51434326171875,3786206
2011-06-07,90.72232818603516,156.49139404296875,157.97323608398438,156.4149169921875,157.8489532470703,4379602
2011-06-08,91.08258056640625,157.11280822753906,157.6003875732422,156.08030700683594,156.08985900878906,4027937
2011-06-09,91.35968780517578,157.5908203125,158.6615753173828,157.51434326171875,157.7533416748047,4497591
2011-06-10,90.43965911865234,156.0038299560547,157.5908203125,155.70745849609375,157.33270263671875,4898732
2011-06-13,90.43412017822266,155.9942626953125,157.2275390625,155.5736083984375,157.2084197998047,5333763
2011-06-14,90.96061706542969,156.90248107910156,157.33270263671875,156.45315551757812,156.66348266601562,7374300
2011-06-15,89.96856689453125,155.1912078857422,156.2237091064453,154.4168243408203,155.5927276611328,5465978
2011-06-16,90.15699768066406,155.51625061035156,156.4340362548828,154.66539001464844,154.93307495117188,5084711
2011-06-17,91.13797760009766,157.2084197998047,157.83938598632812,156.38623046875,157.0172119140625,7478586
2011-06-20,91.45945739746094,157.76290893554688,158.32696533203125,156.3957977294922,156.50096130371094,4138081
2011-06-21,92.1245346069336,158.91014099121094,159.4168243408203,156.7877655029297,157.93499755859375,5635116
2011-06-22,91.82522583007812,158.3938751220703,159.47418212890625,157.83938598632812,158.30784606933594,4142683
2011-06-23,92.06907653808594,158.8145294189453,159.397705078125,156.5965576171875,156.84512329101562,5513989
2011-06-24,91.4871597290039,157.81069946289062,158.64244079589844,157.33270263671875,158.55641174316406,4605120
2011-06-27,92.90045166015625,160.24856567382812,160.84129333496094,157.94454956054688,158.4512481689453,4651248
2011-06-28,94.22504425048828,162.53346252441406,163.193115234375,160.6214141845703,160.92733764648438,5073100
2011-06-29,94.51880645751953,163.04014587402344,163.34608459472656,162.35182189941406,163.10707092285156,3992687
2011-06-30,95.07858276367188,164.0057373046875,164.86614990234375,163.2409210205078,163.5850830078125,5340039
2011-07-01,96.73571014404297,166.86424255371094,166.9694061279297,163.94837951660156,164.06309509277344,5420058
2011-07-05,97.22898864746094,167.71510314941406,167.71510314941406,165.88909912109375,165.88909912109375,4797479
2011-07-06,98.49262237548828,169.89483642578125,169.9521942138672,167.3900604248047,167.48565673828125,6156651
2011-07-07,97.81089782714844,168.71893310546875,169.47418212890625,168.374755859375,169.0057373046875,6177258
2011-07-08,97.81649780273438,168.72848510742188,168.72848510742188,167.31358337402344,167.7724609375,4602295
2011-07-11,96.98513793945312,167.29444885253906,168.4034423828125,166.93116760253906,167.2084197998047,4985759
2011-07-12,96.46417236328125,166.3957977294922,167.65774536132812,166.24282836914062,167.23709106445312,5268493
2011-07-13,96.61376953125,166.65391540527344,168.5659637451172,166.34799194335938,167.2084197998047,4262241
2011-07-14,96.56391143798828,166.56787109375,168.3556365966797,166.1950225830078,166.73040771484375,4825303
2011-07-15,97.28996276855469,167.8202667236328,168.2026824951172,166.4149169921875,167.3804931640625,5593067
2011-07-18,97.14585876464844,167.5717010498047,168.69981384277344,165.9464569091797,167.04588317871094,9288166
2011-07-19,102.6493911743164,177.06500244140625,177.06500244140625,170.7935028076172,170.87954711914062,13854898
2011-07-20,101.78478240966797,175.5736083984375,176.30975341796875,174.9521942138672,175.75526428222656,6172551
2011-07-21,102.47756958007812,176.76864624023438,177.34225463867188,174.85659790039062,175.51625061035156,5186486
2011-07-22,102.63274383544922,177.0363311767578,177.46653747558594,176.1567840576172,176.52008056640625,4723841
2011-07-25,101.81249237060547,175.6214141845703,176.8260040283203,175.21987915039062,175.8030548095703,5216402
2011-07-26,101.3857421875,174.88528442382812,175.95602416992188,174.61758422851562,174.89483642578125,4556585
2011-07-27,100.51007843017578,173.374755859375,174.86614990234375,172.97323608398438,174.0057373046875,6073913
2011-07-28,100.75944519042969,173.8049774169922,175.2103271484375,172.92543029785156,173.09751892089844,4684825
2011-07-29,100.78715515136719,173.85276794433594,175.36329650878906,171.8260040283203,172.33270263671875,6972218
2011-08-01,100.17752838134766,172.8011474609375,175.6118621826172,170.6501007080078,174.56979370117188,6111464
2011-08-02,98.68109130859375,170.21987915039062,174.27342224121094,170.03823852539062,172.0363311767578,6035838
2011-08-03,99.1133804321289,170.965576171875,171.34799194335938,167.69598388671875,169.85659790039062,7031212
2011-08-04,95.0398178100586,163.93881225585938,170.09559631347656,163.65200805664062,168.73805236816406,11529326
2011-08-05,95.87112426757812,165.3728485107422,166.55831909179688,159.1969451904297,164.53155517578125,12417903
2011-08-08,92.52570343017578,158.91014099121094,165.0191192626953,158.69981384277344,161.4053497314453,16531925
2011-08-09,94.96937561035156,163.10707092285156,163.52772521972656,154.87571716308594,160.09559631347656,13093410
2011-08-10,90.47721862792969,155.3919677734375,161.7877655029297,154.73231506347656,160.783935546875,14637306
2011-08-11,92.80962371826172,159.397705078125,161.34799194335938,155.77438354492188,156.88336181640625,9597678
2011-08-12,93.62786865234375,160.8030548095703,161.93116760253906,158.53729248046875,161.08985900878906,5425602
2011-08-15,96.294189453125,165.38241577148438,166.34799194335938,162.89674377441406,163.78585815429688,7997088
2011-08-16,95.32008361816406,163.70936584472656,164.61758422851562,161.56787109375,164.61758422851562,5842328
2011-08-17,95.45365905761719,163.93881225585938,165.38241577148438,162.41873168945312,164.0248565673828,5365666
2011-08-18,91.19532775878906,156.625244140625,159.1395721435547,153.11663818359375,159.0057373046875,15776400
2011-08-19,87.69403076171875,150.6118621826172,156.73040771484375,150.21987915039062,155.03823852539062,14715756
2011-08-22,88.4955825805664,151.988525390625,154.56979370117188,150.68833923339844,154.25430297851562,7582559
2011-08-23,91.46806335449219,157.09368896484375,157.35182189941406,152.51434326171875,153.5850830078125,7241772
2011-08-24,92.82627868652344,159.4263916015625,159.49330139160156,156.16635131835938,156.91204833984375,6722642
2011-08-25,92.16943359375,158.29827880859375,161.11854553222656,157.6003875732422,160.15296936035156,7062174
2011-08-26,94.15104675292969,161.70172119140625,161.88336181640625,156.09942626953125,157.6003875732422,6734357
2011-08-29,96.08821868896484,165.0286865234375,165.12428283691406,162.86807250976562,163.07839965820312,5536896
2011-08-30,96.02702331542969,164.92352294921875,165.87954711914062,163.36520385742188,164.49330139160156,4683674
2011-08-31,95.69300842285156,164.3498992919922,166.08030700683594,163.2026824951172,165.66921997070312,6353613
2011-09-01,94.81349182128906,162.83938598632812,166.0420684814453,162.6386260986328,165.11471557617188,5715239
2011-09-02,92.94873046875,159.63670349121094,161.50096130371094,158.69981384277344,160.31549072265625,5208139
2011-09-06,91.90778350830078,157.8489532470703,158.26959228515625,155.06692504882812,155.88909912109375,6026215
2011-09-07,93.13243103027344,159.9521942138672,160.51625061035156,158.85276794433594,159.92352294921875,7109244
2011-09-08,91.98573303222656,157.9827880859375,162.12237548828125,157.83938598632812,159.6558380126953,6304451
2011-09-09,89.82596588134766,154.27342224121094,157.92543029785156,153.73805236816406,157.33270263671875,7054119
2011-09-12,90.41045379638672,155.27725219726562,155.29637145996094,151.7781982421875,153.0019073486328,5488571
2011-09-13,90.97265625,156.24282836914062,156.71128845214844,154.43594360351562,156.44358825683594,4941095
2011-09-14,93.09345245361328,159.88528442382812,162.1988525390625,154.86614990234375,156.7973175048828,7301812
2011-09-15,94.67990112304688,162.6099395751953,162.67686462402344,159.87571716308594,161.2237091064453,5715762
2011-09-16,96.294189453125,165.38241577148438,165.38241577148438,162.27532958984375,163.79541015625,11556313
2011-09-19,96.37212371826172,165.51625061035156,166.2237091064453,161.97897338867188,162.04588317871094,4974358
2011-09-20,97.2572021484375,167.0363311767578,169.6271514892578,165.10516357421875,165.93690490722656,6495242
2011-09-21,96.31087493896484,165.4110870361328,169.85659790039062,165.0286865234375,167.30401611328125,7367083
2011-09-22,93.8616714477539,161.20458984375,162.49522399902344,159.17782592773438,160.92733764648438,8572598
2011-09-23,94.26248168945312,161.89292907714844,162.08413696289062,158.47036743164062,159.64627075195312,5843584
2011-09-26,97.14031982421875,166.8355712890625,167.0172119140625,162.3900604248047,163.44168090820312,7056002
2011-09-27,98.9215316772461,169.89483642578125,171.72084045410156,168.67112731933594,169.04397583007812,7990185
2011-09-28,98.83252716064453,169.7418670654297,172.8011474609375,169.29254150390625,170.14340209960938,8087881
2011-09-29,99.7342300415039,171.29063415527344,172.95411682128906,167.81069946289062,171.7877655029297,7263738
2011-09-30,97.34066772460938,167.1797332763672,170.43020629882812,167.06500244140625,168.26959228515625,8166540
2011-10-03,96.46112823486328,165.66921997070312,170.09559631347656,165.43020629882812,166.69215393066406,9458560
2011-10-04,97.2682876586914,167.05545043945312,167.37094116210938,161.45315551757812,163.9961700439453,9623200
2011-10-05,98.44285583496094,169.07266235351562,169.50286865234375,165.08604431152344,166.89292907714844,6120878
2011-10-06,101.13700866699219,173.69981384277344,173.9866180419922,167.93499755859375,169.034423828125,7511221
2011-10-07,101.52664947509766,174.3690185546875,175.64053344726562,173.65200805664062,174.30210876464844,7157360
2011-10-10,103.88125610351562,178.41299438476562,178.4225616455078,174.85659790039062,174.9521942138672,6050901
2011-10-11,102.97950744628906,176.86424255371094,177.8202667236328,176.0133819580078,176.47227478027344,5575703
2011-10-12,103.60295104980469,177.93499755859375,179.73231506347656,177.48565673828125,177.89674377441406,5583757
2011-10-13,103.99259948730469,178.6042022705078,179.25430297851562,176.38623046875,176.8355712890625,4601563
2011-10-14,106.05774688720703,182.1510467529297,182.1510467529297,179.47418212890625,179.91395568847656,5615137
2011-10-17,103.86458587646484,178.3843231201172,181.7973175048828,177.72467041015625,181.3671112060547,9194654
2011-10-18,99.58393096923828,171.03250122070312,171.49139404296875,168.49903869628906,170.17208862304688,16452952
2011-10-19,98.74343872070312,169.5889129638672,171.90248107910156,169.22561645507812,171.7781982421875,7016882
2011-10-20,98.6655044555664,169.45506286621094,171.35755920410156,168.4225616455078,170.29637145996094,7859435
2011-10-21,101.10363006591797,173.64244079589844,173.68069458007812,170.88909912109375,171.2332763671875,8424693
2011-10-24,101.44868469238281,174.2351837158203,175.32504272460938,172.67686462402344,173.52772521972656,6161568
2011-10-25,100.39666748046875,172.4282989501953,174.92352294921875,172.09368896484375,173.67112731933594,5620263
2011-10-26,101.2928695678711,173.96749877929688,174.26385498046875,171.1567840576172,173.7476043701172,5635534
2011-10-27,103.46934509277344,177.70555114746094,178.7762908935547,175.12428283691406,176.8546905517578,7382459
2011-10-28,104.34325408935547,179.2064971923828,179.7992401123047,177.13192749023438,177.4091796875,5240251
2011-10-31,102.77347564697266,176.51051330566406,178.69024658203125,176.51051330566406,177.4282989501953,4926660
2011-11-01,100.94776916503906,173.374755859375,175.2007598876953,172.7915802001953,173.5659637451172,6151735
2011-11-02,102.37833404541016,175.8317413330078,177.10325622558594,174.9808807373047,175.90821838378906,4326884
2011-11-03,104.25977325439453,179.06309509277344,179.52198791503906,175.92733764648438,176.988525390625,5181361
2011-11-04,103.7477035522461,178.18356323242188,178.91014099121094,176.6156768798828,178.07839965820312,3386530
2011-11-07,104.27092742919922,179.08221435546875,179.47418212890625,176.625244140625,178.0305938720703,3693217
2011-11-08,104.65095520019531,179.01528930664062,179.61758422851562,177.35182189941406,179.2351837158203,4529808
2011-11-09,101.85093688964844,174.22561645507812,177.09368896484375,173.193115234375,176.09942626953125,5747561
2011-11-10,102.47134399414062,175.28680419921875,176.6443634033203,173.87188720703125,175.50669860839844,4060154
2011-11-11,104.7236099243164,179.1395721435547,179.56979370117188,176.9980926513672,177.12237548828125,3833904
2011-11-14,104.7068099975586,179.11090087890625,181.49139404296875,178.6328887939453,180.85086059570312,6316376
2011-11-15,105.48929595947266,180.44932556152344,181.6156768798828,177.47610473632812,179.24473571777344,4796224
2011-11-16,104.29884338378906,178.41299438476562,181.5487518310547,178.10707092285156,179.5602264404297,4829173
2011-11-17,103.80146789550781,177.5621337890625,180.52581787109375,175.32504272460938,178.5946502685547,6109163
2011-11-18,103.5276107788086,177.09368896484375,178.7476043701172,176.53919982910156,178.49903869628906,4645181
2011-11-21,101.42616271972656,173.49903869628906,175.86997985839844,172.08413696289062,175.30592346191406,5381775
2011-11-22,101.33118438720703,173.33651733398438,174.93307495117188,172.3613739013672,174.2064971923828,4370816
2011-11-23,99.45332336425781,170.12428283691406,173.50860595703125,169.71319580078125,172.72467041015625,5021741
2011-11-25,98.9559326171875,169.27342224121094,171.66348266601562,169.27342224121094,170.181640625,2335509
2011-11-28,101.8342056274414,174.1969451904297,174.88528442382812,172.72467041015625,174.67495727539062,4732313
2011-11-29,101.12442779541016,172.9827880859375,175.24856567382812,172.88719177246094,174.01528930664062,3830034
2011-11-30,105.07015228271484,179.73231506347656,180.06692504882812,176.10899353027344,176.45315551757812,8197293
2011-12-01,105.88052368164062,181.11854553222656,181.63479614257812,178.55641174316406,178.78585815429688,5082305
2011-12-02,105.99787139892578,181.31930541992188,182.91586303710938,181.11854553222656,181.56787109375,5190461
2011-12-05,106.65735626220703,182.44741821289062,185.09559631347656,182.0076446533203,182.7724609375,5961572
2011-12-06,107.83098602294922,184.45506286621094,185.0191192626953,181.95028686523438,182.26577758789062,4335565
2011-12-07,108.45134735107422,185.51625061035156,186.32887268066406,182.86807250976562,183.54684448242188,5315458
2011-12-08,107.07090759277344,183.15487670898438,185.27725219726562,182.66729736328125,184.01528930664062,4569974
2011-12-09,108.73641967773438,186.0038299560547,186.30018615722656,183.93881225585938,184.4263916015625,5070903
2011-12-12,107.40624237060547,183.72848510742188,185.3728485107422,182.81069946289062,185.12428283691406,3970721
2011-12-13,106.83059692382812,182.74378967285156,185.75526428222656,182.25621032714844,184.9521942138672,5238786
2011-12-14,105.4725341796875,180.420654296875,181.91204833984375,179.73231506347656,181.49139404296875,5290354
2011-12-15,104.77953338623047,179.2351837158203,182.7915802001953,178.67112731933594,182.10325622558594,4680327
2011-12-16,102.59426879882812,175.49713134765625,179.7418670654297,173.91014099121094,179.7418670654297,12394472
2011-12-19,102.21417999267578,174.84703063964844,176.56787109375,174.2351837158203,176.3957977294922,5271735
2011-12-20,104.64534759521484,179.0057373046875,179.09178161621094,176.63479614257812,177.34225463867188,4958145
2011-12-21,101.42062377929688,173.48948669433594,175.43020629882812,171.16635131835938,175.1625213623047,9709495
2011-12-22,101.73918151855469,174.034423828125,174.76100158691406,173.04014587402344,174.67495727539062,5284392
2011-12-23,103.25379180908203,176.625244140625,176.72084045410156,173.89100646972656,175.05735778808594,3192706
2011-12-27,103.36554718017578,176.81643676757812,177.67686462402344,176.28106689453125,176.8355712890625,2902859
2011-12-28,102.82899475097656,175.89866638183594,177.2466583251953,175.27725219726562,177.04588317871094,3004112
2011-12-29,104.05297088623047,177.9923553466797,178.04014587402344,175.91778564453125,175.9751434326172,3076914
2011-12-30,102.76754760742188,175.7935028076172,178.27915954589844,175.7648162841797,178.13575744628906,3693321
2012-01-03,104.12005615234375,178.10707092285156,180.4110870361328,177.8202667236328,178.51815795898438,5905716
2012-01-04,103.69524383544922,177.3804931640625,178.13575744628906,176.806884765625,177.4091796875,4546648
2012-01-05,103.20343780517578,176.53919982910156,176.89292907714844,175.0478057861328,176.68260192871094,4668403
2012-01-06,102.01860809326172,174.51242065429688,176.3671112060547,174.29254150390625,176.28106689453125,5122367
2012-01-09,101.48765563964844,173.6042022705078,174.25430297851562,172.34225463867188,174.1873779296875,5440455
2012-01-10,101.33118438720703,173.33651733398438,175.64053344726562,173.23135375976562,175.17208862304688,5398406
2012-01-11,101.89564514160156,174.30210876464844,174.7705535888672,172.5621337890625,172.7820281982422,4299897
2012-01-12,100.90644836425781,172.6099395751953,173.91014099121094,170.53536987304688,173.86233520507812,7197526
2012-01-13,100.12957000732422,171.28106689453125,171.71128845214844,169.55067443847656,171.58700561523438,5522043
2012-01-17,100.59906005859375,172.08413696289062,173.9961700439453,171.4340362548828,172.4282989501953,6279556
2012-01-18,101.19703674316406,173.10707092285156,173.61376953125,171.6061248779297,171.92160034179688,4812228
2012-01-19,100.88967895507812,172.58126831054688,174.34034729003906,172.41873168945312,173.79541015625,8961291
2012-01-20,105.3607177734375,180.2294464111328,180.65965270996094,176.625244140625,177.6003875732422,13440786
2012-01-23,106.1767349243164,181.625244140625,182.14149475097656,179.4168243408203,179.64627075195312,6016278
2012-01-24,107.2665023803711,183.48948669433594,183.8432159423828,180.2294464111328,180.33460998535156,5591602
2012-01-25,107.15477752685547,183.29827880859375,183.78585815429688,181.27151489257812,182.91586303710938,4560246
2012-01-26,106.7356185913086,182.58126831054688,184.31166076660156,182.09368896484375,183.3556365966797,4188916
2012-01-27,106.4449691772461,182.08413696289062,183.33651733398438,181.46270751953125,181.65391540527344,3514978
2012-01-30,107.58511352539062,184.034423828125,184.25430297851562,179.94264221191406,181.06118774414062,4559514
2012-01-31,107.64100646972656,184.13002014160156,184.6080322265625,182.6003875732422,184.5984649658203,5048833
2012-02-01,107.65215301513672,184.14913940429688,186.24282836914062,183.94837951660156,184.71319580078125,5322885
2012-02-02,107.04300689697266,183.10707092285156,184.82791137695312,182.91586303710938,184.24473571777344,4087036
2012-02-03,108.2221908569336,185.12428283691406,185.5927276611328,184.07266235351562,184.4455108642578,4729698
2012-02-06,107.7639389038086,184.34034729003906,185.23899841308594,183.55641174316406,184.01528930664062,3807231
2012-02-07,108.06012725830078,184.84703063964844,185.602294921875,183.52772521972656,183.9866180419922,3590918
2012-02-08,108.2564697265625,184.46463012695312,185.06692504882812,183.29827880859375,184.30210876464844,3978775
2012-02-09,108.35749053955078,184.63670349121094,185.90821838378906,184.08221435546875,184.54110717773438,4054714
2012-02-10,107.95916748046875,183.9579315185547,183.96749877929688,182.86807250976562,183.32696533203125,3547091
2012-02-13,108.07135772705078,184.14913940429688,185.17208862304688,183.30784606933594,184.8087921142578,2571905
2012-02-14,107.84689331054688,183.7667236328125,184.13002014160156,182.4378662109375,183.32696533203125,3554413
2012-02-15,107.86376953125,183.79541015625,184.93307495117188,182.8489532470703,183.85276794433594,4205861
2012-02-16,108.29578399658203,184.53155517578125,184.75143432617188,183.55641174316406,184.1395721435547,3687673
2012-02-17,108.52019500732422,184.91395568847656,185.33460998535156,183.8432159423828,185.1912078857422,3918839
2012-02-21,108.5033950805664,184.88528442382812,185.69789123535156,183.9961700439453,185.2103271484375,3445106
2012-02-22,108.77267456054688,185.3441619873047,186.1759033203125,184.27342224121094,184.54110717773438,3426487
2012-02-23,110.87105560302734,188.91969299316406,190.46844482421875,184.78012084960938,185.3441619873047,8402204
2012-02-24,110.9552001953125,189.06309509277344,189.82791137695312,187.9636688232422,189.6558380126953,3507447
2012-02-27,110.82622528076172,188.8432159423828,189.9713134765625,187.47610473632812,188.12619018554688,3931286
2012-02-28,111.07865142822266,189.27342224121094,190.2103271484375,188.7476043701172,189.0535430908203,3313100
2012-02-29,110.37732696533203,188.07839965820312,190.4110870361328,187.81069946289062,189.15870666503906,5352487
2012-03-01,110.82622528076172,188.8432159423828,189.7418670654297,188.26959228515625,188.55641174316406,3724074
2012-03-02,111.5442886352539,190.06692504882812,190.14340209960938,188.3938751220703,188.43212890625,3898860
2012-03-05,112.58226013183594,191.8355712890625,192.34225463867188,189.579345703125,189.63670349121094,7257148
2012-03-06,110.67465209960938,188.5850830078125,190.8604278564453,188.15487670898438,190.38241577148438,5454576
2012-03-07,110.96086120605469,189.07266235351562,189.8374786376953,188.6328887939453,189.3785858154297,3500857
2012-03-08,112.10540008544922,191.02294921875,191.1950225830078,189.91395568847656,190.47801208496094,3290507
2012-03-09,112.55980682373047,191.7973175048828,192.25621032714844,190.93690490722656,191.1854705810547,3324397
2012-03-12,112.77301788330078,192.16061401367188,192.70555114746094,191.42446899414062,192.09368896484375,3263206
2012-03-13,114.33281707763672,194.818359375,194.93307495117188,192.74378967285156,192.8489532470703,5089836
2012-03-14,114.86019134521484,195.71701049804688,196.12811279296875,194.68450927734375,194.818359375,4814006
2012-03-15,115.5783462524414,196.9407196044922,197.11280822753906,195.73614501953125,195.92733764648438,3787671
2012-03-16,115.58396911621094,196.95028686523438,198.3938751220703,196.95028686523438,197.92543029785156,10080302
2012-03-19,115.42124938964844,196.67303466796875,197.44741821289062,195.50669860839844,196.66348266601562,3936307
2012-03-20,114.59648895263672,195.26768493652344,195.98471069335938,194.7418670654297,195.73614501953125,3865075
2012-03-21,114.84335327148438,195.68833923339844,196.72084045410156,195.31549072265625,195.33460998535156,3483075
2012-03-22,115.292236328125,196.45315551757812,196.93116760253906,194.9904327392578,195.0286865234375,3459959
2012-03-23,115.28660583496094,196.44358825683594,196.90248107910156,195.56405639648438,196.8355712890625,3175865
2012-03-26,116.57140350341797,198.6328887939453,198.7762908935547,197.2466583251953,197.37094116210938,3575437
2012-03-27,116.24040222167969,198.06883239746094,199.48374938964844,197.89674377441406,199.29254150390625,2828907
2012-03-28,116.3021011352539,198.1739959716797,199.51242065429688,197.1988525390625,198.31739807128906,3415922
2012-03-29,116.85197448730469,199.11090087890625,199.33078002929688,196.95985412597656,197.02676391601562,3560270
2012-03-30,117.06514739990234,199.47418212890625,199.92352294921875,198.86233520507812,199.5602264404297,3363099
2012-04-02,117.52519226074219,200.2581329345703,200.46844482421875,198.93881225585938,199.7705535888672,3543743
2012-04-03,117.54206848144531,200.28680419921875,201.42446899414062,199.3690185546875,200.10516357421875,4279709
2012-04-04,115.60641479492188,196.988525390625,197.87762451171875,196.16635131835938,197.1510467529297,4606584
2012-04-05,115.28099060058594,196.4340362548828,196.63479614257812,195.46844482421875,196.12811279296875,3984214
2012-04-09,114.98362731933594,195.92733764648438,197.10325622558594,194.4263916015625,195.4110870361328,3479937
2012-04-10,113.51929473876953,193.43212890625,196.69215393066406,193.27915954589844,195.92733764648438,4323013
2012-04-11,113.65947723388672,193.67112731933594,195.33460998535156,193.55641174316406,195.0191192626953,3521045
2012-04-12,115.19682312011719,196.29063415527344,196.52008056640625,193.72848510742188,193.88145446777344,3064362
2012-04-13,113.78295135498047,193.88145446777344,195.6501007080078,193.88145446777344,195.33460998535156,3940282
2012-04-16,113.73809814453125,193.8049774169922,196.91204833984375,193.8049774169922,195.73614501953125,4002624
2012-04-17,116.39188385009766,198.32696533203125,198.50860595703125,195.17208862304688,195.5736083984375,6344513
2012-04-18,112.28492736816406,191.32887268066406,195.09559631347656,191.20458984375,193.52772521972656,10620561
2012-04-19,111.93706512451172,190.73614501953125,192.4091796875,188.83364868164062,191.2332763671875,6027993
2012-04-20,111.98756408691406,190.82217407226562,191.31930541992188,190.33460998535156,191.0420684814453,4977077
2012-04-23,111.43771362304688,189.88528442382812,190.3441619873047,188.13575744628906,189.1873779296875,3785265
2012-04-24,112.21195983886719,191.20458984375,193.57553100585938,190.12428283691406,190.30592346191406,5885110
2012-04-25,114.2149429321289,194.61758422851562,194.73231506347656,192.92543029785156,193.13575744628906,4187556
2012-04-26,115.34273529052734,196.53919982910156,197.14149475097656,194.45506286621094,194.45506286621094,3454624
2012-04-27,116.03280639648438,197.71510314941406,199.01528930664062,196.8546905517578,197.3900604248047,3657757
2012-04-30,116.18428802490234,197.97323608398438,198.8145294189453,197.2466583251953,197.6195068359375,2900767
2012-05-01,116.70048522949219,198.85276794433594,199.7418670654297,197.6195068359375,198.06883239746094,2840831
2012-05-02,116.734130859375,198.91014099121094,199.11090087890625,197.81069946289062,197.86807250976562,2468874
2012-05-03,116.2740707397461,198.12619018554688,199.73231506347656,197.46653747558594,199.11090087890625,2956624
2012-05-04,115.01167297363281,195.9751434326172,198.0019073486328,195.4110870361328,197.3900604248047,4208686
2012-05-07,114.31592559814453,194.7896728515625,195.7648162841797,193.97705078125,194.9904327392578,3528576
2012-05-08,113.51594543457031,192.6195068359375,194.13002014160156,190.93690490722656,193.53729248046875,4060049
2012-05-09,113.37509155273438,192.3804931640625,194.07266235351562,190.30592346191406,191.1950225830078,3914655
2012-05-10,113.02011108398438,191.7781982421875,194.31166076660156,191.2237091064453,192.16061401367188,4006703
2012-05-11,113.34125518798828,192.32313537597656,193.23135375976562,191.1567840576172,191.16635131835938,2501509
2012-05-14,112.36653900146484,190.66921997070312,191.88336181640625,189.82791137695312,191.12811279296875,3168543
2012-05-15,112.14120483398438,190.28680419921875,192.6099395751953,190.0191192626953,190.66921997070312,3124820
2012-05-16,112.52997589111328,190.9464569091797,192.49522399902344,189.46463012695312,190.6501007080078,5231046
2012-05-17,111.49327850341797,189.1873779296875,191.95985412597656,188.94837951660156,190.88909912109375,5885110
2012-05-18,110.36084747314453,187.26577758789062,190.03823852539062,186.5774383544922,190.03823852539062,6001007
2012-05-21,111.41999816894531,189.06309509277344,189.22561645507812,186.07073974609375,187.3613739013672,4007958
2012-05-22,110.89044952392578,188.1644287109375,189.54110717773438,187.4378662109375,189.33078002929688,3731187
2012-05-23,110.49602508544922,187.49522399902344,187.8489532470703,184.70362854003906,186.93116760253906,4288600
2012-05-24,110.47909545898438,187.46653747558594,187.64817810058594,185.46844482421875,187.37094116210938,3733488
2012-05-25,109.47067260742188,185.75526428222656,187.3804931640625,185.46844482421875,186.52963256835938,3035387
2012-05-29,110.68758392333984,187.8202667236328,189.3690185546875,186.63479614257812,186.63479614257812,3784951
2012-05-30,109.60020446777344,185.9751434326172,186.87380981445312,185.24856567382812,186.2332763671875,3768215
2012-05-31,108.68185424804688,184.4168243408203,186.35755920410156,183.55641174316406,185.56405639648438,9714725
2012-06-01,106.52963256835938,180.7648162841797,183.28871154785156,180.30592346191406,181.7590789794922,5445894
2012-06-04,106.225341796875,180.24856567382812,181.05162048339844,178.7762908935547,180.05735778808594,4837227
2012-06-05,106.59728240966797,180.87954711914062,181.50096130371094,179.31166076660156,179.6558380126953,3720099
2012-06-06,109.29598236083984,185.45889282226562,185.46844482421875,181.66348266601562,182.3900604248047,3808800
2012-06-07,109.54949951171875,185.88909912109375,187.2179718017578,185.4110870361328,186.69215393066406,3871351
2012-06-08,109.94390106201172,186.55831909179688,186.55831909179688,184.22561645507812,185.1912078857422,2593243
2012-06-11,108.46209716796875,184.04397583007812,188.04971313476562,183.91014099121094,187.95411682128906,3423872
2012-06-12,109.61148071289062,185.9942626953125,186.10899353027344,183.69024658203125,183.69024658203125,3162790
2012-06-13,108.79454803466797,184.6080322265625,186.6061248779297,183.89100646972656,185.8126220703125,3397094
2012-06-14,109.92137145996094,186.52008056640625,187.2179718017578,184.26385498046875,184.51242065429688,3749910
2012-06-15,112.17501068115234,190.3441619873047,190.50669860839844,186.806884765625,187.4569854736328,6682894
2012-06-18,111.71866607666016,189.56979370117188,190.8604278564453,188.49903869628906,188.88145446777344,3534329
2012-06-19,112.07923889160156,190.181640625,191.1950225830078,190.05735778808594,190.08604431152344,3449290
2012-06-20,111.99472045898438,190.03823852539062,190.95602416992188,188.8145294189453,189.96176147460938,3533597
2012-06-21,108.95794677734375,184.88528442382812,190.67877197265625,184.69407653808594,190.31549072265625,4515164
2012-06-22,109.13262176513672,185.181640625,186.30975341796875,184.72274780273438,185.3441619873047,9228858
2012-06-25,108.65934753417969,184.3785858154297,184.88528442382812,183.25047302246094,184.01528930664062,3359334
2012-06-26,108.14664459228516,183.50860595703125,185.1625213623047,182.3613739013672,185.0286865234375,3593951
2012-06-27,108.73817443847656,184.51242065429688,185.181640625,182.50477600097656,183.69024658203125,2889784
2012-06-28,107.83673858642578,182.9827880859375,183.6328887939453,180.5927276611328,182.8202667236328,4149796
2012-06-29,110.19181823730469,186.97897338867188,187.1988525390625,183.94837951660156,185.9942626953125,5501542
2012-07-02,110.33268737792969,187.2179718017578,188.52772521972656,186.28106689453125,187.72467041015625,2957042
2012-07-03,110.3890151977539,187.31358337402344,187.70555114746094,186.3384246826172,186.86424255371094,1517118
2012-07-05,110.02838897705078,186.70172119140625,188.193115234375,185.11471557617188,186.30975341796875,2813949
2012-07-06,107.84235382080078,182.9923553466797,185.4110870361328,181.3957977294922,185.3919677734375,5180733
2012-07-09,106.86202239990234,181.32887268066406,182.6003875732422,179.78012084960938,182.37094116210938,4171553
2012-07-10,104.94087219238281,178.06883239746094,182.73422241210938,177.4378662109375,181.93116760253906,4906054
2012-07-11,104.37174224853516,177.10325622558594,179.12045288085938,175.4397735595703,178.0305938720703,5707081
2012-07-12,103.1548080444336,175.03823852539062,176.28106689453125,173.85276794433594,176.14723205566406,5158140
2012-07-13,104.79996490478516,177.829833984375,178.13575744628906,174.9808807373047,175.3919677734375,4113918
2012-07-16,104.11260986328125,176.66348266601562,177.91586303710938,176.46270751953125,177.41873168945312,3289042
2012-07-17,103.4703140258789,175.5736083984375,178.09751892089844,175.14340209960938,177.5621337890625,5395896
2012-07-18,106.06196594238281,179.9713134765625,180.29637145996094,175.47801208496094,176.05162048339844,8388397
2012-07-19,110.0566177368164,186.74952697753906,188.193115234375,184.48374938964844,184.89483642578125,10873588
2012-07-20,108.42831420898438,183.9866180419922,186.32887268066406,183.71893310546875,185.5544891357422,5010026
2012-07-23,107.5156021118164,182.4378662109375,182.88719177246094,179.92352294921875,181.4340362548828,4084107
2012-07-24,107.23955535888672,181.9694061279297,182.90631103515625,180.26768493652344,182.52389526367188,3762567
2012-07-25,107.65644073486328,182.67686462402344,184.29254150390625,180.9942626953125,181.9407196044922,4010155
2012-07-26,109.27342224121094,185.420654296875,186.37667846679688,184.10133361816406,184.9808807373047,3433913
2012-07-27,110.6481704711914,187.7533416748047,188.72848510742188,185.420654296875,186.52008056640625,4369456
2012-07-30,110.81153106689453,188.0305938720703,189.1395721435547,187.30401611328125,187.68641662597656,2915202
2012-07-31,110.41716766357422,187.3613739013672,188.89100646972656,187.26577758789062,187.85850524902344,3668322
2012-08-01,109.96644592285156,186.5965576171875,189.14913940429688,186.1567840576172,188.29827880859375,2677028
2012-08-02,109.55511474609375,185.89866638183594,187.95411682128906,184.53155517578125,185.6214141845703,2941980
2012-08-03,111.84822845458984,189.7896728515625,190.2007598876953,187.53346252441406,187.83938598632812,3428893
2012-08-06,111.98347473144531,190.0191192626953,191.14723205566406,189.7896728515625,190.0191192626953,2445339
2012-08-07,112.64260864257812,191.13766479492188,192.04588317871094,190.05735778808594,190.65965270996094,3357032
2012-08-08,112.61431884765625,190.27725219726562,190.90821838378906,189.4455108642578,189.55067443847656,2163442
2012-08-09,112.26920318603516,189.69407653808594,190.68833923339844,189.1873779296875,189.88528442382812,2259465
2012-08-10,112.76148986816406,190.52581787109375,190.602294921875,188.5659637451172,189.1682586669922,2720123
2012-08-13,112.60305786132812,190.2581329345703,191.1854705810547,189.09178161621094,190.13385009765625,2529542
2012-08-14,112.1956558227539,189.56979370117188,190.56405639648438,189.0248565673828,190.13385009765625,2680166
2012-08-15,112.25784301757812,189.67495727539062,190.56405639648438,189.216064453125,190.15296936035156,2208943
2012-08-16,113.63845825195312,192.0076446533203,192.46653747558594,189.4072723388672,190.0286865234375,2855057
2012-08-17,113.85350799560547,192.37094116210938,193.11663818359375,191.8355712890625,192.23709106445312,2669183
2012-08-20,113.44609832763672,191.68260192871094,192.28489685058594,191.2332763671875,191.86424255371094,2443456
2012-08-21,112.39929962158203,189.91395568847656,192.16061401367188,189.64627075195312,192.1510467529297,3254420
2012-08-22,111.60718536376953,188.57553100585938,189.91395568847656,188.2409210205078,189.90440368652344,3447721
2012-08-23,110.73015594482422,187.09368896484375,188.69024658203125,186.84512329101562,188.374755859375,2884240
2012-08-24,111.90142059326172,189.07266235351562,189.397705078125,185.65965270996094,186.38623046875,2760917
2012-08-27,110.72451782226562,187.08413696289062,189.579345703125,187.0076446533203,189.25430297851562,2613745
2012-08-28,110.26053619384766,186.30018615722656,187.48565673828125,185.9464569091797,186.95985412597656,2656003
2012-08-29,110.37935638427734,186.50096130371094,187.41873168945312,186.32887268066406,186.5487518310547,2239904
2012-08-30,109.41181945800781,184.86614990234375,186.87380981445312,184.68450927734375,186.20458984375,2866981
2012-08-31,110.24922943115234,186.28106689453125,187.33270263671875,184.9521942138672,185.7648162841797,3340192
2012-09-04,110.0738296508789,185.98471069335938,188.49903869628906,184.75143432617188,187.9636688232422,4722062
2012-09-05,110.35675048828125,186.46270751953125,187.23709106445312,185.36329650878906,185.8604278564453,3464875
2012-09-06,112.6539535522461,190.3441619873047,190.68833923339844,187.48565673828125,187.62905883789062,4112558
2012-09-07,112.88029479980469,190.72657775878906,190.72657775878906,189.3690185546875,190.36329650878906,3570730
2012-09-10,113.70067596435547,192.11280822753906,192.94454956054688,189.9904327392578,190.6214141845703,4401568
2012-09-11,115.01338195800781,194.33078002929688,194.51242065429688,191.69215393066406,191.73040771484375,4090488
2012-09-12,115.29634857177734,194.8087921142578,195.6501007080078,194.034423828125,194.56979370117188,3435064
2012-09-13,116.76181030273438,197.28489685058594,197.71510314941406,194.51242065429688,195.3919677734375,4058062
2012-09-14,117.01637268066406,197.71510314941406,198.51815795898438,196.988525390625,197.170166015625,4243727
2012-09-17,117.208740234375,198.04014587402344,198.8432159423828,196.51051330566406,196.51051330566406,3425755
2012-09-18,117.16349029541016,197.9636688232422,198.73805236816406,197.3996124267578,197.7820281982422,2590001
2012-09-19,116.80136108398438,197.35182189941406,198.44168090820312,196.95028686523438,198.4225616455078,2725458
2012-09-20,116.65995788574219,197.11280822753906,197.88719177246094,196.27151489257812,196.7973175048828,3911099
2012-09-21,116.54676818847656,196.92160034179688,198.79541015625,196.86424255371094,198.2409210205078,13358989
2012-09-24,116.15637969970703,196.26194763183594,196.9980926513672,195.88909912109375,196.0038299560547,3672611
2012-09-25,115.9809341430664,195.965576171875,198.2026824951172,195.93690490722656,196.55831909179688,3499079
2012-09-26,115.42643737792969,195.0286865234375,196.92160034179688,194.93307495117188,196.03250122070312,3580772
2012-09-27,116.50713348388672,196.8546905517578,197.8011474609375,195.1625213623047,195.38241577148438,2899407
2012-09-28,117.37853240966797,198.32696533203125,199.15870666503906,196.28106689453125,196.6156768798828,5136801
2012-10-01,119.08727264404297,201.21414184570312,202.4378662109375,198.79541015625,198.86233520507812,5707917
2012-10-02,118.73081970214844,200.6118621826172,202.170166015625,199.33078002929688,201.68260192871094,3473766
2012-10-03,119.10989379882812,201.2523956298828,202.0076446533203,200.09559631347656,200.70745849609375,3339146
2012-10-04,119.04202270507812,201.13766479492188,201.69215393066406,199.35946655273438,201.03250122070312,3093545
2012-10-05,119.15518951416016,201.32887268066406,202.47610473632812,200.82217407226562,201.86424255371094,2989886
2012-10-08,118.719482421875,200.5927276611328,201.37667846679688,200.0095672607422,200.783935546875,2073800
2012-10-09,117.68407440185547,198.8432159423828,201.47227478027344,198.5659637451172,200.71701049804688,3745098
2012-10-10,116.45624542236328,196.76864624023438,199.07266235351562,196.03250122070312,198.68069458007812,4209627
2012-10-11,116.42225646972656,196.71128845214844,198.15487670898438,196.58700561523438,197.48565673828125,3043860
2012-10-12,117.57658386230469,198.6615753173828,198.8145294189453,196.52008056640625,196.5965576171875,2836752
2012-10-15,118.21591186523438,199.7418670654297,200.1912078857422,198.68069458007812,199.69407653808594,3201701
2012-10-16,119.38714599609375,201.72084045410156,201.72084045410156,200.2581329345703,200.70745849609375,5891177
2012-10-17,113.51969909667969,191.806884765625,194.46463012695312,189.818359375,192.3613739013672,13256899
2012-10-18,110.31148529052734,186.38623046875,191.3384246826172,185.53536987304688,191.11854553222656,9723511
2012-10-19,109.40618896484375,184.85659790039062,187.4569854736328,184.68450927734375,186.70172119140625,6924834
2012-10-22,109.9946060180664,185.85086059570312,186.11854553222656,183.97705078125,185.1912078857422,4605015
2012-10-23,108.21229553222656,182.83938598632812,185.46844482421875,182.5430145263672,185.0191192626953,4631060
2012-10-24,107.9124526977539,182.33270263671875,184.7896728515625,182.1797332763672,183.97705078125,3909948
2012-10-25,108.41030883789062,183.1739959716797,183.97705078125,182.32313537597656,182.9923553466797,3399082
2012-10-26,109.35523986816406,184.7705535888672,185.3441619873047,183.04971313476562,183.06883239746094,4190799
2012-10-31,110.06816101074219,185.9751434326172,187.7724609375,185.11471557617188,186.2332763671875,6330706
2012-11-01,111.55062103271484,188.47991943359375,189.1873779296875,185.9942626953125,186.11854553222656,3931705
2012-11-02,109.44579315185547,184.92352294921875,189.29254150390625,184.7896728515625,188.8432159423828,4456065
2012-11-05,109.84750366210938,185.602294921875,186.3957977294922,183.5659637451172,183.90057373046875,2862065
2012-11-06,110.3737564086914,186.49139404296875,188.09751892089844,186.11854553222656,186.67303466796875,3431926
2012-11-07,108.6347427368164,182.7533416748047,185.1625213623047,182.7533416748047,184.85659790039062,4964525
2012-11-08,108.0323486328125,181.73995971679688,183.374755859375,181.73040771484375,182.9827880859375,3705141
2012-11-09,107.77088928222656,181.30018615722656,183.2122344970703,180.5736083984375,181.50096130371094,3840494
2012-11-12,107.54930114746094,180.92733764648438,182.3804931640625,179.1682586669922,181.67303466796875,3208500
2012-11-13,107.02076721191406,180.03823852539062,182.48565673828125,179.9713134765625,180.10516357421875,3563408
2012-11-14,105.42386627197266,177.35182189941406,180.9464569091797,177.13192749023438,180.82217407226562,4607002
2012-11-15,105.61711120605469,177.67686462402344,178.96749877929688,176.65391540527344,177.65774536132812,3568638
2012-11-16,106.2365493774414,178.71893310546875,179.31166076660156,176.95985412597656,178.13575744628906,4875197
2012-11-19,108.17443084716797,181.97897338867188,182.0172119140625,180.0191192626953,180.32504272460938,3753989
2012-11-20,107.52092742919922,180.87954711914062,181.74952697753906,179.9713134765625,181.52963256835938,3316029
2012-11-21,108.14031219482422,181.92160034179688,182.49522399902344,180.64053344726562,180.9751434326172,5428322
2012-11-23,109.9588394165039,184.9808807373047,184.9808807373047,182.4091796875,182.6003875732422,4055970
2012-11-26,109.61222839355469,184.397705078125,184.86614990234375,183.33651733398438,183.9866180419922,5449974
2012-11-27,108.67450714111328,182.8202667236328,184.5602264404297,182.6003875732422,183.6328887939453,3442281
2012-11-28,109.10079193115234,183.53729248046875,183.5946502685547,180.9464569091797,182.58126831054688,3769366
2012-11-29,108.84500885009766,183.10707092285156,184.4168243408203,181.8355712890625,184.27342224121094,4265483
2012-11-30,108.01529693603516,181.71128845214844,183.55641174316406,181.16635131835938,183.31739807128906,5163474
2012-12-03,107.68000793457031,181.14723205566406,182.88719177246094,180.07647705078125,182.37094116210938,3503682
2012-12-04,107.6118392944336,181.03250122070312,182.3613739013672,180.70745849609375,181.3671112060547,4174272
2012-12-05,107.20832061767578,180.35372924804688,181.12811279296875,178.71893310546875,180.69789123535156,4395397
2012-12-06,107.80503845214844,181.35755920410156,181.81643676757812,180.12428283691406,180.85086059570312,3364564
2012-12-07,109.08372497558594,183.50860595703125,183.7476043701172,181.74952697753906,181.7781982421875,4279500
2012-12-10,109.46444702148438,184.14913940429688,185.0286865234375,183.2218017578125,183.71893310546875,3596671
2012-12-11,110.36238098144531,185.65965270996094,186.2332763671875,184.6558380126953,184.68450927734375,4334624
2012-12-12,109.65193939208984,184.46463012695312,186.1854705810547,183.9961700439453,186.0420684814453,4437027
2012-12-13,109.10639953613281,183.54684448242188,184.5602264404297,182.95411682128906,183.72848510742188,3789867
2012-12-14,108.97571563720703,183.32696533203125,184.89483642578125,182.8489532470703,183.26004028320312,4002937
2012-12-17,110.03274536132812,185.10516357421875,185.38241577148438,183.32696533203125,183.32696533203125,3966850
2012-12-18,111.20909881591797,187.08413696289062,187.30401611328125,185.31549072265625,185.32504272460938,4315691
2012-12-19,110.8624267578125,186.50096130371094,187.81069946289062,186.42446899414062,186.86424255371094,4466943
2012-12-20,110.68626403808594,186.20458984375,186.37667846679688,184.66539001464844,185.91778564453125,4376987
2012-12-21,109.9190673828125,184.91395568847656,185.9464569091797,183.1453094482422,184.6080322265625,8603664
2012-12-24,109.33941650390625,183.93881225585938,185.30592346191406,183.57553100585938,184.5602264404297,1706235
2012-12-26,109.08372497558594,183.50860595703125,185.0191192626953,182.55258178710938,183.75717163085938,2904219
2012-12-27,109.5156021118164,184.2351837158203,184.78012084960938,182.31358337402344,183.10707092285156,4150110
2012-12-28,107.87889862060547,181.48184204101562,183.7667236328125,181.48184204101562,182.70555114746094,3699284
2012-12-31,108.85636901855469,183.12619018554688,183.25047302246094,180.53536987304688,180.90821838378906,4900405
2013-01-02,111.58418273925781,187.71510314941406,187.71510314941406,185.27725219726562,185.5544891357422,4428869
2013-01-03,110.97039794921875,186.68260192871094,187.65774536132812,185.88909912109375,187.06500244140625,3812356
2013-01-04,110.24301147460938,185.45889282226562,185.90821838378906,184.30210876464844,185.6501007080078,3535689
2013-01-07,109.76001739501953,184.64627075195312,185.2581329345703,183.88145446777344,184.89483642578125,2993966
2013-01-08,109.60652160644531,184.3881378173828,184.7992401123047,183.1739959716797,184.43594360351562,3166137
2013-01-09,109.29398345947266,183.86233520507812,184.9808807373047,183.2218017578125,184.9713134765625,3359752
2013-01-10,109.61222839355469,184.397705078125,184.47418212890625,182.86807250976562,184.17782592773438,3774073
2013-01-11,110.50439453125,185.89866638183594,186.42446899414062,184.4168243408203,185.6118621826172,4058898
2013-01-14,109.46444702148438,184.14913940429688,184.78012084960938,183.31739807128906,184.34034729003906,4364121
2013-01-15,109.39622497558594,184.034423828125,184.25430297851562,182.0172119140625,182.89674377441406,4364017
2013-01-16,109.44737243652344,184.12045288085938,184.68450927734375,182.93499755859375,183.55641174316406,3099193
2013-01-17,110.04978942871094,185.13385009765625,185.90821838378906,184.7418670654297,185.32504272460938,4060154
2013-01-18,110.51580047607422,185.91778564453125,186.42446899414062,185.27725219726562,185.49713134765625,4769342
2013-01-22,111.43071746826172,187.4569854736328,187.4569854736328,185.47801208496094,185.8126220703125,7502226
2013-01-23,116.34075164794922,195.71701049804688,199.4072723388672,194.4168243408203,194.55067443847656,13106903
2013-01-24,116.17028045654297,195.43020629882812,196.0420684814453,194.14913940429688,194.94264221191406,4651771
2013-01-25,116.4828109741211,195.95602416992188,196.1567840576172,195.15296936035156,195.45889282226562,3513409
2013-01-28,116.46007537841797,195.91778564453125,197.1510467529297,195.30592346191406,195.84129333496094,2953590
2013-01-29,115.87479400634766,194.93307495117188,196.68260192871094,194.68450927734375,195.35372924804688,3783487
2013-01-30,115.65884399414062,194.56979370117188,195.86997985839844,194.25430297851562,194.73231506347656,3136326
2013-01-31,115.403076171875,194.1395721435547,195.47801208496094,194.034423828125,194.3785858154297,3233604
2013-02-01,116.6021728515625,196.1567840576172,196.31930541992188,194.87571716308594,195.6501007080078,3525752
2013-02-04,115.812255859375,194.82791137695312,196.0038299560547,194.61758422851562,195.2103271484375,3335485
2013-02-05,115.24396514892578,193.87188720703125,195.74569702148438,193.6042022705078,195.32504272460938,3804197
2013-02-06,114.71894836425781,192.1797332763672,192.4378662109375,190.783935546875,191.5774383544922,3790913
2013-02-07,113.98847198486328,190.95602416992188,192.07456970214844,189.94264221191406,191.7973175048828,3218228
2013-02-08,115.09556579589844,192.81069946289062,193.2026824951172,190.89866638183594,191.1759033203125,3026392
2013-02-11,114.2281494140625,191.35755920410156,193.06883239746094,190.965576171875,192.14149475097656,3080156
2013-02-12,114.15966033935547,191.24282836914062,191.91204833984375,190.26768493652344,191.21414184570312,2575043
2013-02-13,114.18821716308594,191.29063415527344,192.11280822753906,190.7935028076172,191.8260040283203,2269611
2013-02-14,113.93710327148438,190.86997985839844,191.51051330566406,190.49713134765625,190.9464569091797,3445733
2013-02-15,114.69612884521484,192.14149475097656,192.3996124267578,191.03250122070312,191.1854705810547,3794679
2013-02-19,114.31945037841797,191.51051330566406,193.011474609375,191.4149169921875,191.7781982421875,3136222
2013-02-20,113.74308013916016,190.54493713378906,192.8489532470703,190.11471557617188,191.7973175048828,3886308
2013-02-21,113.18384552001953,189.6080322265625,190.31549072265625,189.397705078125,189.89483642578125,4103353
2013-02-22,114.7589340209961,192.2466583251953,192.2466583251953,190.09559631347656,190.46844482421875,3250863
2013-02-25,112.71585845947266,188.8240966796875,193.5850830078125,188.8240966796875,192.8011474609375,4021661
2013-02-26,113.64604949951172,190.38241577148438,191.10899353027344,189.1395721435547,189.89483642578125,3547614
2013-02-27,115.466552734375,193.43212890625,193.83364868164062,189.86614990234375,190.14340209960938,4377615
2013-02-28,114.61056518554688,191.9980926513672,194.1873779296875,191.95985412597656,193.28871154785156,4904903
2013-03-01,115.79753875732422,193.9866180419922,194.01528930664062,190.5927276611328,191.8260040283203,3460482
2013-03-04,117.09870147705078,196.16635131835938,196.16635131835938,193.64244079589844,193.68069458007812,3863296
2013-03-05,117.8634033203125,197.44741821289062,198.5659637451172,196.6443634033203,196.806884765625,3982959
2013-03-06,118.9191665649414,199.216064453125,199.32122802734375,197.5717010498047,197.92543029785156,3760161
2013-03-07,119.51270294189453,200.2103271484375,200.38241577148438,199.08221435546875,199.13002014160156,4063082
2013-03-08,120.0605239868164,201.12811279296875,201.47227478027344,200.21987915039062,200.6214141845703,3870723
2013-03-11,119.88931274414062,200.84129333496094,200.95602416992188,199.84703063964844,200.8030548095703,3189986
2013-03-12,120.1575927734375,201.29063415527344,201.46270751953125,199.89483642578125,200.1912078857422,3756814
2013-03-13,121.01924896240234,202.73422241210938,203.02102661132812,200.54493713378906,200.95602416992188,3510271
2013-03-14,123.15363311767578,206.30975341796875,206.3671112060547,202.8202667236328,202.8202667236328,5758753
2013-03-15,122.65145874023438,205.46844482421875,206.4053497314453,204.0248565673828,205.90821838378906,8295094
2013-03-18,121.6756362915039,203.83364868164062,205.06692504882812,203.28871154785156,203.53729248046875,3144276
2013-03-19,121.8068618774414,204.0535430908203,205.65965270996094,202.51434326171875,204.71319580078125,3345736
2013-03-20,122.73135375976562,205.602294921875,206.32887268066406,204.87571716308594,205.31549072265625,3157874
2013-03-21,121.13343048095703,202.92543029785156,203.6328887939453,200.86997985839844,203.5946502685547,6098598
2013-03-22,121.0307388305664,202.7533416748047,203.79541015625,202.31358337402344,202.87762451171875,3170949
2013-03-25,120.26597595214844,201.47227478027344,203.4512481689453,200.8126220703125,203.193115234375,3391655
2013-03-26,121.19049835205078,203.02102661132812,203.15487670898438,202.1988525390625,202.4569854736328,2406114
2013-03-27,120.3515625,201.6156768798828,202.829833984375,200.8604278564453,201.68260192871094,3371676
2013-03-28,121.72697448730469,203.91969299316406,204.0535430908203,200.51625061035156,200.602294921875,3922395
2013-04-01,121.20191192626953,203.04014587402344,204.11090087890625,201.95985412597656,203.44168090820312,2243147
2013-04-02,122.33184814453125,204.93307495117188,205.26768493652344,202.26577758789062,203.55641174316406,3260173
2013-04-03,121.36177062988281,203.30784606933594,205.4397735595703,203.27915954589844,204.89483642578125,3272725
2013-04-04,120.59123229980469,202.0172119140625,203.5659637451172,200.8030548095703,203.41299438476562,3880137
2013-04-05,119.50699615478516,200.2007598876953,200.6118621826172,197.26577758789062,199.90440368652344,4338808
2013-04-08,119.45563507080078,200.11471557617188,200.11471557617188,198.2122344970703,199.87571716308594,2459355
2013-04-09,119.39855194091797,200.0191192626953,200.7648162841797,199.43594360351562,200.3441619873047,2695856
2013-04-10,120.98503875732422,202.67686462402344,203.1644287109375,201.21414184570312,202.5430145263672,3686313
2013-04-11,121.51006317138672,203.55641174316406,203.71893310546875,201.5774383544922,202.1988525390625,3823758
2013-04-12,120.63123321533203,202.08413696289062,202.18930053710938,200.5544891357422,201.52008056640625,3311008
2013-04-15,119.42134857177734,200.05735778808594,202.3804931640625,200.05735778808594,201.1854705810547,4412133
2013-04-16,120.98503875732422,202.67686462402344,202.67686462402344,200.0,201.56787109375,2991037
2013-04-17,119.65534210205078,200.44932556152344,201.806884765625,200.28680419921875,201.27151489257812,3420211
2013-04-18,118.2171859741211,198.04014587402344,201.0038299560547,197.08413696289062,200.86997985839844,6801092
2013-04-19,108.43000793457031,181.6443634033203,187.85850524902344,181.4149169921875,187.13192749023438,19713962
2013-04-22,107.1916275024414,179.56979370117188,182.9636688232422,179.4263916015625,182.74378967285156,10298288
2013-04-23,109.34880828857422,183.18356323242188,184.08221435546875,180.31549072265625,180.9464569091797,6585721
2013-04-24,109.40586853027344,183.27915954589844,184.034423828125,182.68641662597656,183.70936584472656,3863819
2013-04-25,110.68418884277344,185.420654296875,186.58700561523438,183.86233520507812,184.216064453125,4864841
2013-04-26,110.8896484375,185.7648162841797,186.14723205566406,184.75143432617188,185.6214141845703,3650854
2013-04-29,113.65177917480469,190.3919677734375,190.89866638183594,186.08985900878906,186.21414184570312,6205290
2013-04-30,115.58637237548828,193.6328887939453,193.68069458007812,188.67112731933594,190.3728485107422,7886735
2013-05-01,113.92570495605469,190.85086059570312,193.27915954589844,190.4397735595703,192.9923553466797,5124459
2013-05-02,115.50077819824219,193.48948669433594,193.52772521972656,190.965576171875,191.31930541992188,4126575
2013-05-03,116.71062469482422,195.51625061035156,196.29063415527344,194.7896728515625,194.9713134765625,4699364
2013-05-06,115.72335052490234,193.86233520507812,195.0191192626953,192.65774536132812,194.82791137695312,5048519
2013-05-07,116.20841979980469,194.67495727539062,194.7705535888672,192.7820281982422,193.89100646972656,3609746
2013-05-08,117.4354019165039,195.8126220703125,195.84129333496094,193.6042022705078,194.01528930664062,3767378
2013-05-09,116.52948760986328,194.30210876464844,195.98471069335938,193.8049774169922,195.68833923339844,3705246
2013-05-10,117.23468780517578,195.47801208496094,195.53536987304688,193.90057373046875,194.4263916015625,3430043
2013-05-13,116.08804321289062,193.5659637451172,195.47801208496094,193.32696533203125,195.2007598876953,3816226
2013-05-14,116.51231384277344,194.27342224121094,194.71319580078125,193.193115234375,193.2026824951172,3869886
2013-05-15,116.57535552978516,194.3785858154297,194.72274780273438,193.15487670898438,193.3556365966797,4213393
2013-05-16,117.36087799072266,195.68833923339844,197.50477600097656,195.0286865234375,195.0286865234375,4714322
2013-05-17,119.510986328125,199.27342224121094,200.28680419921875,195.9751434326172,196.2237091064453,5966489
2013-05-20,119.02935791015625,198.47036743164062,199.9521942138672,198.29827880859375,198.87188720703125,3780767
2013-05-21,119.6313705444336,199.47418212890625,200.26768493652344,197.89674377441406,198.12619018554688,3120113
2013-05-22,118.67960357666016,197.88719177246094,200.90821838378906,197.05545043945312,199.33078002929688,5425393
2013-05-23,118.20370483398438,197.09368896484375,199.43594360351562,196.10899353027344,196.44358825683594,5417339
2013-05-24,117.9514389038086,196.67303466796875,197.35182189941406,195.43020629882812,195.68833923339844,3447407
2013-05-28,119.13253021240234,198.64244079589844,199.4168243408203,198.04971313476562,198.31739807128906,4196029
2013-05-29,119.21286010742188,198.7762908935547,199.25430297851562,196.97897338867188,197.1510467529297,3597612
2013-05-30,120.0384521484375,200.15296936035156,201.71128845214844,197.86807250976562,197.86807250976562,4602086
2013-05-31,119.2701644897461,198.87188720703125,202.65774536132812,198.87188720703125,199.4168243408203,5176654
2013-06-03,119.80338287353516,199.76100158691406,200.8126220703125,198.2122344970703,199.09178161621094,3474812
2013-06-04,118.22088623046875,197.12237548828125,199.8087921142578,196.06118774414062,199.4263916015625,3763822
2013-06-05,116.24283599853516,193.8240966796875,197.2179718017578,193.49903869628906,196.13766479492188,4409308
2013-06-06,116.8505630493164,194.8374786376953,195.21987915039062,192.6099395751953,194.07266235351562,3848652
2013-06-07,118.31263732910156,197.27532958984375,197.27532958984375,195.13385009765625,195.84129333496094,3089256
2013-06-10,117.55010986328125,196.0038299560547,197.87762451171875,195.88909912109375,197.86807250976562,2774306
2013-06-11,116.95379638671875,195.0095672607422,196.89292907714844,193.6042022705078,194.2351837158203,2943862
2013-06-12,115.35985565185547,192.35182189941406,196.20458984375,191.69215393066406,195.5927276611328,3566651
2013-06-13,116.83336639404297,194.8087921142578,195.4110870361328,191.52963256835938,192.170166015625,3032877
2013-06-14,115.93321990966797,193.30784606933594,195.73614501953125,192.93499755859375,195.0,2933507
2013-06-17,116.4148941040039,194.11090087890625,196.14723205566406,193.64244079589844,194.49330139160156,3368015
2013-06-18,117.46408081054688,195.8604278564453,197.02676391601562,193.94837951660156,194.09178161621094,3428579
2013-06-19,115.7841567993164,193.0592803955078,196.0133819580078,193.04971313476562,195.44932556152344,2977021
2013-06-20,113.15241241455078,188.67112731933594,192.829833984375,188.6042022705078,191.84512329101562,4722481
2013-06-21,112.06877899169922,186.86424255371094,189.7896728515625,185.0286865234375,189.7705535888672,9324881
2013-06-24,110.96793365478516,185.0286865234375,186.3384246826172,182.92543029785156,185.45889282226562,4556585
2013-06-25,111.79356384277344,186.4053497314453,186.988525390625,184.6558380126953,186.72084045410156,4023125
2013-06-26,111.72474670410156,186.29063415527344,187.6003875732422,185.9464569091797,187.35182189941406,3472929
2013-06-27,112.17772674560547,187.04588317871094,188.2409210205078,186.70172119140625,187.4282989501953,3675853
2013-06-28,109.57467651367188,182.70555114746094,184.1873779296875,180.12428283691406,183.29827880859375,10518367
2013-07-01,109.6721420288086,182.86807250976562,185.27725219726562,182.71510314941406,183.69981384277344,4646750
2013-07-02,109.79826354980469,183.07839965820312,184.73231506347656,181.89292907714844,182.3900604248047,3825954
2013-07-03,110.80165100097656,184.75143432617188,185.67877197265625,182.13192749023438,182.58126831054688,1958740
2013-07-05,111.76488494873047,186.35755920410156,186.5774383544922,183.89100646972656,185.93690490722656,2516048
2013-07-08,111.79356384277344,186.4053497314453,187.170166015625,186.05162048339844,186.9980926513672,3083085
2013-07-09,109.68360137939453,182.88719177246094,184.32122802734375,182.3900604248047,183.44168090820312,5443593
2013-07-10,110.22830200195312,183.79541015625,184.92352294921875,182.85850524902344,183.08795166015625,4071032
2013-07-11,110.54364776611328,184.32122802734375,185.5736083984375,184.1395721435547,185.2581329345703,4369665
2013-07-12,110.12508392333984,183.62332153320312,185.181640625,183.1644287109375,184.579345703125,4701456
2013-07-15,111.23165893554688,185.46844482421875,186.31930541992188,183.25047302246094,183.9579315185547,5935736
2013-07-16,111.14567565917969,185.32504272460938,186.02294921875,184.2064971923828,185.50669860839844,3917584
2013-07-17,111.54705810546875,185.9942626953125,186.31930541992188,184.54110717773438,186.1567840576172,7184346
2013-07-18,113.51940155029297,189.28298950195312,192.10325622558594,187.37094116210938,189.55067443847656,8779496
2013-07-19,110.96793365478516,185.0286865234375,189.28298950195312,184.7418670654297,189.2064971923828,7319490
2013-07-22,111.28327941894531,185.5544891357422,187.1797332763672,184.78012084960938,184.89483642578125,3554308
2013-07-23,111.79356384277344,186.4053497314453,187.7915802001953,185.56405639648438,185.66921997070312,2995535
2013-07-24,112.72816467285156,187.9636688232422,188.62332153320312,187.2466583251953,187.33270263671875,3093963
2013-07-25,113.07786560058594,188.54684448242188,189.13002014160156,187.05545043945312,187.66729736328125,3152958
2013-07-26,113.15241241455078,188.67112731933594,188.69024658203125,186.42446899414062,187.94454956054688,2599415
2013-07-29,112.49878692626953,187.58126831054688,188.51815795898438,186.93116760253906,188.1739959716797,2210930
2013-07-30,112.38411712646484,187.3900604248047,189.13002014160156,187.1988525390625,188.32696533203125,2785707
2013-07-31,111.82796478271484,186.46270751953125,188.25047302246094,185.93690490722656,185.93690490722656,3985260
2013-08-01,112.26944732666016,187.1988525390625,188.49903869628906,186.81643676757812,188.0019073486328,3010074
2013-08-02,111.89677429199219,186.5774383544922,186.90248107910156,184.72274780273438,186.90248107910156,4052204
2013-08-05,112.09175109863281,186.90248107910156,187.26577758789062,185.8030548095703,186.5774383544922,2605481
2013-08-06,109.5058364868164,182.5908203125,184.04397583007812,181.90248107910156,183.8049774169922,6211671
2013-08-07,108.65302276611328,180.26768493652344,181.5774383544922,179.78012084960938,181.26194763183594,4081178
2013-08-08,108.29003143310547,179.66539001464844,181.52008056640625,178.57553100585938,181.11854553222656,4756790
2013-08-09,108.2266616821289,179.5602264404297,180.84129333496094,178.7762908935547,179.73231506347656,3399082
2013-08-12,108.95841217041016,180.77438354492188,181.2237091064453,178.67112731933594,178.7476043701172,3165719
2013-08-13,108.5723648071289,180.13385009765625,181.63479614257812,179.31166076660156,181.20458984375,3705873
2013-08-14,108.05955505371094,179.28298950195312,180.6214141845703,179.06309509277344,180.28680419921875,3025346
2013-08-15,107.05691528320312,177.6195068359375,178.7762908935547,177.29444885253906,178.04014587402344,3862250
2013-08-16,106.79759979248047,177.18930053710938,178.26004028320312,177.18930053710938,177.3804931640625,3584014
2013-08-19,106.15799713134766,176.12811279296875,178.29827880859375,175.88909912109375,177.1510467529297,3398349
2013-08-20,106.34813690185547,176.44358825683594,177.46653747558594,175.11471557617188,176.26194763183594,3261219
2013-08-21,106.52103424072266,176.73040771484375,178.36520385742188,176.1759033203125,176.5487518310547,3714346
2013-08-22,106.71116638183594,177.04588317871094,178.0592803955078,176.14723205566406,177.48565673828125,2462598
2013-08-23,106.84369659423828,177.26577758789062,177.5717010498047,176.45315551757812,177.18930053710938,2398164
2013-08-26,106.45186614990234,176.6156768798828,178.7762908935547,176.55831909179688,177.12237548828125,2270238
2013-08-27,105.2994155883789,174.70362854003906,176.38623046875,174.54110717773438,175.5544891357422,3337472
2013-08-28,104.96519470214844,174.14913940429688,175.4015350341797,173.13575744628906,174.64627075195312,4162243
2013-08-29,105.24180603027344,174.6080322265625,175.6214141845703,173.46080017089844,173.9579315185547,3118021
2013-08-30,105.0285873413086,174.25430297851562,174.94264221191406,173.52772521972656,174.71319580078125,2856626
2013-09-03,106.00237274169922,175.86997985839844,176.21414184570312,174.48374938964844,175.5544891357422,3647611
2013-09-04,105.52409362792969,175.07647705078125,176.08985900878906,174.29254150390625,175.50669860839844,2717403
2013-09-05,106.11186218261719,176.05162048339844,176.86424255371094,175.0191192626953,175.28680419921875,2999510
2013-09-06,105.46653747558594,174.9808807373047,176.8546905517578,174.61758422851562,176.52963256835938,3037061
2013-09-09,106.59015655517578,176.84512329101562,177.33270263671875,175.24856567382812,175.602294921875,3155991
2013-09-10,107.52364349365234,178.3938751220703,179.397705078125,178.1739959716797,178.96749877929688,3294482
2013-09-11,109.88614654541016,182.31358337402344,182.47610473632812,178.6042022705078,178.61376953125,5191193
2013-09-12,109.90348815917969,182.34225463867188,182.90631103515625,181.50096130371094,182.5621337890625,3509121
2013-09-13,110.73323822021484,183.71893310546875,184.6080322265625,182.6003875732422,182.8011474609375,3881078
2013-09-16,111.29794311523438,184.6558380126953,186.24282836914062,184.1395721435547,185.181640625,4081910
2013-09-17,110.72745513916016,183.70936584472656,185.6118621826172,183.3938751220703,184.91395568847656,3065721
2013-09-18,112.02974700927734,185.86997985839844,186.31930541992188,183.55641174316406,184.13002014160156,4018523
2013-09-19,111.43619537353516,184.88528442382812,186.31930541992188,184.72274780273438,185.64053344726562,3324293
2013-09-20,109.49435424804688,181.66348266601562,185.87954711914062,181.66348266601562,185.43020629882812,8918091
2013-09-23,110.05327606201172,182.5908203125,183.94837951660156,181.0038299560547,181.70172119140625,3494477
2013-09-24,109.46549987792969,181.6156768798828,183.13575744628906,181.31930541992188,182.53346252441406,3227224
2013-09-25,109.17742156982422,181.13766479492188,182.23709106445312,180.2103271484375,181.7781982421875,2776607
2013-09-26,109.6095962524414,181.8546905517578,183.32696533203125,181.12811279296875,181.73995971679688,2189906
2013-09-27,107.70804595947266,178.69981384277344,180.6309814453125,178.25047302246094,180.56405639648438,4085153
2013-09-30,106.7054214477539,177.0363311767578,178.52772521972656,176.2332763671875,177.3996124267578,4161197
2013-10-01,107.39688110351562,178.18356323242188,178.44168090820312,176.52963256835938,177.18930053710938,2804535
2013-10-02,106.57862091064453,176.8260040283203,178.11663818359375,176.30018615722656,177.3804931640625,3783487
2013-10-03,105.94480895996094,175.77438354492188,176.8260040283203,174.9521942138672,176.5774383544922,3359543
2013-10-04,106.08309936523438,176.0038299560547,176.988525390625,175.50669860839844,176.07073974609375,2995326
2013-10-07,104.87873840332031,174.0057373046875,175.24856567382812,173.85276794433594,173.85276794433594,4148854
2013-10-08,102.98300170898438,170.8604278564453,173.9866180419922,170.85086059570312,173.89100646972656,5834902
2013-10-09,104.4811782836914,173.34608459472656,173.68069458007812,171.2237091064453,171.48184204101562,4626981
2013-10-10,106.46915435791016,176.6443634033203,176.6443634033203,174.34034729003906,175.11471557617188,3827209
2013-10-11,107.27012634277344,177.97323608398438,178.04014587402344,176.02294921875,177.10325622558594,3381300
2013-10-14,107.73684692382812,178.7476043701172,178.7667236328125,176.30975341796875,177.25621032714844,2785603
2013-10-15,106.40577697753906,176.53919982910156,177.76290893554688,176.11854553222656,177.5717010498047,3519895
2013-10-16,107.59855651855469,178.51815795898438,178.51815795898438,176.8546905517578,177.26577758789062,7027028
2013-10-17,100.74150848388672,167.14149475097656,169.216064453125,164.9808807373047,166.1950225830078,23397869
2013-10-18,100.13642883300781,166.13766479492188,167.30401611328125,165.6309814453125,167.11280822753906,11033208
2013-10-21,99.6063232421875,165.2581329345703,167.06500244140625,165.03823852539062,166.74952697753906,7425240
2013-10-22,100.82215118408203,167.27532958984375,167.8489532470703,165.3441619873047,165.72657775878906,7298256
2013-10-23,101.28312683105469,168.04014587402344,168.25047302246094,166.73040771484375,167.3900604248047,5658232
2013-10-24,102.45286560058594,169.9808807373047,170.06692504882812,168.49903869628906,168.67112731933594,5787832
2013-10-25,101.90543365478516,169.07266235351562,171.2237091064453,168.50860595703125,170.5831756591797,5065569
2013-10-28,102.19355010986328,169.55067443847656,170.06692504882812,168.4512481689453,169.25430297851562,3883484
2013-10-29,104.94213104248047,174.11090087890625,174.30210876464844,169.69407653808594,169.8087921142578,9314212
2013-10-30,103.80697631835938,172.2275390625,174.1682586669922,171.95028686523438,173.69981384277344,5516290
2013-10-31,103.26536560058594,171.32887268066406,173.68069458007812,171.16635131835938,171.74952697753906,4516733
2013-11-01,103.27688598632812,171.34799194335938,172.4091796875,171.0133819580078,171.90248107910156,3812147
2013-11-04,103.87612915039062,172.34225463867188,172.8489532470703,171.45315551757812,171.988525390625,3643532
2013-11-05,102.48167419433594,170.0286865234375,171.89292907714844,169.89483642578125,171.6443634033203,6377253
2013-11-06,103.8083267211914,171.30975341796875,171.84512329101562,169.96176147460938,170.08604431152344,4770492
2013-11-07,104.27757263183594,172.08413696289062,173.41299438476562,171.70172119140625,171.70172119140625,5459597
2013-11-08,104.27177429199219,172.07456970214844,172.16061401367188,169.55067443847656,170.965576171875,6563650
2013-11-11,105.9460220336914,174.8374786376953,175.32504272460938,172.12237548828125,172.26577758789062,5462526
2013-11-12,106.05607604980469,175.0191192626953,175.95602416992188,174.24473571777344,174.50286865234375,4454391
2013-11-13,106.33416748046875,175.47801208496094,175.47801208496094,173.6042022705078,174.25430297851562,4920802
2013-11-14,105.55786895751953,174.1969451904297,175.14340209960938,171.7590789794922,172.5430145263672,6612289
2013-11-15,106.12557983398438,175.13385009765625,175.21987915039062,173.193115234375,174.35946655273438,5414201
2013-11-18,106.86714935302734,176.35755920410156,176.8546905517578,175.2103271484375,175.44932556152344,5590765
2013-11-19,107.31896209716797,177.10325622558594,178.011474609375,176.05162048339844,176.51051330566406,4787542
2013-11-20,107.28422546386719,177.04588317871094,178.04971313476562,176.52963256835938,177.07456970214844,3813507
2013-11-21,106.6701431274414,176.03250122070312,177.58126831054688,175.3441619873047,177.3804931640625,4664637
2013-11-22,105.0306625366211,173.32696533203125,176.8546905517578,172.0076446533203,175.43020629882812,7960269
2013-11-25,103.66351318359375,171.07073974609375,172.8011474609375,170.0,172.32313537597656,7491347
2013-11-26,102.71923065185547,169.51242065429688,171.07073974609375,169.51242065429688,170.8126220703125,6020776
2013-11-27,103.6808853149414,171.09942626953125,172.25621032714844,170.0,170.0095672607422,4807939
2013-11-29,104.0921859741211,171.7781982421875,172.81069946289062,171.12811279296875,171.32887268066406,3002543
2013-12-02,102.81768035888672,169.67495727539062,171.69215393066406,169.33078002929688,171.56787109375,4769760
2013-12-03,102.00663757324219,168.33651733398438,170.3919677734375,167.91586303710938,169.216064453125,6133744
2013-12-04,101.80967712402344,168.011474609375,169.69407653808594,167.4569854736328,167.65774536132812,5509700
2013-12-05,102.00663757324219,168.33651733398438,169.08221435546875,167.5717010498047,168.4034423828125,4586605
2013-12-06,102.92774963378906,169.85659790039062,170.17208862304688,168.26959228515625,168.92926025390625,4957831
2013-12-09,102.80613708496094,169.6558380126953,170.31549072265625,169.0535430908203,170.1625213623047,3971244
2013-12-10,102.60914611816406,169.33078002929688,169.85659790039062,168.31739807128906,169.12045288085938,4317679
2013-12-11,101.49684143066406,167.49522399902344,169.94264221191406,167.3996124267578,169.216064453125,4278558
2013-12-12,100.43669891357422,165.74569702148438,168.06883239746094,165.67877197265625,167.3613739013672,5932494
2013-12-13,100.10649108886719,165.2007598876953,166.71128845214844,165.13385009765625,165.88909912109375,4376882
2013-12-16,103.03202056884766,170.0286865234375,170.50669860839844,165.13385009765625,165.602294921875,7862782
2013-12-17,101.82125091552734,168.0305938720703,169.68450927734375,167.41873168945312,169.5602264404297,5723607
2013-12-18,103.52439880371094,170.84129333496094,170.87954711914062,167.16061401367188,168.69024658203125,5959794
2013-12-19,104.40503692626953,172.29444885253906,172.6003875732422,170.05735778808594,170.05735778808594,6199642
2013-12-20,104.28913116455078,172.10325622558594,173.9961700439453,172.10325622558594,172.1988525390625,8005561
2013-12-23,105.5694351196289,174.216064453125,174.88528442382812,172.66729736328125,173.08795166015625,4267575
2013-12-24,106.1429214477539,175.1625213623047,175.43020629882812,173.91014099121094,173.9579315185547,1687826
2013-12-26,107.37696075439453,177.1988525390625,177.3996124267578,175.4397735595703,175.48757934570312,3478682
2013-12-27,107.22048950195312,176.9407196044922,178.29827880859375,176.44358825683594,177.66729736328125,3537154
2013-12-30,107.99103546142578,178.2122344970703,178.48948669433594,176.5487518310547,177.170166015625,3157456
2013-12-31,108.66301727294922,179.32122802734375,179.53155517578125,178.10707092285156,178.28871154785156,3786206
2014-01-02,107.48120880126953,177.37094116210938,179.15870666503906,177.05545043945312,178.97705078125,4755639
2014-01-03,108.12423706054688,178.43212890625,179.11090087890625,177.1510467529297,177.65774536132812,4250107
2014-01-06,107.75344848632812,177.8202667236328,179.12045288085938,177.1510467529297,178.91969299316406,4254919
2014-01-07,109.90271759033203,181.3671112060547,181.97897338867188,178.18356323242188,178.193115234375,6205186
2014-01-08,108.89473724365234,179.70362854003906,181.08985900878906,179.0248565673828,181.0038299560547,4815470
2014-01-09,108.5529556274414,179.1395721435547,181.16635131835938,178.34608459472656,180.70745849609375,4520080
2014-01-10,108.48346710205078,179.0248565673828,180.27725219726562,178.08795166015625,180.0286865234375,4207430
2014-01-13,106.68751525878906,176.06118774414062,178.72848510742188,175.77438354492188,178.06883239746094,6050796
2014-01-14,107.7071533203125,177.74378967285156,178.23135375976562,175.7935028076172,176.92160034179688,4831683
2014-01-15,108.76151275634766,179.48374938964844,180.35372924804688,177.33270263671875,177.64817810058594,5038059
2014-01-16,109.3524169921875,180.45889282226562,180.67877197265625,178.5850830078125,179.28298950195312,4989734
2014-01-17,110.12287902832031,181.73040771484375,182.41873168945312,179.5984649658203,179.7705535888672,7996252
2014-01-21,109.16122436523438,180.14340209960938,182.0172119140625,178.57553100585938,181.86424255371094,11585810
2014-01-22,105.58101654052734,174.2351837158203,175.43020629882812,171.76864624023438,173.30784606933594,14430721
2014-01-23,105.85913848876953,174.69407653808594,175.64053344726562,172.76290893554688,173.4512481689453,7294699
2014-01-24,104.06902313232422,171.73995971679688,174.7705535888672,171.73995971679688,173.27915954589844,7207568
2014-01-27,103.0610122680664,170.07647705078125,171.74952697753906,169.84703063964844,171.71128845214844,5448196
2014-01-28,102.45268249511719,169.07266235351562,170.602294921875,168.41299438476562,170.21987915039062,5578632
2014-01-29,102.1919937133789,168.64244079589844,170.67877197265625,168.15487670898438,168.2409210205078,5199561
2014-01-30,102.74817657470703,169.5602264404297,170.03823852539062,168.6042022705078,169.3785858154297,5076970
2014-01-31,102.3542251586914,168.91014099121094,170.0191192626953,167.62905883789062,168.36520385742188,5432296
2014-02-03,100.16436767578125,165.29637145996094,168.27915954589844,165.12428283691406,168.27915954589844,7517393
2014-02-04,100.1296157836914,165.23899841308594,166.10899353027344,164.78012084960938,165.89866638183594,4549891
2014-02-05,100.9406967163086,166.5774383544922,167.27532958984375,164.61758422851562,164.61758422851562,4929066
2014-02-06,101.74449920654297,166.988525390625,167.16061401367188,166.14723205566406,166.31930541992188,4489641
2014-02-07,103.24736022949219,169.45506286621094,169.75143432617188,167.37094116210938,167.91586303710938,4908773
2014-02-10,103.18328857421875,169.3498992919922,169.8374786376953,168.49903869628906,169.1873779296875,3703258
2014-02-11,104.67447662353516,171.7973175048828,172.4569854736328,169.0248565673828,169.034423828125,4861076
2014-02-12,104.9890365600586,172.31358337402344,173.27915954589844,171.37667846679688,171.625244140625,4166218
2014-02-13,105.92100524902344,173.8432159423828,174.34034729003906,170.03823852539062,170.38241577148438,4688172
2014-02-14,106.99861907958984,175.6118621826172,176.31930541992188,173.0305938720703,173.28871154785156,4874255
2014-02-18,106.7073745727539,175.13385009765625,175.90821838378906,174.30210876464844,175.12428283691406,4639219
2014-02-19,106.56759643554688,174.90440368652344,177.48565673828125,174.3881378173828,174.70362854003906,4886389
2014-02-20,107.33065795898438,176.1567840576172,176.73040771484375,174.75143432617188,174.91395568847656,5196737
2014-02-21,106.47440338134766,174.75143432617188,177.5430145263672,174.5889129638672,176.14723205566406,5961468
2014-02-24,106.85887908935547,175.38241577148438,177.0172119140625,174.78012084960938,174.78012084960938,4806684
2014-02-25,106.7306900024414,175.17208862304688,176.48184204101562,174.8374786376953,175.44932556152344,4081806
2014-02-26,107.21415710449219,175.965576171875,177.13192749023438,175.48757934570312,175.85086059570312,3912772
2014-02-27,107.91902160644531,177.12237548828125,177.7724609375,175.72657775878906,175.74569702148438,4003879
2014-02-28,107.86074829101562,177.02676391601562,177.93499755859375,175.5736083984375,177.2275390625,4882623
2014-03-03,107.33065795898438,176.1567840576172,176.52008056640625,174.78012084960938,175.26768493652344,4131805
2014-03-04,108.60054016113281,178.2409210205078,178.92926025390625,177.51434326171875,177.6386260986328,4950718
2014-03-05,109.00823974609375,178.91014099121094,179.68450927734375,178.2026824951172,178.36520385742188,3645519
2014-03-06,109.29950714111328,179.3881378173828,180.10516357421875,178.68069458007812,179.13002014160156,3992896
2014-03-07,109.32281494140625,179.4263916015625,180.6118621826172,178.94837951660156,180.06692504882812,4307219
2014-03-10,108.57138061523438,178.193115234375,180.08604431152344,177.67686462402344,179.30210876464844,4802395
2014-03-11,108.78691864013672,178.54684448242188,180.1625213623047,177.85850524902344,179.1682586669922,4424057
2014-03-12,108.47237396240234,178.0305938720703,179.2064971923828,177.71510314941406,177.829833984375,5055318
2014-03-13,107.1209716796875,175.8126220703125,178.7762908935547,175.6309814453125,178.2122344970703,5139207
2014-03-14,106.13655090332031,174.1969451904297,176.1854705810547,174.1969451904297,175.8030548095703,5742854
2014-03-17,108.2335205078125,177.6386260986328,178.15487670898438,174.6271514892578,174.6271514892578,5165253
2014-03-18,108.8160171508789,178.5946502685547,179.63670349121094,177.3804931640625,177.81069946289062,4143520
2014-03-19,107.59280395507812,176.58700561523438,178.48948669433594,175.43020629882812,177.4378662109375,4522799
2014-03-20,109.45098114013672,179.63670349121094,179.9808807373047,176.07073974609375,176.35755920410156,5295480
2014-03-21,108.73442840576172,178.46080017089844,180.4015350341797,178.2026824951172,180.2103271484375,13111819
2014-03-24,109.65483093261719,179.9713134765625,181.10899353027344,179.13002014160156,179.1873779296875,6002471
2014-03-25,113.61000061035156,186.46270751953125,186.806884765625,180.4015350341797,180.45889282226562,11414684
2014-03-26,112.20034790039062,184.14913940429688,187.02676391601562,183.51815795898438,186.4053497314453,7166878
2014-03-27,110.57518005371094,181.48184204101562,184.1969451904297,180.9942626953125,183.47036743164062,7079014
2014-03-28,110.93630981445312,182.07456970214844,184.14913940429688,180.7935028076172,181.58700561523438,5433342
2014-03-31,112.12458038330078,184.0248565673828,185.24856567382812,182.9827880859375,183.2122344970703,8930016
2014-04-01,113.29541778564453,185.9464569091797,186.5487518310547,184.30210876464844,184.6271514892578,5642229
2014-04-02,112.7420654296875,185.03823852539062,185.9464569091797,184.0248565673828,185.69789123535156,5150609
2014-04-03,112.2410888671875,184.216064453125,184.87571716308594,183.89100646972656,184.70362854003906,4279291
2014-04-04,111.70521545410156,183.33651733398438,185.4397735595703,182.86807250976562,184.6271514892578,6370035
2014-04-07,113.30703735351562,185.965576171875,186.72084045410156,183.1453094482422,183.28871154785156,7050563
2014-04-08,112.59056854248047,184.7896728515625,185.6309814453125,184.216064453125,185.36329650878906,5360750
2014-04-09,114.54193115234375,187.9923553466797,188.33651733398438,185.08604431152344,185.35372924804688,5732185
2014-04-10,113.9827880859375,187.07456970214844,190.44932556152344,187.05545043945312,187.4378662109375,8805123
2014-04-11,113.69737243652344,186.6061248779297,188.33651733398438,185.72657775878906,186.46270751953125,5057410
2014-04-14,115.20018768310547,189.07266235351562,189.52198791503906,187.26577758789062,187.6099395751953,5680931
2014-04-15,114.76329803466797,188.3556365966797,188.72848510742188,186.8260040283203,187.3613739013672,5597460
2014-04-16,114.40215301513672,187.76290893554688,189.9713134765625,186.42446899414062,189.34034729003906,8919556
2014-04-17,110.68000793457031,181.65391540527344,182.31358337402344,178.78585815429688,179.01528930664062,11767082
2014-04-21,111.99642181396484,183.8145294189453,184.33078002929688,181.3957977294922,181.45315551757812,5669006
2014-04-22,111.92656707763672,183.69981384277344,184.51242065429688,182.7915802001953,183.5659637451172,4057016
2014-04-23,111.68187713623047,183.29827880859375,183.94837951660156,181.74952697753906,183.3556365966797,4954274
2014-04-24,110.80230712890625,181.8546905517578,183.7667236328125,181.67303466796875,183.7667236328125,4609827
2014-04-25,110.45868682861328,181.29063415527344,182.28489685058594,180.7935028076172,182.16061401367188,4049066
2014-04-28,112.50321960449219,184.64627075195312,185.45889282226562,182.1988525390625,182.73422241210938,5897662
2014-04-29,113.6507568359375,186.52963256835938,187.32313537597656,184.90440368652344,185.07647705078125,4839110
2014-04-30,114.4429702758789,187.829833984375,188.2026824951172,185.8030548095703,185.8317413330078,4400313
2014-05-01,112.73041534423828,185.0191192626953,188.08795166015625,184.6558380126953,187.67686462402344,3843004
2014-05-02,111.51297760009766,183.02102661132812,185.31549072265625,182.83938598632812,185.2294464111328,3190195
2014-05-05,111.40813446044922,182.8489532470703,183.06883239746094,181.45315551757812,182.64817810058594,2324317
2014-05-06,110.69165802001953,181.67303466796875,182.55258178710938,180.92733764648438,182.53346252441406,3335380
2014-05-07,110.90843200683594,180.9751434326172,181.93116760253906,178.70936584472656,181.0133819580078,3996766
2014-05-08,110.67992401123047,180.602294921875,182.18930053710938,179.9521942138672,180.84129333496094,2543767
2014-05-09,111.36547088623047,181.72084045410156,182.2084197998047,180.08604431152344,180.66921997070312,2365634
2014-05-12,112.82430267333984,184.10133361816406,184.53155517578125,182.5430145263672,182.71510314941406,3951160
2014-05-13,112.60165405273438,183.73805236816406,184.54110717773438,183.32696533203125,184.31166076660156,2329024
2014-05-14,110.56861877441406,180.420654296875,183.54684448242188,179.89483642578125,183.47036743164062,5493069
2014-05-15,109.24451446533203,178.26004028320312,180.7648162841797,177.9923553466797,180.75526428222656,4395501
2014-05-16,109.5960693359375,178.83364868164062,179.1682586669922,177.7533416748047,178.07839965820312,4131177
2014-05-19,109.56092071533203,178.7762908935547,178.90057373046875,177.85850524902344,178.4034423828125,3421152
2014-05-20,108.32463836669922,176.7590789794922,178.48948669433594,176.5774383544922,178.0592803955078,3165719
2014-05-21,109.2034912109375,178.193115234375,178.92926025390625,176.81643676757812,177.67686462402344,3125448
2014-05-22,108.78752899169922,177.51434326171875,178.25047302246094,176.89292907714844,178.25047302246094,2320028
2014-05-23,108.93983459472656,177.76290893554688,177.95411682128906,177.16061401367188,177.66729736328125,2680793
2014-05-27,108.2602310180664,176.65391540527344,177.48565673828125,175.84129333496094,176.67303466796875,5014315
2014-05-28,107.26421356201172,175.0286865234375,176.74952697753906,174.89483642578125,176.3671112060547,3892794
2014-05-29,107.66265869140625,175.67877197265625,175.69789123535156,174.31166076660156,175.56405639648438,2886855
2014-05-30,108.0141830444336,176.2523956298828,176.45315551757812,174.46463012695312,175.31549072265625,4833043
2014-06-02,108.79337310791016,177.52389526367188,178.08795166015625,176.5487518310547,176.63479614257812,3347723
2014-06-03,108.02001190185547,176.26194763183594,177.5908203125,176.02294921875,177.3900604248047,2632887
2014-06-04,108.10202026367188,176.3957977294922,177.29444885253906,176.09942626953125,176.58700561523438,2486133
2014-06-05,108.96330261230469,177.8011474609375,177.90631103515625,175.8317413330078,176.53919982910156,2983401
2014-06-06,109.19174194335938,178.1739959716797,179.397705078125,177.72467041015625,178.26959228515625,3448348
2014-06-09,109.1039047241211,178.0305938720703,179.3881378173828,177.7820281982422,178.0305938720703,2853906
2014-06-10,107.97318267822266,176.1854705810547,178.0305938720703,175.73614501953125,178.011474609375,4346025
2014-06-11,106.77794647216797,174.2351837158203,176.09942626953125,174.0057373046875,175.53536987304688,4248538
2014-06-12,106.17444610595703,173.25047302246094,174.52198791503906,172.95411682128906,174.45506286621094,4628864
2014-06-13,106.95957946777344,174.53155517578125,174.9521942138672,173.53729248046875,173.9961700439453,2901186
2014-06-16,106.83649444580078,174.33078002929688,174.67495727539062,173.26959228515625,174.3785858154297,3719785
2014-06-17,106.78379821777344,174.24473571777344,174.7705535888672,173.57553100585938,173.90057373046875,2574101
2014-06-18,107.56890106201172,175.52581787109375,175.53536987304688,173.79541015625,174.034423828125,4112663
2014-06-19,107.11190795898438,174.78012084960938,176.35755920410156,174.34034729003906,176.02294921875,3714451
2014-06-20,106.36783599853516,173.5659637451172,174.63670349121094,173.4225616455078,174.5602264404297,11178393
2014-06-23,106.71344757080078,174.13002014160156,174.2351837158203,173.04014587402344,173.91969299316406,3380358
2014-06-24,105.97526550292969,172.92543029785156,174.9521942138672,172.70555114746094,173.51815795898438,4053668
2014-06-25,105.88151550292969,172.7724609375,173.011474609375,172.14149475097656,172.32313537597656,2889889
2014-06-26,105.67649841308594,172.4378662109375,173.3938751220703,171.38623046875,172.91586303710938,3408391
2014-06-27,106.46155548095703,173.71893310546875,174.43594360351562,171.7590789794922,171.86424255371094,4785973
2014-06-30,106.20381164550781,173.29827880859375,173.92926025390625,172.33270263671875,173.3556365966797,4418095
2014-07-01,109.18006896972656,178.15487670898438,179.034423828125,173.70936584472656,173.70936584472656,6948683
2014-07-02,110.3752670288086,180.10516357421875,180.67877197265625,177.9827880859375,178.1453094482422,5327278
2014-07-03,110.45734405517578,180.23899841308594,180.50669860839844,179.11090087890625,180.10516357421875,2533830
2014-07-07,110.17022705078125,179.7705535888672,179.9904327392578,179.1969451904297,179.35946655273438,3094800
2014-07-08,109.68978118896484,178.9866180419922,179.8087921142578,178.1739959716797,179.397705078125,3279315
2014-07-09,110.39288330078125,180.13385009765625,180.5927276611328,178.67112731933594,179.4263916015625,3461842
2014-07-10,109.97103118896484,179.4455108642578,179.78012084960938,178.02102661132812,178.2409210205078,3323979
2014-07-11,110.14678955078125,179.73231506347656,180.06692504882812,178.49903869628906,179.47418212890625,2513015
2014-07-14,111.23649597167969,181.51051330566406,182.06500244140625,180.23899841308594,180.2581329345703,4708151
2014-07-15,110.43388366699219,180.2007598876953,181.72084045410156,179.93307495117188,181.20458984375,5088476
2014-07-16,112.70124053955078,183.90057373046875,184.85659790039062,182.37094116210938,183.78585815429688,8171980
2014-07-17,112.7774429321289,184.0248565673828,187.33270263671875,183.55641174316406,183.90057373046875,9280426
2014-07-18,112.78325653076172,184.034423828125,184.93307495117188,181.6443634033203,183.51815795898438,8542054
2014-07-21,111.81657409667969,182.4569854736328,183.26959228515625,180.92733764648438,182.88719177246094,4345502
2014-07-22,113.7148208618164,185.5544891357422,186.1567840576172,183.13575744628906,183.1644287109375,5076238
2014-07-23,113.44530487060547,185.11471557617188,186.32887268066406,185.05735778808594,185.5736083984375,3749073
2014-07-24,114.38862609863281,186.65391540527344,187.0172119140625,185.2294464111328,185.420654296875,3778884
2014-07-25,113.89645385742188,185.85086059570312,187.28489685058594,185.26768493652344,186.71128845214844,3531714
2014-07-28,114.7049789428711,187.170166015625,187.76290893554688,185.13385009765625,185.75526428222656,3391550
2014-07-29,113.99607849121094,186.0133819580078,187.27532958984375,185.98471069335938,186.71128845214844,3414249
2014-07-30,113.66207885742188,185.46844482421875,187.37094116210938,184.4168243408203,186.6156768798828,4125215
2014-07-31,112.29695892333984,183.2409210205078,185.74569702148438,183.11663818359375,184.35946655273438,4401045
2014-08-01,110.8205795288086,180.8317413330078,183.07839965820312,180.5544891357422,182.12237548828125,5419431
2014-08-04,111.10765075683594,181.30018615722656,181.5965576171875,180.30592346191406,181.02294921875,2223691
2014-08-05,109.61949157714844,178.87188720703125,180.87954711914062,178.2409210205078,180.44932556152344,3460063
2014-08-06,109.60179901123047,177.7915802001953,178.6615753173828,176.32887268066406,177.2084197998047,4023962
2014-08-07,108.61759185791016,176.1950225830078,178.47036743164062,175.50669860839844,178.43212890625,2833196
2014-08-08,109.99078369140625,178.4225616455078,178.46080017089844,175.50669860839844,176.29063415527344,2909449
2014-08-11,110.4858169555664,179.22561645507812,180.07647705078125,178.08795166015625,179.55067443847656,2643451
2014-08-12,110.40923309326172,179.10133361816406,180.3919677734375,178.5946502685547,179.2064971923828,1944096
2014-08-13,110.76874542236328,179.68450927734375,180.1912078857422,179.13002014160156,179.73231506347656,1877570
2014-08-14,110.72744750976562,179.61758422851562,179.89483642578125,178.70936584472656,179.32122802734375,2018257
2014-08-15,110.43279266357422,179.1395721435547,180.5736083984375,178.57553100585938,179.5889129638672,2944281
2014-08-18,111.59971618652344,181.03250122070312,181.46270751953125,179.50286865234375,179.82791137695312,2531634
2014-08-19,112.01818084716797,181.71128845214844,181.88336181640625,181.03250122070312,181.68260192871094,2133945
2014-08-20,112.03582000732422,181.73995971679688,182.0172119140625,180.92733764648438,181.51051330566406,2277770
2014-08-21,112.70182037353516,182.8202667236328,183.62332153320312,182.12237548828125,182.50477600097656,2611339
2014-08-22,112.21856689453125,182.0363311767578,183.44168090820312,181.92160034179688,182.3804931640625,2029554
2014-08-25,112.6605453491211,182.7533416748047,183.374755859375,182.32313537597656,182.97323608398438,1802886
2014-08-26,113.7390365600586,184.50286865234375,185.0191192626953,182.6195068359375,182.6195068359375,3321468
2014-08-27,113.30298614501953,183.79541015625,185.5927276611328,183.13575744628906,184.54110717773438,2290949
2014-08-28,113.15558624267578,183.55641174316406,183.8432159423828,182.27532958984375,183.04971313476562,1572766
2014-08-29,113.3323974609375,183.8432159423828,184.27342224121094,182.73422241210938,183.8240966796875,3043232
2014-09-02,112.89631652832031,183.13575744628906,184.48374938964844,182.53346252441406,184.2064971923828,2802966
2014-09-03,113.12612915039062,183.50860595703125,184.46463012695312,183.4225616455078,183.92926025390625,1906649
2014-09-04,112.37762451171875,182.29444885253906,184.216064453125,181.70172119140625,183.26004028320312,2996790
2014-09-05,112.6841049194336,182.7915802001953,183.31739807128906,181.73040771484375,182.1510467529297,2364169
2014-09-08,112.05940246582031,181.7781982421875,182.7915802001953,181.1759033203125,182.3613739013672,2640313
2014-09-09,111.97099304199219,181.63479614257812,182.35182189941406,181.4340362548828,181.9694061279297,2514166
2014-09-10,112.88451385498047,183.11663818359375,183.69981384277344,181.73995971679688,181.7590789794922,2891144
2014-09-11,112.99058532714844,183.28871154785156,184.30210876464844,181.7590789794922,182.67686462402344,2404231
2014-09-12,112.73125457763672,182.86807250976562,183.1739959716797,182.18930053710938,183.04971313476562,3034446
2014-09-15,113.04359436035156,183.374755859375,184.0248565673828,182.1988525390625,183.0019073486328,2569394
2014-09-16,113.72135925292969,184.47418212890625,185.05735778808594,182.4282989501953,182.83938598632812,2679329
2014-09-17,113.62711334228516,184.32122802734375,185.12428283691406,183.8432159423828,184.72274780273438,3358497
2014-09-18,114.18695831298828,185.2294464111328,185.5927276611328,184.2351837158203,184.31166076660156,3099612
2014-09-19,114.33430480957031,185.46844482421875,186.42446899414062,184.69407653808594,185.98471069335938,9259192
2014-09-22,113.80978393554688,184.61758422851562,185.602294921875,184.15870666503906,185.2007598876953,3470628
2014-09-23,112.93163299560547,183.193115234375,184.579345703125,183.09751892089844,184.27342224121094,3453683
2014-09-24,113.33831024169922,183.85276794433594,183.9866180419922,181.52963256835938,182.6003875732422,3224400
2014-09-25,111.39346313476562,180.69789123535156,184.034423828125,180.65965270996094,183.6042022705078,4342364
2014-09-26,112.01228332519531,181.70172119140625,181.95985412597656,180.31549072265625,180.6214141845703,2608619
2014-09-29,111.76473999023438,181.30018615722656,181.6061248779297,179.84703063964844,180.21987915039062,2443770
2014-09-30,111.87670135498047,181.48184204101562,182.4569854736328,180.8317413330078,181.30018615722656,3067500
2014-10-01,110.30904388427734,178.93881225585938,182.02676391601562,178.57553100585938,181.55831909179688,3894467
2014-10-02,110.15583801269531,178.69024658203125,179.52198791503906,178.04971313476562,179.4072723388672,2388123
2014-10-03,111.193115234375,180.3728485107422,181.0420684814453,179.31166076660156,179.8374786376953,3212789
2014-10-06,111.41112518310547,180.72657775878906,182.49522399902344,180.4110870361328,181.34799194335938,2196077
2014-10-07,109.4485855102539,177.5430145263672,179.84703063964844,177.3804931640625,179.51242065429688,3128900
2014-10-08,111.59971618652344,181.03250122070312,181.26194763183594,177.44741821289062,177.7915802001953,3122101
2014-10-09,109.86700439453125,178.2218017578125,181.16635131835938,177.90631103515625,180.8030548095703,2746168
2014-10-10,109.57823181152344,177.7533416748047,179.48374938964844,176.95985412597656,177.68641662597656,5324349
2014-10-13,108.15790557861328,175.44932556152344,178.44168090820312,175.35372924804688,177.33270263671875,3762148
2014-10-14,108.32290649414062,175.71701049804688,177.55258178710938,175.51625061035156,176.7590789794922,4105236
2014-10-15,107.11475372314453,173.75717163085938,175.70745849609375,170.88909912109375,174.43594360351562,7213007
2014-10-16,105.98906707763672,171.93116760253906,173.49903869628906,170.8317413330078,171.89292907714844,5835216
2014-10-17,107.29154968261719,174.04397583007812,174.7992401123047,172.29444885253906,173.26959228515625,4550309
2014-10-20,99.65939331054688,161.66348266601562,162.83938598632812,159.35946655273438,159.51242065429688,24493659
2014-10-21,96.199951171875,156.05162048339844,159.3498992919922,154.56979370117188,159.08221435546875,21913491
2014-10-22,95.3512954711914,154.67495727539062,158.13575744628906,154.01528930664062,155.26768493652344,11594701
2014-10-23,95.58111572265625,155.0478057861328,155.66921997070312,154.43594360351562,154.9904327392578,7948972
2014-10-24,95.52218627929688,154.9521942138672,155.29637145996094,154.3498992919922,154.9521942138672,6958097
2014-10-27,95.3984146118164,154.75143432617188,155.74569702148438,154.69407653808594,154.87571716308594,5218599
2014-10-28,96.41801452636719,156.4053497314453,156.4053497314453,154.68450927734375,154.87571716308594,8258484
2014-10-29,96.33549499511719,156.27151489257812,157.3804931640625,155.602294921875,157.10325622558594,4957308
2014-10-30,96.86004638671875,157.12237548828125,157.3804931640625,155.85086059570312,156.30975341796875,4075216
2014-10-31,96.88951110839844,157.170166015625,158.30784606933594,156.42446899414062,158.2026824951172,6085628
2014-11-03,96.86593627929688,157.13192749023438,157.30401611328125,156.1950225830078,157.02676391601562,4903857
2014-11-04,95.8581314086914,155.49713134765625,157.13192749023438,155.10516357421875,157.11280822753906,4442257
2014-11-05,95.36896514892578,154.70362854003906,156.34799194335938,154.45506286621094,155.95602416992188,4293516
2014-11-06,95.80805969238281,154.35946655273438,154.4263916015625,153.011474609375,154.1873779296875,4254710
2014-11-07,96.17002868652344,154.94264221191406,155.07647705078125,153.7762908935547,154.32122802734375,3655561
2014-11-10,97.01262664794922,156.30018615722656,157.23709106445312,154.50286865234375,154.78012084960938,5186277
2014-11-11,96.8999252319336,156.11854553222656,156.69215393066406,155.44932556152344,156.50096130371094,3696982
2014-11-12,96.08102416992188,154.7992401123047,155.8317413330078,154.64627075195312,155.14340209960938,3533597
2014-11-13,96.5972900390625,155.6309814453125,155.64053344726562,154.68450927734375,154.87571716308594,3388726
2014-11-14,97.41020965576172,156.9407196044922,157.25621032714844,154.579345703125,154.9713134765625,5207406
2014-11-17,97.41020965576172,156.9407196044922,157.71510314941406,156.52008056640625,156.9407196044922,5019649
2014-11-18,96.0632095336914,154.7705535888672,157.50477600097656,154.7705535888672,157.48565673828125,5658965
2014-11-19,95.79026794433594,154.33078002929688,154.9713134765625,153.88145446777344,154.92352294921875,3977520
2014-11-20,95.32149505615234,153.57553100585938,154.397705078125,152.7724609375,153.87188720703125,4375523
2014-11-21,95.48761749267578,153.8432159423828,154.82791137695312,153.68069458007812,154.71319580078125,4264437
2014-11-24,96.21748352050781,155.0191192626953,156.65391540527344,153.97705078125,154.43594360351562,6923474
2014-11-25,95.98607635498047,154.64627075195312,156.30975341796875,154.45506286621094,155.49713134765625,4249270
2014-11-26,96.09883880615234,154.82791137695312,154.9713134765625,153.92926025390625,154.8087921142578,4148436
2014-11-28,96.2293701171875,155.03823852539062,156.1854705810547,154.34034729003906,155.5927276611328,2516153
2014-12-01,95.85552215576172,154.43594360351562,156.13766479492188,154.25430297851562,154.53155517578125,4360146
2014-12-02,96.52603912353516,155.51625061035156,155.5736083984375,154.53155517578125,155.32504272460938,3625122
2014-12-03,97.6238021850586,157.28489685058594,157.28489685058594,154.87571716308594,155.32504272460938,6724839
2014-12-04,97.34494018554688,156.8355712890625,157.26577758789062,155.84129333496094,156.7973175048828,4036932
2014-12-05,96.8821029663086,156.08985900878906,157.26577758789062,155.74569702148438,156.4149169921875,3152121
2014-12-08,96.04537963867188,154.7418670654297,156.10899353027344,154.43594360351562,156.10899353027344,2982146
2014-12-09,96.7159194946289,155.82217407226562,155.85086059570312,153.72848510742188,153.7667236328125,4038815
2014-12-10,95.24437713623047,153.4512481689453,156.14723205566406,152.9923553466797,155.84129333496094,4260149
2014-12-11,95.57665252685547,153.9866180419922,155.7648162841797,153.46080017089844,153.7476043701172,4173122
2014-12-12,92.20027923583984,148.54684448242188,153.44168090820312,148.49903869628906,153.2026824951172,9007838
2014-12-15,90.82361602783203,146.32887268066406,149.84703063964844,146.11854553222656,149.07266235351562,6799314
2014-12-16,89.84452819824219,144.75143432617188,148.07839965820312,143.88145446777344,145.3441619873047,7094600
2014-12-17,90.15311431884766,145.24856567382812,146.56787109375,144.46463012695312,144.85659790039062,5367026
2014-12-18,93.56509399414062,150.74569702148438,150.74569702148438,146.55831909179688,146.8260040283203,7638310
2014-12-19,94.0575942993164,151.53919982910156,153.3556365966797,150.56405639648438,150.56405639648438,9272685
2014-12-22,95.79618072509766,154.34034729003906,154.7896728515625,151.3671112060547,151.3671112060547,4897895
2014-12-23,96.27093505859375,155.10516357421875,155.73614501953125,154.50286865234375,155.09559631347656,4229292
2014-12-24,96.02169036865234,154.70362854003906,155.82217407226562,154.50286865234375,155.71701049804688,1954033
2014-12-26,96.33023071289062,155.2007598876953,155.91778564453125,154.88528442382812,155.13385009765625,2000161
2014-12-29,95.24437713623047,153.4512481689453,155.2007598876953,152.4378662109375,154.87571716308594,3485063
2014-12-30,94.97139739990234,153.011474609375,153.7476043701172,152.76290893554688,152.9827880859375,2960075
2014-12-31,95.20281219482422,153.3843231201172,154.397705078125,153.32696533203125,153.3556365966797,4196447
2015-01-02,96.16410827636719,154.93307495117188,156.12811279296875,153.91969299316406,154.216064453125,5779673
2015-01-05,94.65094757080078,152.49522399902344,154.17782592773438,152.18930053710938,154.17782592773438,5104898
2015-01-06,92.60970306396484,149.2064971923828,152.92543029785156,148.34608459472656,152.64817810058594,6429448
2015-01-07,92.00445556640625,148.23135375976562,150.28680419921875,147.25621032714844,150.28680419921875,4918083
2015-01-08,94.00416564941406,151.45315551757812,152.04588317871094,148.70936584472656,149.3690185546875,4431693
2015-01-09,94.41360473632812,152.11280822753906,153.28871154785156,150.33460998535156,151.45315551757812,4694762
2015-01-12,92.82928466796875,149.5602264404297,152.2466583251953,148.91014099121094,152.0076446533203,4380230
2015-01-13,93.04879760742188,149.91395568847656,152.93499755859375,148.83364868164062,150.3441619873047,4578865
2015-01-14,92.4494857788086,148.94837951660156,149.6080322265625,146.97897338867188,148.04971313476562,4906054
2015-01-15,91.71964263916016,147.7724609375,150.06692504882812,147.3804931640625,149.7992401123047,4443826
2015-01-16,93.24463653564453,150.2294464111328,150.69789123535156,147.05545043945312,147.05545043945312,6020776
2015-01-20,93.13192749023438,150.0478057861328,150.4110870361328,147.25621032714844,149.8087921142578,8778869
2015-01-21,90.248046875,145.4015350341797,147.70555114746094,144.4263916015625,146.30018615722656,12444367
2015-01-22,92.20620727539062,148.55641174316406,148.87188720703125,145.08604431152344,145.2581329345703,6401625
2015-01-23,92.49101257324219,149.01528930664062,150.66921997070312,148.07839965820312,148.2122344970703,5057201
2015-01-26,92.78181457519531,149.48374938964844,152.44741821289062,148.91969299316406,151.30018615722656,8250953
2015-01-27,91.18558502197266,146.91204833984375,148.26959228515625,145.87954711914062,148.12619018554688,5919942
2015-01-28,89.92759704589844,144.88528442382812,147.73422241210938,144.88528442382812,147.2275390625,4702711
2015-01-29,92.25961303710938,148.64244079589844,148.73805236816406,142.94454956054688,144.72274780273438,8703557
2015-01-30,90.97196197509766,146.56787109375,148.41299438476562,146.30975341796875,147.14149475097656,6865526
2015-02-02,91.7730484008789,147.85850524902344,147.85850524902344,144.84703063964844,147.2275390625,4928961
2015-02-03,94.0338363647461,151.50096130371094,151.625244140625,147.94454956054688,147.94454956054688,5794212
2015-02-04,93.13783264160156,150.05735778808594,151.73040771484375,149.8087921142578,150.29637145996094,3847711
2015-02-05,93.7015380859375,150.965576171875,151.6156768798828,150.23899841308594,150.3728485107422,5495266
2015-02-06,93.64776611328125,149.82791137695312,151.12811279296875,149.35946655273438,150.420654296875,3406299
2015-02-09,93.068115234375,148.90057373046875,150.5736083984375,148.5659637451172,149.1395721435547,3198354
2015-02-10,94.74723815917969,151.58700561523438,151.58700561523438,148.26004028320312,149.84703063964844,4644868
2015-02-11,94.53211975097656,151.24282836914062,152.09368896484375,150.2581329345703,150.82217407226562,3793528
2015-02-12,94.72334289550781,151.5487518310547,152.48565673828125,151.13766479492188,151.73995971679688,3486423
2015-02-13,95.84673309326172,153.34608459472656,153.72848510742188,151.66348266601562,151.7973175048828,3877417
2015-02-17,96.18135070800781,153.88145446777344,154.31166076660156,152.70555114746094,152.72467041015625,3027647
2015-02-18,96.9163589477539,155.05735778808594,155.32504272460938,153.57553100585938,154.7418670654297,4558886
2015-02-19,97.93218994140625,156.68260192871094,157.25621032714844,154.34034729003906,154.92352294921875,3665602
2015-02-20,97.7887954711914,156.45315551757812,157.11280822753906,154.96176147460938,156.44358825683594,3507238
2015-02-23,97.34657287597656,155.74569702148438,157.170166015625,155.35372924804688,157.0076446533203,2839262
2015-02-24,98.49388885498047,157.58126831054688,157.73422241210938,154.4072723388672,155.3441619873047,4917874
2015-02-25,97.28684997558594,155.6501007080078,157.70555114746094,155.43020629882812,157.68641662597656,4188812
2015-02-26,96.12760162353516,153.79541015625,156.92160034179688,152.74378967285156,156.53919982910156,7437897
2015-02-27,96.76696014404297,154.818359375,155.15296936035156,153.11663818359375,153.79541015625,4612860
2015-03-02,95.89454650878906,153.4225616455078,154.818359375,152.7820281982422,154.818359375,6190123
2015-03-03,96.22321319580078,153.94837951660156,154.63670349121094,152.9636688232422,153.2218017578125,3383182
2015-03-04,95.2611312866211,152.4091796875,153.49903869628906,151.73995971679688,153.47991943359375,3800746
2015-03-05,96.31282806396484,154.09178161621094,154.397705078125,152.67686462402344,152.829833984375,3966118
2015-03-06,94.71139526367188,151.52963256835938,154.34034729003906,151.10899353027344,153.1453094482422,4749049
2015-03-09,96.06785583496094,153.69981384277344,154.06309509277344,151.24282836914062,151.24282836914062,5432819
2015-03-10,94.299072265625,150.86997985839844,153.18356323242188,150.86997985839844,152.58126831054688,4812646
2015-03-11,93.69554901123047,149.90440368652344,152.14149475097656,149.08221435546875,151.5965576171875,5972555
2015-03-12,94.40065002441406,151.03250122070312,151.73995971679688,149.397705078125,149.397705078125,4777396
2015-03-13,92.18975830078125,147.49522399902344,150.5927276611328,146.65391540527344,150.53536987304688,6343049
2015-03-16,93.86287689208984,150.17208862304688,150.181640625,147.9923553466797,148.23135375976562,3922082
2015-03-17,93.79117584228516,150.05735778808594,150.3728485107422,148.53729248046875,149.33078002929688,3464038
2015-03-18,95.49419403076172,152.7820281982422,153.6328887939453,148.94837951660156,149.9521942138672,6002785
2015-03-19,95.49419403076172,152.7820281982422,153.8432159423828,151.8260040283203,152.67686462402344,4057016
2015-03-20,97.32867431640625,155.71701049804688,155.8317413330078,153.29827880859375,153.87188720703125,9420694
2015-03-23,98.3743667602539,157.3900604248047,158.07839965820312,155.5736083984375,155.6118621826172,6202885
2015-03-24,97.4003677368164,155.8317413330078,157.6386260986328,155.73614501953125,157.5430145263672,4546021
2015-03-25,95.12968444824219,152.1988525390625,155.90821838378906,152.1988525390625,155.90821838378906,5678629
2015-03-26,95.96028137207031,153.52772521972656,154.15870666503906,151.92160034179688,152.26577758789062,4598216
2015-03-27,95.84673309326172,153.34608459472656,153.8240966796875,152.2275390625,153.71893310546875,3637883
2015-03-30,97.20315551757812,155.51625061035156,156.4053497314453,154.15870666503906,154.216064453125,4328348
2015-03-31,95.90650939941406,153.44168090820312,155.1912078857422,153.34608459472656,153.9961700439453,4451148
2015-04-01,95.11774444580078,152.1797332763672,153.55641174316406,151.42446899414062,153.18356323242188,3871037
2015-04-02,95.87662506103516,153.3938751220703,155.3919677734375,151.90248107910156,152.50477600097656,4886494
2015-04-06,96.82670593261719,154.91395568847656,155.64053344726562,151.72084045410156,152.66729736328125,3625122
2015-04-07,96.84464263916016,154.94264221191406,156.63479614257812,154.51242065429688,154.5602264404297,3292808
2015-04-08,96.71321868896484,154.73231506347656,156.35755920410156,153.92926025390625,154.6080322265625,2640418
2015-04-09,97.00596618652344,155.2007598876953,155.32504272460938,153.65200805664062,154.5889129638672,2367621
2015-04-10,97.31671905517578,155.69789123535156,156.14723205566406,154.15870666503906,155.2007598876953,2631422
2015-04-13,97.02986907958984,155.23899841308594,156.7877655029297,155.21987915039062,155.2294464111328,4046869
2015-04-14,96.98208618164062,155.1625213623047,155.5831756591797,153.71893310546875,155.27725219726562,2844388
2015-04-15,98.07560729980469,156.91204833984375,157.70555114746094,155.35372924804688,155.47801208496094,3659745
2015-04-16,97.47806549072266,155.95602416992188,156.76864624023438,155.3919677734375,156.12811279296875,3281197
2015-04-17,96.00809478759766,153.6042022705078,154.7418670654297,152.9923553466797,154.63670349121094,4512862
2015-04-20,99.2885971069336,158.85276794433594,159.31166076660156,154.78012084960938,154.9713134765625,10051223
2015-04-21,98.15328216552734,157.0363311767578,160.0191192626953,156.8355712890625,158.7667236328125,10129046
2015-04-22,98.81060028076172,158.08795166015625,158.69981384277344,155.72657775878906,157.16061401367188,4209941
2015-04-23,101.72660827636719,162.7533416748047,164.3498992919922,157.87762451171875,157.9636688232422,8614438
2015-04-24,101.45175170898438,162.31358337402344,163.33651733398438,161.31930541992188,162.74378967285156,4067266
2015-04-27,102.01941680908203,163.2218017578125,163.94837951660156,162.81069946289062,163.374755859375,3314356
2015-04-28,103.92560577392578,166.27151489257812,167.0076446533203,162.5430145263672,163.31739807128906,6084268
2015-04-29,104.21241760253906,166.73040771484375,167.4282989501953,165.2007598876953,165.77438354492188,4726246
2015-04-30,102.35403442382812,163.75717163085938,166.6156768798828,162.81069946289062,166.12811279296875,5295793
2015-05-01,103.7762222290039,166.03250122070312,166.34799194335938,164.8374786376953,165.5831756591797,3464457
2015-05-04,103.9554672241211,166.31930541992188,168.54684448242188,166.06118774414062,166.7973175048828,4213288
2015-05-05,103.42366790771484,165.46844482421875,166.56787109375,164.397705078125,165.87954711914062,3758906
2015-05-06,102.38204956054688,162.5717010498047,166.3957977294922,161.4340362548828,165.29637145996094,3778780
2015-05-07,102.94805145263672,163.47036743164062,164.4168243408203,161.6061248779297,162.170166015625,2585712
2015-05-08,103.96548461914062,165.08604431152344,165.70745849609375,164.66539001464844,165.33460998535156,3234860
2015-05-11,103.02627563476562,163.5946502685547,165.38241577148438,163.34608459472656,165.05735778808594,2783406
2015-05-12,102.68312072753906,163.04971313476562,163.94837951660156,161.4149169921875,163.04971313476562,3098670
2015-05-13,103.72465515136719,164.70362854003906,165.14340209960938,163.2409210205078,163.70936584472656,2570545
2015-05-14,104.79034423828125,166.3957977294922,166.73040771484375,165.602294921875,165.86997985839844,2551299
2015-05-15,104.3147201538086,165.64053344726562,166.73995971679688,165.0095672607422,166.26194763183594,3050764
2015-05-18,104.1943130493164,165.44932556152344,165.8604278564453,164.72274780273438,165.8126220703125,2061248
2015-05-19,104.44715881347656,165.85086059570312,166.10899353027344,164.3690185546875,165.36329650878906,2639058
2015-05-20,104.61572265625,166.11854553222656,166.76864624023438,164.87571716308594,165.70745849609375,2406114
2015-05-21,104.36286926269531,165.71701049804688,166.48184204101562,165.43020629882812,165.69789123535156,2401198
2015-05-22,103.68856811523438,164.64627075195312,165.7648162841797,164.61758422851562,165.43020629882812,2980786
2015-05-26,102.43022155761719,162.64817810058594,164.55067443847656,161.69215393066406,164.54110717773438,4031493
2015-05-27,103.55609893798828,164.43594360351562,164.89483642578125,162.9923553466797,163.6328887939453,2891562
2015-05-28,103.38148498535156,164.15870666503906,164.28298950195312,163.15487670898438,163.91014099121094,1811044
2015-05-29,102.14124298095703,162.18930053710938,163.8145294189453,162.18930053710938,163.8145294189453,4280232
2015-06-01,102.4603500366211,162.69598388671875,163.51815795898438,161.5965576171875,162.72467041015625,3122833
2015-06-02,102.14124298095703,162.18930053710938,162.95411682128906,161.02294921875,162.1988525390625,2689684
2015-06-03,102.30380249023438,162.44741821289062,164.01528930664062,162.170166015625,163.0019073486328,2229026
2015-06-04,101.37664031982422,160.9751434326172,163.09751892089844,160.54493713378906,162.07456970214844,3220948
2015-06-05,100.78654479980469,160.03823852539062,161.48184204101562,159.84703063964844,160.85086059570312,3243123
2015-06-08,99.54634094238281,158.06883239746094,159.92352294921875,157.76290893554688,159.818359375,3931600
2015-06-09,99.75103759765625,158.3938751220703,158.71893310546875,156.1854705810547,158.06883239746094,3552111
2015-06-10,101.70176696777344,161.49139404296875,161.9407196044922,158.75717163085938,159.1682586669922,4895803
2015-06-11,101.61750030517578,161.35755920410156,162.94454956054688,161.12811279296875,161.81643676757812,3623344
2015-06-12,100.53975677490234,159.64627075195312,160.89866638183594,159.35946655273438,160.8317413330078,3206095
2015-06-15,100.10023498535156,158.94837951660156,159.64627075195312,157.02676391601562,159.64627075195312,4441002
2015-06-16,100.44940948486328,159.50286865234375,160.03823852539062,158.61376953125,159.01528930664062,3399291
2015-06-17,100.64812469482422,159.818359375,160.46844482421875,158.79541015625,159.6558380126953,2994698
2015-06-18,101.29834747314453,160.85086059570312,161.30018615722656,159.70362854003906,159.70362854003906,3484121
2015-06-19,100.53975677490234,159.64627075195312,161.0133819580078,159.43594360351562,160.24856567382812,7399404
2015-06-22,100.98528289794922,160.35372924804688,160.93690490722656,159.84703063964844,160.27725219726562,2443247
2015-06-23,101.52111053466797,161.20458984375,162.49522399902344,160.2007598876953,160.9751434326172,3871874
2015-06-24,100.52767944335938,159.6271514892578,161.4149169921875,159.49330139160156,161.29063415527344,3711313
2015-06-25,99.99185943603516,158.7762908935547,160.73614501953125,158.7762908935547,160.420654296875,2519709
2015-06-26,99.61857604980469,158.18356323242188,159.47418212890625,157.9636688232422,158.91969299316406,9357516
2015-06-29,98.11940002441406,155.8030548095703,158.07839965820312,155.72657775878906,156.71128845214844,3467176
2015-06-30,97.93277740478516,155.50669860839844,156.7877655029297,154.9904327392578,156.7781982421875,3762776
2015-07-01,99.03453826904297,157.25621032714844,158.32696533203125,156.4053497314453,156.7590789794922,3362367
2015-07-02,99.39581298828125,157.829833984375,158.04971313476562,157.18930053710938,157.7915802001953,2983924
2015-07-06,99.17906951904297,157.48565673828125,157.9636688232422,156.32887268066406,156.625244140625,3221471
2015-07-07,99.34164428710938,157.74378967285156,158.07839965820312,155.09559631347656,157.68641662597656,3713195
2015-07-08,98.23382568359375,155.98471069335938,157.68641662597656,155.52581787109375,156.7877655029297,2904010
2015-07-09,98.64923858642578,156.6443634033203,158.23135375976562,156.50096130371094,158.06883239746094,4392886
2015-07-10,100.5156478881836,159.6080322265625,160.03823852539062,158.2409210205078,158.374755859375,4747062
2015-07-13,101.97872924804688,161.93116760253906,162.41873168945312,160.15296936035156,160.54493713378906,4423534
2015-07-14,101.51509094238281,161.1950225830078,162.08413696289062,160.84129333496094,161.97897338867188,3164464
2015-07-15,101.4669189453125,161.11854553222656,161.8260040283203,160.6118621826172,161.07073974609375,2089908
2015-07-16,102.95403289794922,163.47991943359375,163.5659637451172,161.72084045410156,162.0172119140625,3692275
2015-07-17,103.86317443847656,164.92352294921875,164.93307495117188,162.6195068359375,162.83938598632812,4556794
2015-07-20,104.29064178466797,165.602294921875,166.13766479492188,164.56979370117188,165.1912078857422,7717179
2015-07-21,98.17962646484375,155.89866638183594,159.034423828125,154.89483642578125,157.11280822753906,14384906
2015-07-22,96.5419692993164,153.29827880859375,155.89866638183594,152.67686462402344,155.5736083984375,7512163
2015-07-23,97.37283325195312,154.61758422851562,155.5927276611328,152.8011474609375,153.2218017578125,5265773
2015-07-24,96.18074798583984,152.72467041015625,154.8087921142578,152.3996124267578,154.1969451904297,3951997
2015-07-27,95.77135467529297,152.07456970214844,153.13575744628906,151.625244140625,152.0076446533203,3876685
2015-07-28,96.36136627197266,153.011474609375,153.1453094482422,151.52963256835938,152.87762451171875,2846166
2015-07-29,96.98754119873047,154.0057373046875,154.397705078125,152.3804931640625,152.9636688232422,3533806
2015-07-30,96.90924835205078,153.88145446777344,154.30210876464844,152.72467041015625,153.44168090820312,2086456
2015-07-31,97.52935791015625,154.86614990234375,154.93307495117188,153.5659637451172,154.30210876464844,3744889
2015-08-03,95.55459594726562,151.73040771484375,154.73231506347656,150.95602416992188,154.5889129638672,4828022
2015-08-04,94.88630676269531,150.66921997070312,151.8355712890625,149.9713134765625,151.4340362548828,5502588
2015-08-05,95.06690216064453,150.95602416992188,152.52389526367188,150.5544891357422,152.10325622558594,3632549
2015-08-06,94.89694213867188,149.4455108642578,150.6118621826172,149.31166076660156,150.21987915039062,3143021
2015-08-07,94.16845703125,148.29827880859375,149.3785858154297,147.55258178710938,149.034423828125,3969465
2015-08-10,95.15798950195312,149.85659790039062,150.54493713378906,149.25430297851562,149.87571716308594,4825616
2015-08-11,94.40523529052734,148.67112731933594,149.13002014160156,148.04971313476562,149.10133361816406,3312787
2015-08-12,94.79981994628906,149.29254150390625,149.63670349121094,147.1797332763672,147.47610473632812,3724074
2015-08-13,94.13810729980469,148.25047302246094,149.22561645507812,147.53346252441406,149.1969451904297,2649936
2015-08-14,94.55091857910156,148.90057373046875,149.34034729003906,147.7820281982422,148.18356323242188,3374814
2015-08-17,94.8908462524414,149.43594360351562,149.7992401123047,147.89674377441406,148.374755859375,2353082
2015-08-18,94.70874786376953,149.14913940429688,149.63670349121094,148.4225616455078,148.67112731933594,2111142
2015-08-19,93.4521255493164,147.170166015625,148.8240966796875,146.66348266601562,148.32696533203125,4399894
2015-08-20,92.67508697509766,145.9464569091797,147.14149475097656,145.7935028076172,146.02294921875,4196029
2015-08-21,90.36214447021484,142.30401611328125,146.45315551757812,142.16061401367188,144.8374786376953,7700757
2015-08-24,87.09612274169922,137.16061401367188,141.26194763183594,136.71128845214844,137.16061401367188,10658426
2015-08-25,85.57234954833984,134.76100158691406,140.64053344726562,134.43594360351562,140.47801208496094,7398567
2015-08-26,89.05692291259766,140.24856567382812,140.51625061035156,135.88909912109375,137.7533416748047,6508003
2015-08-27,90.17394256591797,142.0076446533203,142.41873168945312,139.25430297851562,141.9694061279297,5205524
2015-08-28,89.83399200439453,141.47227478027344,141.68260192871094,140.70745849609375,141.2523956298828,4263810
2015-08-31,89.77934265136719,141.38623046875,141.87380981445312,139.82791137695312,140.89866638183594,4281383
2015-09-01,86.61649322509766,136.4053497314453,138.6042022705078,135.6118621826172,138.53729248046875,5514512
2015-09-02,88.0552749633789,138.67112731933594,138.69981384277344,136.88336181640625,138.374755859375,4447592
2015-09-03,89.1054916381836,140.32504272460938,141.52008056640625,139.35946655273438,139.6271514892578,3769261
2015-09-04,87.23573303222656,137.3804931640625,139.0057373046875,137.0172119140625,138.2122344970703,4394351
2015-09-08,89.37869262695312,140.75526428222656,140.8604278564453,139.25430297851562,139.4455108642578,4114232
2015-09-09,88.0552749633789,138.67112731933594,142.48565673828125,138.47991943359375,142.1988525390625,3564559
2015-09-10,88.75340270996094,139.7705535888672,140.68833923339844,138.15487670898438,139.43594360351562,3620938
2015-09-11,89.46366882324219,140.88909912109375,141.0133819580078,139.26385498046875,139.49330139160156,3258395
2015-09-14,88.41951751708984,139.24473571777344,140.88909912109375,139.01528930664062,140.88909912109375,3375128
2015-09-15,89.56080627441406,141.0420684814453,141.42446899414062,139.3498992919922,140.15296936035156,2842087
2015-09-16,90.09502410888672,141.88336181640625,142.34225463867188,141.05162048339844,141.3384246826172,2927963
2015-09-17,89.93111419677734,141.625244140625,143.09751892089844,140.82217407226562,141.58700561523438,4187138
2015-09-18,87.72744750976562,138.15487670898438,139.9521942138672,137.64817810058594,139.6271514892578,8342687
2015-09-21,88.92340850830078,140.03823852539062,140.51625061035156,138.54684448242188,138.9961700439453,4000950
2015-09-22,87.67888641357422,138.07839965820312,138.68069458007812,137.44741821289062,138.26004028320312,3728049
2015-09-23,87.2114486694336,137.34225463867188,138.2122344970703,136.47227478027344,137.86807250976562,2797213
2015-09-24,87.66677856445312,138.0592803955078,138.69024658203125,135.70745849609375,136.32887268066406,3431194
2015-09-25,88.27987670898438,139.0248565673828,139.8374786376953,138.1739959716797,139.14913940429688,3634222
2015-09-28,86.51941680908203,136.2523956298828,138.9866180419922,136.20458984375,138.06883239746094,4515896
2015-09-29,86.4890365600586,136.20458984375,136.38623046875,134.94264221191406,135.74569702148438,4982621
2015-09-30,88.00672912597656,138.5946502685547,139.30210876464844,137.34225463867188,137.37094116210938,4127725
2015-10-01,87.16893005371094,137.27532958984375,139.26385498046875,135.36329650878906,138.91969299316406,4059421
2015-10-02,87.76995086669922,138.2218017578125,138.23135375976562,134.3785858154297,134.84703063964844,3194902
2015-10-05,90.47747039794922,142.48565673828125,143.29827880859375,139.4072723388672,139.4072723388672,5367863
2015-10-06,90.31961822509766,142.23709106445312,143.54684448242188,141.95985412597656,142.50477600097656,3156933
2015-10-07,91.11488342285156,143.48948669433594,144.10133361816406,142.31358337402344,143.44168090820312,3117917
2015-10-08,92.44436645507812,145.5831756591797,146.29063415527344,142.72467041015625,143.10707092285156,5014942
2015-10-09,92.51117706298828,145.68833923339844,146.4149169921875,144.61758422851562,145.75526428222656,3693531
2015-10-12,91.7523193359375,144.49330139160156,145.86997985839844,144.216064453125,145.69789123535156,3376070
2015-10-13,90.82955932617188,143.04014587402344,144.14913940429688,142.6195068359375,144.14913940429688,4095822
2015-10-14,91.06633758544922,143.41299438476562,144.0248565673828,142.46653747558594,143.02102661132812,3507238
2015-10-15,91.11488342285156,143.48948669433594,144.5889129638672,142.04588317871094,144.27342224121094,3636105
2015-10-16,91.29703521728516,143.7762908935547,144.55067443847656,142.69598388671875,143.83364868164062,3643950
2015-10-19,90.58675384521484,142.65774536132812,143.374755859375,141.8546905517578,143.26004028320312,8320616
2015-10-20,85.37810516357422,134.45506286621094,136.5965576171875,134.10133361816406,136.2237091064453,16762778
2015-10-21,85.54808044433594,134.72274780273438,136.38623046875,133.1739959716797,134.08221435546875,7312168
2015-10-22,87.47248840332031,137.7533416748047,138.69024658203125,135.3919677734375,135.50669860839844,5840027
2015-10-23,87.8306655883789,138.31739807128906,139.09178161621094,137.3804931640625,138.25047302246094,5617438
2015-10-26,87.2114486694336,137.34225463867188,138.62332153320312,136.91204833984375,138.3843231201172,3649912
2015-10-27,83.69047546386719,131.7973175048828,137.50477600097656,131.29063415527344,137.1988525390625,15698891
2015-10-28,85.49345397949219,134.63670349121094,135.0191192626953,131.45315551757812,131.8546905517578,8902924
2015-10-29,85.3234634399414,134.3690185546875,134.6271514892578,132.90631103515625,134.1873779296875,3881078
2015-10-30,85.03813934326172,133.91969299316406,135.11471557617188,133.7476043701172,134.26385498046875,4167264
2015-11-02,85.21419525146484,134.1969451904297,134.34034729003906,133.43212890625,134.32122802734375,3998021
2015-11-03,86.130859375,135.64053344726562,136.52008056640625,133.7476043701172,133.86233520507812,4549472
2015-11-04,85.9791259765625,135.4015350341797,136.37667846679688,135.08604431152344,136.28106689453125,3678677
2015-11-05,84.92281341552734,133.73805236816406,136.11854553222656,133.48948669433594,135.38241577148438,5331357
2015-11-06,84.7144775390625,132.170166015625,133.41299438476562,131.806884765625,132.50477600097656,4963165
2015-11-09,82.9129409790039,129.35946655273438,132.0076446533203,128.94837951660156,131.8546905517578,8447078
2015-11-10,83.01097106933594,129.51242065429688,129.7705535888672,128.2218017578125,129.4072723388672,4728757
2015-11-11,82.73524475097656,129.08221435546875,130.2103271484375,128.5850830078125,130.10516357421875,3310381
2015-11-12,81.52198028564453,127.18929290771484,128.7762908935547,127.16061401367188,128.7762908935547,4917664
2015-11-13,80.73149108886719,125.95602416992188,127.15105438232422,125.86042022705078,127.1032485961914,4826035
2015-11-16,81.9325180053711,127.82982635498047,128.193115234375,125.9942626953125,125.9942626953125,4383577
2015-11-17,81.99991607666016,127.93498992919922,128.89100646972656,127.44741821289062,128.31739807128906,2944595
2015-11-18,83.22547149658203,129.84703063964844,129.93307495117188,128.3556365966797,128.86233520507812,4340063
2015-11-19,83.78919982910156,130.72657775878906,131.68260192871094,130.0286865234375,130.21987915039062,4972266
2015-11-20,84.86766052246094,132.4091796875,132.81069946289062,131.21414184570312,131.32887268066406,5414514
2015-11-23,84.84315490722656,132.37094116210938,132.76290893554688,131.08985900878906,132.4378662109375,5374243
2015-11-24,84.9289321899414,132.50477600097656,133.2122344970703,131.27151489257812,131.5965576171875,3564454
2015-11-25,84.56128692626953,131.93116760253906,132.34225463867188,131.3384246826172,132.28489685058594,3387157
2015-11-27,84.84315490722656,132.37094116210938,132.70555114746094,131.1759033203125,131.93116760253906,1480927
2015-11-30,85.4313735961914,133.28871154785156,133.7476043701172,132.4282989501953,132.51434326171875,4754698
2015-12-01,86.57113647460938,135.06692504882812,135.181640625,133.44168090820312,133.44168090820312,4388075
2015-12-02,85.60296630859375,133.55641174316406,135.0,133.36520385742188,134.73231506347656,3896768
2015-12-03,85.1250228881836,132.81069946289062,134.54110717773438,132.11280822753906,133.93881225585938,6181442
2015-12-04,86.05029296875,134.25430297851562,134.818359375,131.92160034179688,132.0172119140625,4781894
2015-12-07,85.51103973388672,133.41299438476562,134.2351837158203,132.70555114746094,133.9961700439453,3430252
2015-12-08,84.59193420410156,131.97897338867188,132.94454956054688,131.48184204101562,132.1988525390625,4084839
2015-12-09,83.70954132080078,130.602294921875,133.69024658203125,130.23899841308594,131.3384246826172,4827290
2015-12-10,83.81370544433594,130.7648162841797,131.7877655029297,129.75143432617188,131.0038299560547,4416526
2015-12-11,82.45951080322266,128.65200805664062,129.48374938964844,128.02102661132812,129.28298950195312,5579155
2015-12-14,83.29286193847656,129.9521942138672,130.15296936035156,128.12619018554688,129.35946655273438,5380415
2015-12-15,84.43258666992188,131.73040771484375,132.85850524902344,131.24282836914062,131.35755920410156,4433471
2015-12-16,85.35173034667969,133.1644287109375,133.50860595703125,131.73040771484375,133.0019073486328,4545393
2015-12-17,83.79533386230469,130.73614501953125,133.36520385742188,130.31549072265625,133.2218017578125,4277617
2015-12-18,82.66171264648438,128.96749877929688,130.93690490722656,128.36520385742188,130.4110870361328,10487301
2015-12-21,83.02935791015625,129.54110717773438,129.85659790039062,128.12619018554688,129.85659790039062,5875905
2015-12-22,84.51838684082031,131.86424255371094,132.11280822753906,129.68450927734375,129.90440368652344,4459935
2015-12-23,84.89215850830078,132.44741821289062,133.18356323242188,132.0363311767578,132.2179718017578,5402485
2015-12-24,84.7144775390625,132.170166015625,132.7724609375,132.0363311767578,132.34225463867188,1563979
2015-12-28,84.32230377197266,131.55831909179688,131.9694061279297,130.53536987304688,131.68260192871094,3287996
2015-12-29,85.65196990966797,133.6328887939453,133.90057373046875,132.12237548828125,132.170166015625,4125110
2015-12-30,85.38235473632812,133.2122344970703,134.26385498046875,133.09751892089844,133.44168090820312,3126912
2015-12-31,84.32843017578125,131.56787109375,132.9827880859375,131.52008056640625,132.95411682128906,3621357
2016-01-04,83.30509185791016,129.9713134765625,129.9904327392578,128.33651733398438,129.63670349121094,5469952
2016-01-05,83.24385833740234,129.87571716308594,130.86997985839844,128.91969299316406,130.74569702148438,4105341
2016-01-06,82.82714080810547,129.22561645507812,129.61758422851562,127.74378967285156,128.47036743164062,4509201
2016-01-07,81.41165924072266,127.01720428466797,129.08221435546875,126.60611724853516,127.82026672363281,7348987
2016-01-08,80.65796661376953,125.84130096435547,127.93498992919922,125.54492950439453,127.32313537597656,4981784
2016-01-11,81.63838195800781,127.37093353271484,127.93498992919922,125.96558380126953,126.01338195800781,5203222
2016-01-12,81.43618774414062,127.05545043945312,127.8967514038086,125.36328887939453,127.77246856689453,5312320
2016-01-13,80.3760757446289,125.40152740478516,128.374755859375,125.33460998535156,127.62906646728516,4916305
2016-01-14,81.44230651855469,127.06501007080078,127.90631103515625,125.44933319091797,126.12810516357422,5972242
2016-01-15,79.67756652832031,124.31166076660156,125.12428283691406,123.20267486572266,124.29254150390625,9422891
2016-01-19,78.50102996826172,122.4760971069336,126.29063415527344,122.42829895019531,124.38814544677734,10438662
2016-01-20,74.67127227783203,116.5009536743164,118.53728485107422,112.81070709228516,113.25048065185547,16901059
2016-01-21,75.31468200683594,117.5047836303711,119.59847259521484,115.2772445678711,115.96558380126953,9258774
2016-01-22,75.06346893310547,117.11280822753906,119.25430297851562,116.4149169921875,119.1873779296875,9663366
2016-01-25,74.80608367919922,116.7112808227539,118.76673126220703,116.29063415527344,116.73040008544922,5696516
2016-01-26,75.11859893798828,117.1988525390625,118.17399597167969,116.86424255371094,116.8738021850586,4830219
2016-01-27,74.11979675292969,115.64053344726562,117.94454956054688,115.34416961669922,117.33269500732422,5257614
2016-01-28,74.89187622070312,116.84512329101562,117.42829895019531,115.68833923339844,115.9273452758789,4123855
2016-01-29,76.4666519165039,119.3021011352539,119.3021011352539,117.55258178710938,117.85850524902344,8627513
2016-02-01,76.49119567871094,119.34034729003906,119.78011322021484,118.26959991455078,118.92925262451172,3739345
2016-02-02,75.33307647705078,117.53346252441406,118.6806869506836,117.24665069580078,118.23136138916016,3438516
2016-02-03,76.42378234863281,119.23518371582031,119.93307495117188,116.91204833984375,118.53728485107422,6509781
2016-02-04,78.21916961669922,122.03633117675781,122.84894561767578,119.50286865234375,119.57935333251953,5508759
2016-02-05,78.78291320800781,122.9158706665039,122.98279571533203,120.31549072265625,121.62523651123047,7507874
2016-02-08,78.6033935546875,121.39579010009766,121.9024887084961,118.67112731933594,120.45889282226562,7702744
2016-02-09,76.80204772949219,118.61376953125,121.34799194335938,118.32695770263672,120.57361602783203,6231231
2016-02-10,74.40023803710938,114.9043960571289,119.78011322021484,114.56979370117188,119.50286865234375,6766679
2016-02-11,72.95172882080078,112.66730499267578,114.397705078125,111.75907897949219,113.55640411376953,7643750
2016-02-12,74.92639923095703,115.7170181274414,115.72657775878906,113.14531707763672,114.01529693603516,5163579
2016-02-16,75.9787368774414,117.34225463867188,117.67686462402344,116.00382232666016,116.47227478027344,4248224
2016-02-17,78.0586929321289,120.55449676513672,121.00382232666016,117.82982635498047,118.26959991455078,5042766
2016-02-18,81.98944091796875,126.62523651123047,128.10707092285156,124.04397583007812,124.2829818725586,10409374
2016-02-19,82.37944793701172,127.22753143310547,127.77246856689453,125.08604431152344,126.53919982910156,5361064
2016-02-22,82.80655670166016,127.88719177246094,128.4034423828125,126.58699798583984,127.22753143310547,4662440
2016-02-23,81.95848846435547,126.57743835449219,127.54302215576172,126.20458984375,127.28489685058594,3597926
2016-02-24,82.20610809326172,126.95984649658203,127.61949920654297,123.97705841064453,125.76481628417969,4312240
2016-02-25,83.25843048095703,128.5850830078125,128.5946502685547,125.12428283691406,127.42829895019531,4558782
2016-02-26,81.7294692993164,126.22370910644531,128.9866180419922,126.14722442626953,128.5946502685547,4587965
2016-02-29,81.11044311523438,125.26768493652344,127.4952163696289,125.14340209960938,126.19503021240234,4631688
2016-03-01,83.17799377441406,128.46080017089844,128.71893310546875,126.22370910644531,126.42447662353516,3962771
2016-03-02,84.3726806640625,130.30592346191406,131.3957977294922,127.36137390136719,127.82026672363281,5457191
2016-03-03,85.30122375488281,131.73995971679688,131.89292907714844,130.08604431152344,131.1854705810547,5393594
2016-03-04,85.30122375488281,131.73995971679688,133.28871154785156,130.9942626953125,131.49139404296875,4150946
2016-03-07,86.75591278076172,133.9866180419922,134.33078002929688,130.85086059570312,131.24282836914062,5408866
2016-03-08,86.08737182617188,132.95411682128906,134.17782592773438,131.37667846679688,133.5659637451172,5835739
2016-03-09,86.91687774658203,134.2351837158203,135.91778564453125,133.10707092285156,133.18356323242188,4609199
2016-03-10,86.78069305419922,134.0248565673828,135.24856567382812,132.0172119140625,135.0286865234375,4205548
2016-03-11,88.12396240234375,136.09942626953125,136.63479614257812,134.33078002929688,135.49713134765625,4625307
2016-03-14,88.38392639160156,136.50096130371094,136.89292907714844,134.8374786376953,135.7648162841797,4235045
2016-03-15,88.4953842163086,136.67303466796875,137.02676391601562,135.31549072265625,135.50669860839844,3878045
2016-03-16,89.62818908691406,138.4225616455078,138.50860595703125,135.8604278564453,136.34799194335938,4416107
2016-03-17,91.02098846435547,140.5736083984375,140.84129333496094,138.09751892089844,138.41299438476562,6089394
2016-03-18,91.05194091796875,140.6214141845703,141.02294921875,139.11090087890625,140.91778564453125,12645826
2016-03-21,92.00524139404297,142.09368896484375,142.170166015625,140.26768493652344,140.82217407226562,3892794
2016-03-22,91.67715454101562,141.58700561523438,142.71510314941406,141.3384246826172,141.5487518310547,4269667
2016-03-23,90.00576782226562,139.0057373046875,141.52008056640625,138.7476043701172,141.49139404296875,4983353
2016-03-24,91.58430480957031,141.44358825683594,141.70172119140625,138.13575744628906,138.6042022705078,5276547
2016-03-28,91.86286163330078,141.87380981445312,142.11280822753906,140.75526428222656,141.2523956298828,3415295
2016-03-29,92.43856048583984,142.76290893554688,143.1739959716797,141.0133819580078,141.09942626953125,3282871
2016-03-30,91.86902618408203,141.88336181640625,143.79541015625,141.7973175048828,143.3556365966797,3484435
2016-03-31,93.7508544921875,144.7896728515625,146.3671112060547,142.7915802001953,143.2026824951172,7092508
2016-04-01,94.41322326660156,145.8126220703125,146.2332763671875,143.64244079589844,143.89100646972656,4106073
2016-04-04,94.13468170166016,145.38241577148438,146.76864624023438,145.2294464111328,145.64053344726562,4112035
2016-04-05,92.85330200195312,143.4034423828125,144.93307495117188,143.06883239746094,144.7705535888672,3490502
2016-04-06,92.86566925048828,143.4225616455078,143.54684448242188,141.30975341796875,143.30784606933594,4387552
2016-04-07,91.76998901367188,141.73040771484375,143.02102661132812,141.49139404296875,142.51434326171875,3831498
2016-04-08,92.45094299316406,142.7820281982422,143.3938751220703,141.6061248779297,142.50477600097656,3445315
2016-04-11,92.38899230957031,142.68641662597656,145.26768493652344,142.65774536132812,143.65200805664062,4023021
2016-04-12,92.62425994873047,143.04971313476562,143.50860595703125,142.04588317871094,143.0305938720703,3761207
2016-04-13,93.61468505859375,144.579345703125,144.579345703125,143.04971313476562,144.12045288085938,3314146
2016-04-14,93.57134246826172,144.51242065429688,146.0420684814453,143.7667236328125,144.8374786376953,3322619
2016-04-15,93.91801452636719,145.0478057861328,145.4110870361328,144.32122802734375,144.397705078125,3825850
2016-04-18,94.41943359375,145.82217407226562,146.4053497314453,144.82791137695312,145.0478057861328,6884458
2016-04-19,89.13917541503906,137.66729736328125,140.48757934570312,136.3384246826172,140.0286865234375,13796949
2016-04-20,90.44527435302734,139.68450927734375,140.72657775878906,137.66729736328125,137.89674377441406,7064998
2016-04-21,92.42000579833984,142.73422241210938,143.51815795898438,140.0191192626953,140.13385009765625,6294514
2016-04-22,91.92474365234375,141.9694061279297,144.35946655273438,141.0133819580078,142.86807250976562,5430727
2016-04-25,92.11663818359375,142.26577758789062,142.35182189941406,140.64053344726562,141.6443634033203,2979949
2016-04-26,92.28380584716797,142.52389526367188,143.2026824951172,141.3957977294922,142.11280822753906,3116871
2016-04-27,93.14418029785156,143.85276794433594,144.14913940429688,142.41873168945312,142.7820281982422,3254315
2016-04-28,91.03955841064453,140.602294921875,143.57553100585938,140.27725219726562,143.1644287109375,3965909
2016-04-29,90.34005737304688,139.52198791503906,140.8604278564453,137.8489532470703,140.0478057861328,4420187
2016-05-02,89.9253158569336,138.88145446777344,140.53536987304688,138.07839965820312,140.11471557617188,3663510
2016-05-03,89.21961975097656,137.7915802001953,138.52772521972656,136.6156768798828,138.28871154785156,3749178
2016-05-04,89.29389190673828,137.90631103515625,138.62332153320312,137.0076446533203,137.05545043945312,2695647
2016-05-05,90.66815948486328,140.0286865234375,140.82217407226562,139.0535430908203,139.53155517578125,6800255
2016-05-06,92.05561828613281,140.8126220703125,141.46270751953125,138.11663818359375,138.48948669433594,5121007
2016-05-09,92.08683776855469,140.8604278564453,141.68260192871094,140.54493713378906,141.20458984375,4500310
2016-05-10,93.73062133789062,143.374755859375,143.44168090820312,141.24282836914062,141.72084045410156,4176364
2016-05-11,93.0931167602539,142.3996124267578,144.4455108642578,142.1988525390625,143.12619018554688,3235278
2016-05-12,93.02435302734375,142.29444885253906,142.8202667236328,140.64053344726562,142.64817810058594,3398663
2016-05-13,92.32437133789062,141.2237091064453,143.26959228515625,140.93690490722656,142.2466583251953,2508308
2016-05-16,93.411865234375,142.88719177246094,143.3938751220703,140.95602416992188,141.1567840576172,3210279
2016-05-17,92.49940490722656,141.49139404296875,142.92543029785156,140.8126220703125,142.64817810058594,3651168
2016-05-18,92.08683776855469,140.8604278564453,141.988525390625,139.92352294921875,141.48184204101562,2605691
2016-05-19,90.58065032958984,138.55641174316406,140.46844482421875,137.62905883789062,140.03823852539062,3855138
2016-05-20,92.0306167602539,140.77438354492188,141.02294921875,139.14913940429688,139.30210876464844,3840389
2016-05-23,91.73062896728516,140.31549072265625,141.44358825683594,140.2103271484375,141.11854553222656,2200575
2016-05-24,92.693115234375,141.7877655029297,142.2084197998047,140.420654296875,140.420654296875,3064048
2016-05-25,94.80563354492188,145.0191192626953,145.4015350341797,141.9694061279297,142.3804931640625,4555644
2016-05-26,95.27436828613281,145.73614501953125,145.8030548095703,144.4072723388672,144.88528442382812,3203793
2016-05-27,95.52437591552734,146.11854553222656,146.20458984375,145.45889282226562,145.6501007080078,2570127
2016-05-31,96.08686065673828,146.97897338867188,147.04588317871094,145.5736083984375,145.85086059570312,6105084
2016-06-01,95.31809997558594,145.8030548095703,146.52963256835938,144.87571716308594,146.27151489257812,2785916
2016-06-02,95.93684387207031,146.74952697753906,146.74952697753906,145.43020629882812,145.87954711914062,2764160
2016-06-03,95.55561065673828,146.16635131835938,146.30975341796875,145.0286865234375,145.69789123535156,2435402
2016-06-06,95.45561981201172,146.0133819580078,147.1797332763672,145.64053344726562,146.35755920410156,2488120
2016-06-07,95.83059692382812,146.58700561523438,147.16061401367188,145.9464569091797,146.56787109375,4670390
2016-06-08,96.2493667602539,147.2275390625,147.31358337402344,146.30975341796875,146.7781982421875,3070010
2016-06-09,95.88684844970703,146.67303466796875,146.9980926513672,146.0133819580078,146.1950225830078,2114803
2016-06-10,95.2306137084961,145.66921997070312,146.58700561523438,145.181640625,146.07073974609375,3264148
2016-06-13,94.54934692382812,144.6271514892578,145.7935028076172,143.67112731933594,144.96176147460938,3776478
2016-06-14,94.4118423461914,144.4168243408203,145.11471557617188,143.78585815429688,144.6271514892578,2997627
2016-06-15,94.17437744140625,144.0535430908203,145.11471557617188,143.97705078125,144.7992401123047,2364378
2016-06-16,94.4118423461914,144.4168243408203,144.63670349121094,142.44741821289062,143.5850830078125,2561759
2016-06-17,94.99310302734375,145.30592346191406,146.0038299560547,143.97705078125,144.32122802734375,4878439
2016-06-20,96.00562286376953,146.8546905517578,147.86807250976562,145.8126220703125,145.88909912109375,3736417
2016-06-21,96.28057861328125,147.27532958984375,147.7724609375,146.93116760253906,147.3804931640625,2887274
2016-06-22,95.57435607910156,146.1950225830078,147.90631103515625,145.5736083984375,146.988525390625,2964050
2016-06-23,97.09307861328125,148.51815795898438,148.64244079589844,145.88909912109375,146.70172119140625,4151992
2016-06-24,91.6181411743164,140.14340209960938,143.9866180419922,139.75143432617188,143.374755859375,9500609
2016-06-27,89.68689727783203,137.18930053710938,140.15296936035156,136.2332763671875,139.75143432617188,5248723
2016-06-28,91.06187438964844,139.29254150390625,139.32122802734375,137.87762451171875,138.41299438476562,4181594
2016-06-29,92.78689575195312,141.93116760253906,141.95028686523438,140.0095672607422,140.05735778808594,3522614
2016-06-30,94.86186981201172,145.10516357421875,145.2294464111328,142.13192749023438,142.31358337402344,4149587
2016-07-01,95.21810150146484,145.6501007080078,146.24282836914062,144.7418670654297,145.10516357421875,2780582
2016-07-05,94.7993392944336,145.0095672607422,145.31549072265625,144.13002014160156,144.54110717773438,2578599
2016-07-06,95.2306137084961,145.66921997070312,145.70745849609375,143.32696533203125,145.17208862304688,2687592
2016-07-07,95.37435913085938,145.88909912109375,146.93116760253906,145.2103271484375,146.03250122070312,2236766
2016-07-08,96.5368423461914,147.66729736328125,147.8011474609375,146.34799194335938,147.2275390625,3180468
2016-07-11,97.08058166503906,148.49903869628906,149.17782592773438,147.70555114746094,147.8011474609375,2964050
2016-07-12,98.14932250976562,150.13385009765625,150.2103271484375,148.68069458007812,149.1395721435547,4020615
2016-07-13,98.76182556152344,151.07073974609375,151.37667846679688,150.15296936035156,150.8126220703125,2872734
2016-07-14,100.17430114746094,153.23135375976562,154.30210876464844,151.6061248779297,151.8260040283203,4850930
2016-07-15,99.86181640625,152.7533416748047,152.94454956054688,151.52963256835938,152.86807250976562,4682733
2016-07-18,99.91184997558594,152.829833984375,153.68069458007812,151.74952697753906,152.29444885253906,7039266
2016-07-19,99.7367935180664,152.5621337890625,155.0095672607422,150.9464569091797,154.66539001464844,7447520
2016-07-20,100.84929656982422,154.26385498046875,154.5984649658203,152.58126831054688,152.93499755859375,4577610
2016-07-21,100.28058624267578,153.3938751220703,154.73231506347656,152.85850524902344,153.68069458007812,3680769
2016-07-22,101.29305267333984,154.94264221191406,155.03823852539062,153.4225616455078,153.70936584472656,2636025
2016-07-25,101.65557861328125,155.49713134765625,155.71701049804688,154.63670349121094,154.87571716308594,2933612
2016-07-26,101.32430267333984,154.9904327392578,156.4053497314453,154.27342224121094,155.49713134765625,3027752
2016-07-27,101.1430892944336,154.71319580078125,155.420654296875,154.09178161621094,154.9904327392578,2262184
2016-07-28,100.85560607910156,154.27342224121094,154.69407653808594,153.64244079589844,154.28298950195312,2448058
2016-07-29,100.3868637084961,153.55641174316406,154.5602264404297,152.9923553466797,154.26385498046875,3710685
2016-08-01,100.90557861328125,154.3498992919922,154.54110717773438,152.81069946289062,153.5850830078125,2953486
2016-08-02,100.36183166503906,153.51815795898438,154.3498992919922,153.30784606933594,154.17782592773438,3222621
2016-08-03,100.4180679321289,153.6042022705078,153.78585815429688,152.7724609375,153.08795166015625,2993338
2016-08-04,100.96804809570312,154.4455108642578,154.5889129638672,153.07839965820312,153.78585815429688,2603599
2016-08-05,102.18682098388672,156.30975341796875,156.31930541992188,154.46463012695312,154.87571716308594,3987770
2016-08-08,102.14899444580078,154.91395568847656,156.08985900878906,154.47418212890625,155.5736083984375,3179108
2016-08-09,101.97880554199219,154.6558380126953,155.6118621826172,154.54110717773438,155.08604431152344,2863425
2016-08-10,102.17420196533203,154.9521942138672,155.50669860839844,154.8374786376953,155.05735778808594,2580168
2016-08-11,103.0882797241211,156.3384246826172,157.69598388671875,155.0478057861328,155.11471557617188,9171956
2016-08-12,102.09223175048828,154.82791137695312,156.27151489257812,154.4168243408203,156.0133819580078,2660083
2016-08-15,102.04811096191406,154.76100158691406,155.8030548095703,154.66539001464844,155.2581329345703,3107038
2016-08-16,101.30424499511719,153.6328887939453,154.8087921142578,153.62332153320312,154.0248565673828,2311869
2016-08-17,101.14033508300781,153.3843231201172,154.07266235351562,152.81069946289062,153.89100646972656,3374291
2016-08-18,101.72029113769531,154.26385498046875,154.87571716308594,153.3843231201172,153.8145294189453,3819992
2016-08-19,100.88816833496094,153.0019073486328,153.83364868164062,152.50477600097656,153.7667236328125,2944699
2016-08-22,100.86298370361328,152.9636688232422,153.50860595703125,152.13192749023438,152.9636688232422,2133108
2016-08-23,101.02686309814453,153.2122344970703,154.24473571777344,153.18356323242188,153.27915954589844,2968653
2016-08-24,100.26410675048828,152.05545043945312,153.13575744628906,151.35755920410156,152.85850524902344,3813507
2016-08-25,99.9993896484375,151.65391540527344,152.52389526367188,151.45315551757812,152.0076446533203,2693450
2016-08-26,99.8039321899414,151.35755920410156,153.3843231201172,150.90821838378906,151.89292907714844,2613849
2016-08-29,100.68648529052734,152.69598388671875,153.1644287109375,151.52963256835938,151.84512329101562,2589791
2016-08-30,100.48477172851562,152.3900604248047,153.10707092285156,151.8260040283203,152.73422241210938,1896712
2016-08-31,100.15692901611328,151.89292907714844,152.6386260986328,151.30018615722656,152.6386260986328,2430486
2016-09-01,100.57300567626953,152.52389526367188,152.6003875732422,151.14723205566406,151.35755920410156,2466886
2016-09-02,100.57933044433594,152.53346252441406,153.50860595703125,152.1510467529297,152.8489532470703,2421908
2016-09-06,101.08363342285156,153.29827880859375,153.78585815429688,152.11280822753906,152.8489532470703,3131829
2016-09-07,101.89685821533203,154.53155517578125,154.64627075195312,152.9636688232422,153.1453094482422,2999196
2016-09-08,100.23258972167969,152.0076446533203,154.12045288085938,151.7781982421875,153.48948669433594,4145507
2016-09-09,98.14600372314453,148.8432159423828,151.4340362548828,148.8049774169922,151.08030700683594,5424556
2016-09-12,99.78500366210938,151.32887268066406,151.55831909179688,148.0305938720703,148.43212890625,4568405
2016-09-13,98.22164154052734,148.9579315185547,150.98471069335938,148.6615753173828,150.69789123535156,3803988
2016-09-14,97.11210632324219,147.27532958984375,149.01528930664062,146.6443634033203,148.85276794433594,4038188
2016-09-15,98.1270980834961,148.8145294189453,149.45506286621094,146.47227478027344,147.51434326171875,3813298
2016-09-16,96.9797592163086,147.07456970214844,148.5659637451172,146.72084045410156,148.2218017578125,6760926
2016-09-19,97.62903594970703,148.0592803955078,149.32122802734375,147.7533416748047,148.0592803955078,2562805
2016-09-20,97.3642807006836,147.65774536132812,149.68450927734375,147.65774536132812,149.01528930664062,2258419
2016-09-21,98.04511260986328,148.69024658203125,148.83364868164062,147.10325622558594,148.09751892089844,2587699
2016-09-22,98.4107437133789,149.24473571777344,150.30592346191406,148.8432159423828,149.28298950195312,2814891
2016-09-23,97.69841766357422,148.1644287109375,149.17782592773438,147.90631103515625,148.7762908935547,2826501
2016-09-26,97.06798553466797,147.2084197998047,147.66729736328125,146.71128845214844,147.66729736328125,2649832
2016-09-27,98.82682800292969,149.87571716308594,149.87571716308594,147.04588317871094,147.53346252441406,3124611
2016-09-28,99.78500366210938,151.32887268066406,151.65391540527344,149.35946655273438,150.08604431152344,3462260
2016-09-29,99.6715316772461,151.1567840576172,157.74378967285156,150.53536987304688,151.65391540527344,3530041
2016-09-30,100.13803100585938,151.86424255371094,152.81069946289062,151.10899353027344,151.91204833984375,3762357
2016-10-03,99.35635375976562,150.67877197265625,151.4053497314453,150.11471557617188,151.10899353027344,2330279
2016-10-04,98.63137817382812,149.579345703125,151.55831909179688,148.96749877929688,150.73614501953125,3016769
2016-10-05,99.02220916748047,150.17208862304688,150.88909912109375,149.82791137695312,150.1625213623047,1761987
2016-10-06,98.89616394042969,149.9808807373047,150.50669860839844,149.034423828125,149.94264221191406,2039805
2016-10-07,98.13336181640625,148.8240966796875,150.7648162841797,148.04971313476562,150.2294464111328,2794807
2016-10-10,98.98443603515625,150.11471557617188,151.52008056640625,149.7705535888672,149.818359375,2595440
2016-10-11,97.57862854003906,147.9827880859375,150.0478057861328,147.12237548828125,149.8374786376953,3034760
2016-10-12,97.26341247558594,147.50477600097656,148.15487670898438,146.34799194335938,148.15487670898438,3100344
2016-10-13,96.90409851074219,146.95985412597656,147.4378662109375,145.5736083984375,146.9407196044922,3043755
2016-10-14,97.3642807006836,147.65774536132812,148.69024658203125,147.31358337402344,147.67686462402344,4558677
2016-10-17,97.5660171508789,147.9636688232422,149.034423828125,147.55258178710938,147.65774536132812,6161358
2016-10-18,95.01295471191406,144.09178161621094,144.35946655273438,141.29063415527344,143.4225616455078,13358048
2016-10-19,95.35336303710938,144.6080322265625,145.74569702148438,144.1969451904297,144.61758422851562,4846013
2016-10-20,95.51724243164062,144.85659790039062,146.1759033203125,144.3785858154297,144.6271514892578,4208163
2016-10-21,94.32582092285156,143.04971313476562,144.50286865234375,142.9827880859375,143.9579315185547,4617253
2016-10-24,94.91835021972656,143.94837951660156,144.85659790039062,143.78585815429688,143.78585815429688,2789368
2016-10-25,95.11381530761719,144.24473571777344,144.51242065429688,143.2409210205078,143.94837951660156,2769285
2016-10-26,95.70004272460938,145.13385009765625,146.21414184570312,143.65200805664062,144.08221435546875,2941038
2016-10-27,96.6708984375,146.6061248779297,147.28489685058594,145.33460998535156,146.09942626953125,4423848
2016-10-28,96.20436096191406,145.89866638183594,147.64817810058594,145.48757934570312,147.27532958984375,3822607
2016-10-31,96.88522338867188,146.93116760253906,147.5430145263672,146.0420684814453,146.0420684814453,3716647
2016-11-01,96.31784057617188,146.07073974609375,147.14149475097656,145.06692504882812,146.74952697753906,3338727
2016-11-02,95.78829956054688,145.26768493652344,146.6061248779297,145.0,145.77438354492188,3215822
2016-11-03,96.0530776977539,145.66921997070312,146.97897338867188,145.12428283691406,145.8030548095703,3011225
2016-11-04,96.09091186523438,145.72657775878906,146.88336181640625,145.1912078857422,145.69789123535156,2584038
2016-11-07,98.16487121582031,148.87188720703125,149.24473571777344,147.07456970214844,147.2179718017578,3979925
2016-11-08,98.7055892944336,148.34608459472656,149.07266235351562,146.32887268066406,147.76290893554688,4102307
2016-11-09,98.47657012939453,148.0019073486328,148.71893310546875,144.35946655273438,146.2332763671875,5652270
2016-11-10,101.91795349121094,153.1739959716797,154.07266235351562,150.65965270996094,150.72657775878906,8070727
2016-11-11,102.58586883544922,154.17782592773438,154.24473571777344,152.32313537597656,152.93499755859375,4651144
2016-11-14,100.63938903808594,151.2523956298828,154.7418670654297,150.6501007080078,154.15870666503906,5435539
2016-11-15,100.93196868896484,151.69215393066406,152.1510467529297,150.6214141845703,151.45315551757812,3636942
2016-11-16,101.32637786865234,152.28489685058594,152.53346252441406,151.08030700683594,151.49139404296875,2356429
2016-11-17,101.6507797241211,152.7724609375,152.89674377441406,151.86424255371094,152.2179718017578,2365215
2016-11-18,102.0261001586914,153.33651733398438,153.65200805664062,152.2084197998047,152.7724609375,3118754
2016-11-21,103.54005432128906,155.6118621826172,155.8317413330078,153.31739807128906,153.62332153320312,4850407
2016-11-22,103.47642517089844,155.51625061035156,155.8317413330078,154.82791137695312,155.8317413330078,2898257
2016-11-23,103.03749084472656,154.85659790039062,155.23899841308594,154.26385498046875,154.818359375,2356324
2016-11-25,103.77540588378906,155.965576171875,156.0133819580078,154.71319580078125,154.71319580078125,1679144
2016-11-28,104.65325927734375,157.28489685058594,157.41873168945312,155.54493713378906,156.02294921875,4654072
2016-11-29,104.02348327636719,156.3384246826172,157.1797332763672,155.8604278564453,156.7877655029297,3293017
2016-11-30,103.190185546875,155.08604431152344,156.5965576171875,155.07647705078125,156.16635131835938,4600099
2016-12-01,101.66352081298828,152.7915802001953,155.06692504882812,151.3384246826172,154.82791137695312,4848942
2016-12-02,101.79074096679688,152.9827880859375,153.2409210205078,151.44358825683594,152.0076446533203,2866981
2016-12-05,101.67623138427734,152.81069946289062,154.06309509277344,152.5717010498047,153.7762908935547,3605667
2016-12-06,102.00065612792969,153.29827880859375,153.71893310546875,151.9407196044922,153.08795166015625,2990514
2016-12-07,104.82500457763672,157.5430145263672,157.91586303710938,153.33651733398438,153.53729248046875,4639115
2016-12-08,105.18757629394531,158.08795166015625,158.69981384277344,156.9980926513672,157.6195068359375,3416654
2016-12-09,105.92548370361328,159.1969451904297,159.3881378173828,157.3613739013672,157.91586303710938,3291657
2016-12-12,105.27665710449219,158.2218017578125,159.45506286621094,157.81069946289062,159.3881378173828,3548346
2016-12-13,107.05138397216797,160.88909912109375,162.47610473632812,158.3938751220703,158.3938751220703,6205186
2016-12-14,107.19131469726562,161.09942626953125,162.41873168945312,160.08604431152344,160.965576171875,4313913
2016-12-15,106.8796157836914,160.6309814453125,162.3804931640625,160.4015350341797,160.6214141845703,3544476
2016-12-16,106.05903625488281,159.397705078125,161.67303466796875,158.75717163085938,161.53919982910156,7448148
2016-12-19,106.02723693847656,159.3498992919922,159.90440368652344,158.69981384277344,159.49330139160156,3091871
2016-12-20,106.61246490478516,160.2294464111328,160.85086059570312,159.13002014160156,160.12428283691406,2274632
2016-12-21,106.44073486328125,159.9713134765625,160.5544891357422,157.9827880859375,158.93881225585938,3740182
2016-12-22,106.2689437866211,159.71319580078125,160.8317413330078,159.25430297851562,160.0,2931520
2016-12-23,106.04631042480469,159.3785858154297,160.12428283691406,159.13002014160156,159.6558380126953,1779455
2016-12-27,106.31989288330078,159.7896728515625,160.5927276611328,159.51242065429688,159.63670349121094,1461785
2016-12-28,105.71554565429688,158.88145446777344,160.36329650878906,158.69981384277344,159.93307495117188,1838345
2016-12-29,105.97637939453125,159.27342224121094,159.64627075195312,158.69981384277344,158.71893310546875,1740021
2016-12-30,105.58834075927734,158.69024658203125,159.3690185546875,158.2218017578125,159.12045288085938,3088629
2017-01-03,106.35165405273438,159.8374786376953,160.48757934570312,158.70936584472656,159.6558380126953,3069278
2017-01-04,107.66838836669922,161.81643676757812,162.3996124267578,160.0,160.3919677734375,3536944
2017-01-05,107.31219482421875,161.28106689453125,161.9407196044922,159.90440368652344,161.806884765625,2805686
2017-01-06,107.84014892578125,162.07456970214844,162.44741821289062,160.15296936035156,161.27151489257812,3080993
2017-01-09,106.644287109375,160.27725219726562,162.33270263671875,160.24856567382812,162.0172119140625,3336635
2017-01-10,105.28932189941406,158.2409210205078,160.69789123535156,158.06883239746094,160.5927276611328,4308160
2017-01-11,106.7078628540039,160.3728485107422,160.38241577148438,158.31739807128906,158.7476043701172,3765077
2017-01-12,106.83511352539062,160.56405639648438,160.6214141845703,158.27915954589844,160.3919677734375,3062165
2017-01-13,106.44709777832031,159.9808807373047,161.07073974609375,159.54110717773438,160.5831756591797,3007668
2017-01-17,106.79694366455078,160.50669860839844,160.783935546875,158.8145294189453,159.35946655273438,3468222
2017-01-18,106.10359191894531,159.46463012695312,161.1759033203125,159.35946655273438,160.08604431152344,4192159
2017-01-19,106.10990142822266,159.47418212890625,160.08604431152344,158.50860595703125,159.61758422851562,7283716
2017-01-20,108.4889907836914,163.04971313476562,163.13575744628906,158.69981384277344,160.43020629882812,13273740
2017-01-23,108.79435729980469,163.50860595703125,163.71893310546875,162.53346252441406,162.6003875732422,5730197
2017-01-24,111.89218139648438,168.1644287109375,168.26004028320312,163.6328887939453,163.8240966796875,7272210
2017-01-25,113.41254425048828,170.44932556152344,171.3671112060547,168.3843231201172,168.50860595703125,6194935
2017-01-26,113.64785766601562,170.8030548095703,171.0133819580078,169.70362854003906,170.2294464111328,3204839
2017-01-27,112.78275299072266,169.50286865234375,171.31930541992188,169.50286865234375,170.6214141845703,3642486
2017-01-30,111.82856750488281,168.06883239746094,169.28298950195312,166.90248107910156,169.1969451904297,4283161
2017-01-31,111.01435852050781,166.84512329101562,167.85850524902344,165.9751434326172,167.35182189941406,4329394
2017-02-01,110.86807250976562,166.625244140625,167.97323608398438,165.28680419921875,167.30401611328125,2924302
2017-02-02,111.05254364013672,166.90248107910156,167.27532958984375,165.91778564453125,166.56787109375,2741043
2017-02-03,111.84133911132812,168.08795166015625,168.5850830078125,167.1988525390625,167.30401611328125,3461528
2017-02-06,111.86675262451172,168.12619018554688,168.2409210205078,166.71128845214844,167.6003875732422,2772737
2017-02-07,113.52062225341797,170.6118621826172,170.7648162841797,168.1644287109375,168.26004028320312,4051681
2017-02-08,112.95000457763672,168.4225616455078,169.69407653808594,168.1453094482422,169.69407653808594,3047103
2017-02-09,113.61679077148438,169.4168243408203,169.9808807373047,168.1739959716797,168.4225616455078,3232872
2017-02-10,114.55926513671875,170.82217407226562,171.0038299560547,168.9866180419922,169.56979370117188,3065512
2017-02-13,114.9952621459961,171.47227478027344,171.988525390625,170.9751434326172,171.35755920410156,3235696
2017-02-14,115.48898315429688,172.2084197998047,172.2084197998047,170.50669860839844,170.71701049804688,2904219
2017-02-15,116.48273468017578,173.69024658203125,173.91969299316406,171.90248107910156,172.27532958984375,3048358
2017-02-16,116.32247161865234,173.4512481689453,174.75143432617188,172.91586303710938,173.47036743164062,3401069
2017-02-17,115.83515167236328,172.72467041015625,173.5850830078125,172.08413696289062,173.27915954589844,3715915
2017-02-21,115.57231903076172,172.33270263671875,172.83938598632812,171.24282836914062,172.65774536132812,4686394
2017-02-22,116.1429214477539,173.18356323242188,173.36520385742188,172.170166015625,172.170166015625,3159443
2017-02-23,116.46350860595703,173.6615753173828,174.47418212890625,172.9636688232422,173.9961700439453,2387495
2017-02-24,116.27114868164062,173.374755859375,173.50860595703125,171.97897338867188,172.28489685058594,3451905
2017-02-27,115.02091217041016,171.51051330566406,173.27915954589844,171.3957977294922,173.2218017578125,3861100
2017-02-28,115.29019927978516,171.91204833984375,172.68641662597656,171.46270751953125,171.49139404296875,3423976
2017-03-01,116.65583038330078,173.94837951660156,174.52198791503906,172.11280822753906,172.5430145263672,3143858
2017-03-02,115.74542236328125,172.5908203125,173.88145446777344,172.49522399902344,173.88145446777344,3052437
2017-03-03,115.43767547607422,172.13192749023438,173.34608459472656,171.8546905517578,172.5908203125,1905812
2017-03-06,115.70694732666016,172.53346252441406,173.0305938720703,171.67303466796875,171.81643676757812,3351802
2017-03-07,115.64923858642578,172.44741821289062,173.31739807128906,172.27532958984375,172.76290893554688,3117603
2017-03-08,115.05297088623047,171.55831909179688,172.9923553466797,171.4149169921875,172.8011474609375,3721040
2017-03-09,113.59757232666016,169.3881378173828,171.3671112060547,168.1453094482422,171.27151489257812,5694529
2017-03-10,114.01434326171875,170.0095672607422,171.5965576171875,169.61758422851562,170.3728485107422,3242914
2017-03-13,113.13597869873047,168.69981384277344,170.2294464111328,168.6615753173828,170.0286865234375,3642381
2017-03-14,112.6614990234375,167.9923553466797,169.04397583007812,167.50477600097656,168.43212890625,3292285
2017-03-15,112.7192611694336,168.07839965820312,168.52772521972656,167.06500244140625,167.9827880859375,3991013
2017-03-16,113.63605499267578,169.4455108642578,171.12811279296875,169.04397583007812,170.6118621826172,4510143
2017-03-17,112.61663055419922,167.92543029785156,169.01528930664062,167.92543029785156,168.53729248046875,6193366
2017-03-20,112.648681640625,167.97323608398438,168.43212890625,167.4378662109375,167.92543029785156,2590001
2017-03-21,111.48184204101562,166.2332763671875,168.47991943359375,166.1950225830078,168.26959228515625,4108374
2017-03-22,112.0588150024414,167.09368896484375,167.3613739013672,165.2007598876953,166.38623046875,3609223
2017-03-23,112.0844955444336,167.13192749023438,167.94454956054688,165.92733764648438,166.7590789794922,3912040
2017-03-24,111.44975280761719,166.1854705810547,167.7820281982422,165.7648162841797,167.41873168945312,3369898
2017-03-27,111.41134643554688,166.12811279296875,166.50096130371094,164.52198791503906,165.09559631347656,3408914
2017-03-28,111.88573455810547,166.8355712890625,167.30401611328125,165.3919677734375,166.29063415527344,3685999
2017-03-29,111.5202865600586,166.29063415527344,166.81643676757812,165.8317413330078,166.63479614257812,3227538
2017-03-30,111.46897888183594,166.21414184570312,166.91204833984375,166.05162048339844,166.21414184570312,3314042
2017-03-31,111.64851379394531,166.48184204101562,167.25621032714844,166.05162048339844,166.32887268066406,3047730
2017-04-03,111.87934112548828,166.8260040283203,167.1797332763672,165.75526428222656,166.1759033203125,4483679
2017-04-04,111.89214324951172,166.84512329101562,167.26577758789062,165.64053344726562,165.88909912109375,3251909
2017-04-05,110.8406753540039,165.27725219726562,168.57553100585938,165.2103271484375,167.0172119140625,6525889
2017-04-06,110.56497192382812,164.86614990234375,165.84129333496094,164.67495727539062,165.84129333496094,3593428
2017-04-07,110.36621856689453,164.56979370117188,165.32504272460938,163.7476043701172,164.51242065429688,3753362
2017-04-10,109.7635498046875,163.67112731933594,164.9713134765625,163.47991943359375,164.94264221191406,3964235
2017-04-11,109.36605072021484,163.07839965820312,163.69981384277344,161.5487518310547,163.1453094482422,5116927
2017-04-12,109.4173583984375,163.15487670898438,163.67112731933594,162.5430145263672,163.51815795898438,3427637
2017-04-13,108.69282531738281,162.07456970214844,163.8240966796875,162.07456970214844,162.44741821289062,3352953
2017-04-17,109.6994400024414,163.57553100585938,163.7667236328125,162.16061401367188,162.28489685058594,3891329
2017-04-18,109.0262451171875,162.5717010498047,164.1395721435547,162.3613739013672,163.27915954589844,6637393
2017-04-19,103.6662826538086,154.579345703125,155.48757934570312,152.58126831054688,154.64627075195312,20171378
2017-04-20,104.05738067626953,155.1625213623047,155.2581329345703,153.44168090820312,154.22561645507812,6785193
2017-04-21,102.82642364501953,153.32696533203125,154.9808807373047,153.32696533203125,154.92352294921875,5865759
2017-04-24,103.06359100341797,153.68069458007812,154.46463012695312,153.36520385742188,154.1969451904297,5565348
2017-04-25,102.83280181884766,153.33651733398438,154.91395568847656,153.32696533203125,154.66539001464844,5083978
2017-04-26,102.62122344970703,153.02102661132812,154.01528930664062,152.85850524902344,153.47036743164062,4526879
2017-04-27,102.78793334960938,153.26959228515625,153.4225616455078,152.6099395751953,153.2409210205078,4312240
2017-04-28,102.76873016357422,153.2409210205078,153.52772521972656,152.67686462402344,153.44168090820312,4345189
2017-05-01,101.83903503417969,151.8546905517578,153.36520385742188,151.72084045410156,153.011474609375,5162324
2017-05-02,102.00574493408203,152.10325622558594,152.47610473632812,151.66348266601562,152.4282989501953,3355777
2017-05-03,101.70442199707031,151.65391540527344,152.4378662109375,151.5487518310547,151.7590789794922,4176992
2017-05-04,101.97370147705078,152.05545043945312,152.14149475097656,151.3957977294922,151.90248107910156,4477508
2017-05-05,99.40912628173828,148.23135375976562,148.92926025390625,146.27151489257812,146.76864624023438,13097280
2017-05-08,99.07244873046875,146.30018615722656,146.72084045410156,145.50669860839844,146.08030700683594,7836632
2017-05-09,98.47686004638672,145.420654296875,146.3671112060547,144.89483642578125,145.88909912109375,7168238
2017-05-10,97.92008209228516,144.5984649658203,145.66921997070312,144.48374938964844,144.9808807373047,5229895
2017-05-11,97.5316390991211,144.0248565673828,144.50286865234375,143.2026824951172,144.4072723388672,5886783
2017-05-12,97.35035705566406,143.75717163085938,144.6080322265625,143.4034423828125,143.69024658203125,3886204
2017-05-15,98.08840942382812,144.84703063964844,145.15296936035156,143.83364868164062,143.9961700439453,4440793
2017-05-16,99.4932632446289,146.92160034179688,147.2179718017578,144.9904327392578,144.9904327392578,5767330
2017-05-17,97.71287536621094,144.29254150390625,147.3613739013672,144.25430297851562,146.55831909179688,5430309
2017-05-18,97.61577606201172,144.14913940429688,144.67495727539062,143.50860595703125,144.22561645507812,3424813
2017-05-19,98.39269256591797,145.29637145996094,145.75526428222656,144.25430297851562,144.3690185546875,5902578
2017-05-22,98.8199691772461,145.92733764648438,146.11854553222656,144.93307495117188,145.4110870361328,3453997
2017-05-23,98.4250259399414,145.3441619873047,146.92160034179688,145.23899841308594,145.8604278564453,2682467
2017-05-24,98.73583221435547,145.8030548095703,146.0420684814453,144.579345703125,145.51625061035156,3904090
2017-05-25,99.18253326416016,146.46270751953125,146.9694061279297,146.2237091064453,146.51051330566406,2701504
2017-05-26,98.72286987304688,145.783935546875,146.27151489257812,145.3728485107422,146.12811279296875,2555692
2017-05-30,98.23082733154297,145.05735778808594,145.95602416992188,144.92352294921875,145.26768493652344,3834636
2017-05-31,98.81350708007812,145.91778564453125,146.08030700683594,144.9808807373047,145.3441619873047,3706396
2017-06-01,98.83939361572266,145.95602416992188,146.14723205566406,144.96176147460938,146.08030700683594,3052333
2017-06-02,98.43802642822266,145.36329650878906,146.46270751953125,145.12428283691406,146.3384246826172,3750642
2017-06-05,98.67108154296875,145.70745849609375,146.20458984375,145.0095672607422,145.14340209960938,4157955
2017-06-06,98.64517974853516,145.66921997070312,146.16635131835938,145.31549072265625,145.31549072265625,3971871
2017-06-07,97.74528503417969,144.34034729003906,147.41873168945312,144.1682586669922,146.31930541992188,5089522
2017-06-08,98.47036743164062,145.4110870361328,146.09942626953125,144.28298950195312,144.35946655273438,3879614
2017-06-09,99.76519775390625,147.32313537597656,147.47610473632812,145.2007598876953,145.31549072265625,4562129
2017-06-12,100.46436309814453,148.3556365966797,150.28680419921875,147.2466583251953,147.4091796875,6769189
2017-06-13,99.86229705810547,147.46653747558594,148.64244079589844,147.37094116210938,148.6042022705078,3685581
2017-06-14,99.57742309570312,147.04588317871094,148.12619018554688,146.21414184570312,147.1988525390625,3189359
2017-06-15,99.8428955078125,147.4378662109375,147.88719177246094,146.5487518310547,146.5487518310547,4868398
2017-06-16,100.5938720703125,148.54684448242188,148.5850830078125,146.24282836914062,147.44741821289062,7052132
2017-06-19,100.2442398071289,148.0305938720703,149.0057373046875,147.74378967285156,148.67112731933594,4842457
2017-06-20,100.31547546386719,148.13575744628906,148.55641174316406,147.46653747558594,147.68641662597656,4687858
2017-06-21,99.56450653076172,147.02676391601562,148.93881225585938,146.6443634033203,148.93881225585938,4141846
2017-06-22,99.95939636230469,147.6099395751953,148.1739959716797,146.93116760253906,147.7533416748047,2485819
2017-06-23,99.77167510986328,147.33270263671875,147.87762451171875,147.0363311767578,147.55258178710938,3433181
2017-06-26,100.49677276611328,148.4034423828125,148.90057373046875,147.829833984375,147.90631103515625,2252561
2017-06-27,100.18599700927734,147.94454956054688,148.50860595703125,147.70555114746094,148.18356323242188,2496279
2017-06-28,100.55500030517578,148.48948669433594,148.70936584472656,147.97323608398438,148.32696533203125,2323166
2017-06-29,99.78463745117188,147.35182189941406,148.89100646972656,146.86424255371094,148.51815795898438,3412261
2017-06-30,99.59039306640625,147.06500244140625,147.70555114746094,146.4053497314453,147.49522399902344,3735789
2017-07-03,100.72335052490234,148.73805236816406,149.1682586669922,146.76864624023438,146.8260040283203,2952335
2017-07-05,99.4867935180664,146.91204833984375,149.034423828125,146.87380981445312,148.91969299316406,3728362
2017-07-06,98.6386947631836,145.65965270996094,147.06500244140625,145.53536987304688,146.6156768798828,2884345
2017-07-07,99.01419067382812,146.21414184570312,146.73995971679688,145.44932556152344,145.90821838378906,2573265
2017-07-10,99.32493591308594,146.67303466796875,147.12237548828125,145.91778564453125,146.1854705810547,3353685
2017-07-11,99.176025390625,146.45315551757812,146.89292907714844,145.36329650878906,146.52008056640625,3606085
2017-07-12,99.50621795654297,146.9407196044922,147.4569854736328,146.31930541992188,146.73040771484375,3240403
2017-07-13,99.4609146118164,146.87380981445312,147.4091796875,146.45315551757812,146.9407196044922,2590001
2017-07-14,99.8558120727539,147.4569854736328,147.8202667236328,146.65391540527344,147.23709106445312,3406194
2017-07-17,99.05950927734375,146.28106689453125,147.11280822753906,145.54493713378906,146.8355712890625,4981680
2017-07-18,99.700439453125,147.2275390625,147.50477600097656,145.31549072265625,145.65965270996094,7914873
2017-07-19,95.51173400878906,141.0420684814453,143.64244079589844,140.2581329345703,143.4225616455078,14951106
2017-07-20,95.59590148925781,141.16635131835938,142.28489685058594,140.56405639648438,141.0420684814453,7543961
2017-07-21,95.22039794921875,140.6118621826172,141.3671112060547,140.06692504882812,141.09942626953125,6808937
2017-07-24,94.51473999023438,139.56979370117188,140.5736083984375,139.3881378173828,140.53536987304688,4055970
2017-07-25,94.64420318603516,139.76100158691406,141.0038299560547,139.6080322265625,140.12428283691406,4402509
2017-07-26,94.10687255859375,138.96749877929688,140.0191192626953,138.11663818359375,139.8374786376953,4113290
2017-07-27,93.91911315917969,138.69024658203125,139.0057373046875,137.32313537597656,138.62332153320312,6726617
2017-07-28,93.41411590576172,137.94454956054688,138.6615753173828,137.51434326171875,138.44168090820312,3195321
2017-07-31,93.66014862060547,138.30784606933594,138.55641174316406,137.829833984375,138.0305938720703,4556062
2017-08-01,94.06803131103516,138.91014099121094,139.26385498046875,138.3556365966797,138.62332153320312,3367597
2017-08-02,93.51771545410156,138.09751892089844,138.90057373046875,137.87762451171875,138.73805236816406,3703781
2017-08-03,93.83494567871094,138.5659637451172,138.94837951660156,138.07839965820312,138.07839965820312,3175028
2017-08-04,93.97734832763672,138.7762908935547,138.9961700439453,138.04971313476562,138.62332153320312,2666672
2017-08-07,92.88326263427734,137.16061401367188,138.70936584472656,136.47227478027344,138.62332153320312,4830742
2017-08-08,92.97486877441406,135.8604278564453,136.48184204101562,135.75526428222656,135.75526428222656,3450440
2017-08-09,92.7524185180664,135.53536987304688,135.783935546875,134.9808807373047,135.51625061035156,3060387
2017-08-10,92.79821014404297,135.602294921875,136.1567840576172,135.0191192626953,135.4110870361328,4733568
2017-08-11,92.79821014404297,135.602294921875,136.31930541992188,135.29637145996094,136.1854705810547,3142184
2017-08-14,93.11225128173828,136.06118774414062,136.48184204101562,135.69789123535156,135.75526428222656,2352036
2017-08-15,92.94869232177734,135.82217407226562,137.0363311767578,134.397705078125,136.28106689453125,4896849
2017-08-16,93.23002624511719,136.2332763671875,136.625244140625,135.38241577148438,135.5544891357422,3439039
2017-08-17,92.0523681640625,134.51242065429688,136.6061248779297,134.51242065429688,136.2523956298828,4625517
2017-08-18,91.39812469482422,133.55641174316406,134.94264221191406,133.44168090820312,134.67495727539062,4343724
2017-08-21,91.81031799316406,134.15870666503906,134.24473571777344,133.011474609375,133.4512481689453,3337472
2017-08-22,92.25518798828125,134.8087921142578,134.94264221191406,134.2064971923828,134.45506286621094,2661442
2017-08-23,92.99449157714844,135.88909912109375,136.7590789794922,134.49330139160156,134.51242065429688,4234522
2017-08-24,93.51787567138672,136.65391540527344,137.3613739013672,135.9942626953125,136.2332763671875,3757441
2017-08-25,94.0412826538086,137.41873168945312,137.8489532470703,136.95028686523438,136.9980926513672,3005053
2017-08-28,93.23656463623047,136.24282836914062,138.2026824951172,136.12811279296875,137.7724609375,5319956
2017-08-29,93.64873504638672,136.84512329101562,137.12237548828125,135.65965270996094,135.85086059570312,3147937
2017-08-30,93.2693099975586,136.29063415527344,136.97897338867188,136.14723205566406,136.95985412597656,2861856
2017-08-31,93.5767593383789,136.73995971679688,137.34225463867188,136.35755920410156,136.73040771484375,3824594
2017-09-01,94.26373291015625,137.74378967285156,138.1453094482422,136.69215393066406,136.69215393066406,3505878
2017-09-05,93.58329772949219,136.74952697753906,138.011474609375,136.42446899414062,137.18930053710938,3239985
2017-09-06,94.09362030029297,137.49522399902344,138.11663818359375,137.18930053710938,137.55258178710938,3423872
2017-09-07,93.49170684814453,136.6156768798828,138.27915954589844,136.14723205566406,137.76290893554688,4380857
2017-09-08,93.19728088378906,136.1854705810547,136.8546905517578,135.4110870361328,136.8546905517578,3521045
2017-09-11,94.7740249633789,138.48948669433594,138.7476043701172,136.72084045410156,137.2275390625,4825616
2017-09-12,95.36284637451172,139.3498992919922,139.93307495117188,138.15487670898438,138.72848510742188,5479053
2017-09-13,95.51334381103516,139.56979370117188,139.85659790039062,138.94837951660156,138.9579315185547,4289646
2017-09-14,95.2188949584961,139.1395721435547,139.94264221191406,139.11090087890625,139.4455108642578,3929717
2017-09-15,94.74786376953125,138.4512481689453,138.78585815429688,137.74378967285156,138.4512481689453,7737471
2017-09-18,94.57122039794922,138.193115234375,139.08221435546875,137.92543029785156,138.44168090820312,3158397
2017-09-19,94.4665298461914,138.04014587402344,138.6042022705078,137.87762451171875,138.4225616455078,3623762
2017-09-20,95.4413833618164,139.46463012695312,139.46463012695312,138.06883239746094,138.55641174316406,5698085
2017-09-21,95.03573608398438,138.87188720703125,139.47418212890625,138.71893310546875,139.24473571777344,2673158
2017-09-22,94.95069885253906,138.7476043701172,139.1873779296875,138.23135375976562,139.1873779296875,2920746
2017-09-25,95.43482208251953,139.45506286621094,139.6080322265625,138.53729248046875,138.73805236816406,5452903
2017-09-26,95.88626098632812,140.11471557617188,140.93690490722656,139.52198791503906,139.92352294921875,4695076
2017-09-27,95.29743957519531,139.25430297851562,140.4397735595703,138.65200805664062,140.2294464111328,3663824
2017-09-28,95.29743957519531,139.25430297851562,139.4455108642578,137.86807250976562,139.25430297851562,2902441
2017-09-29,94.91800689697266,138.69981384277344,139.28298950195312,138.54684448242188,139.0535430908203,2776816
2017-10-02,95.95166778564453,140.2103271484375,140.4110870361328,138.8240966796875,138.9579315185547,3109967
2017-10-03,96.03016662597656,140.32504272460938,140.72657775878906,139.90440368652344,140.23899841308594,2408624
2017-10-04,95.83390808105469,140.03823852539062,140.5544891357422,139.68450927734375,140.53536987304688,2347642
2017-10-05,95.99093627929688,140.26768493652344,141.05162048339844,140.03823852539062,140.2294464111328,2810079
2017-10-06,95.83390808105469,140.03823852539062,140.3919677734375,139.88528442382812,140.1912078857422,2743867
2017-10-09,96.42926025390625,140.90821838378906,141.29063415527344,139.91395568847656,140.05735778808594,2806000
2017-10-10,97.15547180175781,141.9694061279297,142.3996124267578,141.1567840576172,141.21414184570312,4218100
2017-10-11,96.57975006103516,141.12811279296875,141.9407196044922,140.8030548095703,141.87380981445312,3872501
2017-10-12,96.19373321533203,140.56405639648438,141.38623046875,140.31549072265625,141.07073974609375,3414458
2017-10-13,96.23956298828125,140.6309814453125,141.34799194335938,140.47801208496094,140.9942626953125,2621904
2017-10-16,96.0628890991211,140.3728485107422,141.1759033203125,140.06692504882812,140.74569702148438,3192497
2017-10-17,95.87316131591797,140.09559631347656,140.6501007080078,139.75143432617188,140.181640625,6665530
2017-10-18,104.371826171875,152.51434326171875,154.1395721435547,150.0478057861328,150.2103271484375,31892749
2017-10-19,105.26813507080078,153.8240966796875,153.88145446777344,152.09368896484375,152.7724609375,10370253
2017-10-20,106.03360748291016,154.94264221191406,155.33460998535156,152.74378967285156,153.9866180419922,8230765
2017-10-23,104.38489532470703,152.53346252441406,155.36329650878906,152.52389526367188,154.92352294921875,6045252
2017-10-24,101.98380279541016,149.0248565673828,152.67686462402344,148.34608459472656,152.62905883789062,8571656
2017-10-25,100.4267349243164,146.74952697753906,149.49330139160156,146.32887268066406,149.14913940429688,7239471
2017-10-26,100.49214172363281,146.84512329101562,148.29827880859375,146.7877655029297,147.52389526367188,4498323
2017-10-27,100.54446411132812,146.92160034179688,147.829833984375,146.1854705810547,147.74378967285156,5120379
2017-10-30,100.9893569946289,147.5717010498047,147.7915802001953,145.9942626953125,146.9980926513672,4404078
2017-10-31,100.7930908203125,147.28489685058594,148.11663818359375,146.20458984375,147.5430145263672,4527402
2017-11-01,100.77345275878906,147.25621032714844,148.08795166015625,147.06500244140625,147.32313537597656,3389249
2017-11-02,100.32858276367188,146.6061248779297,147.69598388671875,146.1854705810547,147.3996124267578,3553890
2017-11-03,99.17054748535156,144.91395568847656,146.72084045410156,144.82791137695312,146.67303466796875,4635663
2017-11-06,98.68643188476562,144.2064971923828,145.14340209960938,143.67112731933594,145.09559631347656,4705326
2017-11-07,99.02008819580078,144.69407653808594,144.84703063964844,143.88145446777344,144.71319580078125,3871351
2017-11-08,99.16403198242188,144.90440368652344,145.11471557617188,143.67112731933594,144.93307495117188,4847582
2017-11-09,99.31600189208984,143.69024658203125,145.12428283691406,143.26959228515625,143.33651733398438,4996219
2017-11-10,98.56270599365234,142.6003875732422,144.25430297851562,142.58126831054688,144.0248565673828,4505436
2017-11-13,98.06053161621094,141.87380981445312,142.44741821289062,141.4149169921875,142.33270263671875,5342445
2017-11-14,98.38428497314453,142.34225463867188,142.41873168945312,141.0038299560547,141.44358825683594,3930868
2017-11-15,97.20149230957031,140.6309814453125,142.170166015625,139.78012084960938,141.49139404296875,4992872
2017-11-16,98.53627014160156,142.5621337890625,143.06883239746094,141.0133819580078,141.2332763671875,5697039
2017-11-17,98.43716430664062,142.41873168945312,143.54684448242188,142.28489685058594,142.7724609375,5142659
2017-11-20,99.45475769042969,143.89100646972656,145.26768493652344,143.30784606933594,144.01528930664062,5937619
2017-11-21,100.40628814697266,145.26768493652344,145.74569702148438,144.55067443847656,144.64627075195312,3928985
2017-11-22,100.28734588623047,145.09559631347656,145.68833923339844,144.67495727539062,145.31549072265625,3361426
2017-11-24,100.33361053466797,145.1625213623047,145.50669860839844,144.67495727539062,145.26768493652344,1247878
2017-11-27,100.42611694335938,145.29637145996094,145.783935546875,144.9521942138672,145.3728485107422,3529204
2017-11-28,100.74989318847656,145.7648162841797,146.20458984375,145.0286865234375,145.6501007080078,4156490
2017-11-29,101.46354675292969,146.7973175048828,146.8546905517578,145.47801208496094,146.08985900878906,5333240
2017-11-30,101.7410888671875,147.1988525390625,147.6195068359375,146.34799194335938,146.89292907714844,6799837
2017-12-01,102.26310729980469,147.95411682128906,148.2026824951172,146.1854705810547,147.6099395751953,5824023
2017-12-04,103.38641357421875,149.579345703125,149.90440368652344,148.25047302246094,149.10133361816406,4878858
2017-12-05,102.6529541015625,148.51815795898438,149.84703063964844,147.87762451171875,149.56979370117188,5301128
2017-12-06,101.82697296142578,147.32313537597656,149.3498992919922,147.31358337402344,147.32313537597656,3567592
2017-12-07,101.47673034667969,146.81643676757812,147.65774536132812,146.52008056640625,146.8355712890625,3944571
2017-12-08,102.2961196899414,148.0019073486328,148.2122344970703,146.7973175048828,148.1644287109375,3682234
2017-12-11,102.69261932373047,148.57553100585938,149.034423828125,147.7724609375,148.62332153320312,4291424
2017-12-12,103.5714340209961,149.84703063964844,150.90821838378906,148.33651733398438,150.38241577148438,6612603
2017-12-13,101.70143127441406,147.14149475097656,149.8374786376953,147.12237548828125,149.71319580078125,5922034
2017-12-14,101.76092529296875,147.2275390625,148.28871154785156,146.9407196044922,147.8011474609375,4850720
2017-12-15,100.76970672607422,145.7935028076172,147.0363311767578,145.3441619873047,146.8546905517578,11798775
2017-12-18,101.31818389892578,146.58700561523438,147.3996124267578,146.47227478027344,146.8355712890625,5327069
2017-12-19,101.25210571289062,146.49139404296875,147.3900604248047,146.35755920410156,147.27532958984375,4305754
2017-12-20,101.06710815429688,146.2237091064453,147.12237548828125,146.06118774414062,146.89292907714844,3959842
2017-12-21,100.10896301269531,144.8374786376953,146.71128845214844,144.82791137695312,146.4340362548828,4344979
2017-12-22,100.76970672607422,145.7935028076172,146.27151489257812,144.8374786376953,145.14340209960938,3128168
2017-12-26,100.98778533935547,146.10899353027344,147.09368896484375,145.7935028076172,145.8030548095703,2593034
2017-12-27,101.18603515625,146.3957977294922,146.44358825683594,145.89866638183594,146.2237091064453,2248168
2017-12-28,101.78736877441406,147.26577758789062,147.34225463867188,146.46270751953125,146.46270751953125,2811230
2017-12-29,101.37765502929688,146.67303466796875,147.91586303710938,146.67303466796875,147.3900604248047,3480147
2018-01-02,101.92610931396484,147.46653747558594,148.0019073486328,146.7877655029297,147.70555114746094,4395815
2018-01-03,104.72782897949219,151.52008056640625,152.7820281982422,149.45506286621094,150.420654296875,9875914
2018-01-04,106.84896087646484,154.5889129638672,155.181640625,152.3613739013672,152.62905883789062,7903785
2018-01-05,107.37096405029297,155.3441619873047,155.73614501953125,154.01528930664062,155.29637145996094,5434807
2018-01-08,108.0185317993164,156.28106689453125,156.70172119140625,154.5889129638672,155.50669860839844,5478425
2018-01-09,108.25641632080078,156.625244140625,157.29444885253906,155.88909912109375,156.69215393066406,4541523
2018-01-10,108.48768615722656,156.95985412597656,157.10325622558594,155.35372924804688,155.74569702148438,4366109
2018-01-11,108.50094604492188,156.97897338867188,157.68641662597656,156.11854553222656,157.55258178710938,3969047
2018-01-12,107.80047607421875,155.965576171875,157.49522399902344,155.8604278564453,156.806884765625,5263367
2018-01-16,108.26966094970703,156.6443634033203,158.02102661132812,156.16635131835938,157.83938598632812,8152733
2018-01-17,111.44141387939453,161.2332763671875,161.69215393066406,159.90440368652344,160.6214141845703,12248660
2018-01-18,111.75196838378906,161.68260192871094,163.6042022705078,160.75526428222656,162.52389526367188,14915228
2018-01-19,107.29171752929688,155.2294464111328,158.12619018554688,154.2064971923828,157.2275390625,22146435
2018-01-22,107.44363403320312,155.44932556152344,156.76864624023438,154.0248565673828,154.4072723388672,8870917
2018-01-23,109.85552215576172,158.93881225585938,158.94837951660156,155.36329650878906,155.65965270996094,7809645
2018-01-24,109.27401733398438,158.09751892089844,161.30018615722656,157.5717010498047,159.4168243408203,5904670
2018-01-25,109.34008026123047,158.193115234375,159.4455108642578,157.92543029785156,158.61376953125,3454415
2018-01-26,110.57579803466797,159.9808807373047,160.0478057861328,158.49903869628906,158.8145294189453,3962143
2018-01-29,110.21894836425781,159.46463012695312,160.98471069335938,158.70936584472656,160.08604431152344,3678782
2018-01-30,108.11763000488281,156.42446899414062,159.43594360351562,155.98471069335938,158.90057373046875,5127806
2018-01-31,108.1705322265625,156.50096130371094,157.73422241210938,155.602294921875,156.5487518310547,4260149
2018-02-01,107.31149291992188,155.2581329345703,156.91204833984375,154.78012084960938,156.0133819580078,4638173
2018-02-02,105.08463287353516,152.0363311767578,154.87571716308594,151.88336181640625,154.5889129638672,5493487
2018-02-05,100.78955078125,145.82217407226562,151.52963256835938,143.4034423828125,150.9464569091797,9148944
2018-02-06,102.64637756347656,148.50860595703125,148.65200805664062,142.55258178710938,143.68069458007812,10321614
2018-02-07,101.6617660522461,147.08413696289062,148.50860595703125,146.53919982910156,147.3900604248047,6432063
2018-02-08,98.48548889160156,141.09942626953125,146.42446899414062,141.0133819580078,145.77438354492188,7090939
2018-02-09,99.7667007446289,142.93499755859375,143.91969299316406,138.04971313476562,142.06500244140625,8188402
2018-02-12,101.02787017822266,144.7418670654297,145.69789123535156,143.69024658203125,144.26385498046875,6151944
2018-02-13,100.59410095214844,144.12045288085938,144.53155517578125,143.0592803955078,144.26385498046875,5115986
2018-02-14,103.26995849609375,147.95411682128906,148.18356323242188,143.4034423828125,143.5850830078125,5731034
2018-02-15,104.10406494140625,149.14913940429688,149.96176147460938,146.9407196044922,148.6615753173828,5882286
2018-02-16,104.21751403808594,149.31166076660156,150.85086059570312,148.8432159423828,148.86233520507812,4479913
2018-02-20,103.53687286376953,148.33651733398438,149.10133361816406,147.10325622558594,148.93881225585938,4696122
2018-02-21,102.73614501953125,147.18930053710938,149.89483642578125,147.13192749023438,148.5946502685547,3900116
2018-02-22,102.21563720703125,146.44358825683594,148.2218017578125,146.07073974609375,147.70555114746094,4209732
2018-02-23,103.77710723876953,148.68069458007812,148.9961700439453,147.29444885253906,147.51434326171875,3405881
2018-02-26,105.81903076171875,151.6061248779297,151.89292907714844,148.67112731933594,148.9579315185547,3776374
2018-02-27,104.46441650390625,149.66539001464844,152.7533416748047,149.64627075195312,151.49139404296875,4432216
2018-02-28,103.98394012451172,148.97705078125,151.1854705810547,148.94837951660156,150.5736083984375,3978461
2018-03-01,102.63603210449219,147.04588317871094,150.06692504882812,146.07073974609375,148.69024658203125,4225108
2018-03-02,103.08978271484375,147.69598388671875,147.95411682128906,145.2007598876953,146.07073974609375,3411111
2018-03-05,104.7313461303711,150.0478057861328,150.56405639648438,146.988525390625,147.34225463867188,3839448
2018-03-06,103.9105224609375,148.87188720703125,150.9464569091797,148.33651733398438,150.36329650878906,3855242
2018-03-07,105.64554595947266,151.35755920410156,151.84512329101562,147.92543029785156,148.18356323242188,4819654
2018-03-08,104.23751831054688,149.34034729003906,152.55258178710938,148.25047302246094,152.0076446533203,6752558
2018-03-09,106.30612182617188,152.30401611328125,152.5621337890625,150.38241577148438,150.54493713378906,5253221
2018-03-12,106.9400634765625,153.2122344970703,153.93881225585938,151.88336181640625,152.6195068359375,5296421
2018-03-13,106.31281280517578,152.31358337402344,154.9808807373047,151.8260040283203,153.04971313476562,4378138
2018-03-14,105.51206970214844,151.16635131835938,153.61376953125,150.8030548095703,153.12619018554688,3798863
2018-03-15,106.5063247680664,152.5908203125,154.15870666503906,151.5487518310547,151.73040771484375,4048648
2018-03-16,106.9400634765625,153.2122344970703,154.85659790039062,152.6195068359375,153.02102661132812,9688784
2018-03-19,104.99823760986328,150.43020629882812,152.85850524902344,149.56979370117188,152.68641662597656,5734172
2018-03-20,104.23085021972656,149.33078002929688,150.98471069335938,148.46080017089844,150.5927276611328,4536188
2018-03-21,104.55784606933594,149.7992401123047,151.24282836914062,149.06309509277344,149.68450927734375,3642381
2018-03-22,101.48826599121094,145.4015350341797,148.4225616455078,145.31549072265625,148.18356323242188,4964630
2018-03-23,99.35297393798828,142.34225463867188,145.86997985839844,142.0076446533203,145.5544891357422,4645181
2018-03-26,102.3424072265625,146.625244140625,146.90248107910156,143.67112731933594,144.5602264404297,4292679
2018-03-27,101.36817932128906,145.2294464111328,148.0592803955078,144.51242065429688,147.1797332763672,4062350
2018-03-28,101.77523040771484,145.8126220703125,147.09368896484375,145.2103271484375,145.38241577148438,3833381
2018-03-29,102.38246154785156,146.68260192871094,147.12237548828125,144.43594360351562,146.3384246826172,3577320
2018-04-02,100.14036560058594,143.47036743164062,146.63479614257812,141.90248107910156,146.5965576171875,5387318
2018-04-03,99.99359130859375,143.26004028320312,144.35946655273438,141.7781982421875,144.1682586669922,4325942
2018-04-04,102.84286499023438,147.34225463867188,147.67686462402344,140.965576171875,141.38623046875,5026344
2018-04-05,102.78282928466797,147.25621032714844,148.10707092285156,146.5965576171875,147.64817810058594,3331928
2018-04-06,100.47401428222656,143.94837951660156,147.1797332763672,142.9636688232422,146.71128845214844,3841853
2018-04-09,101.88867950439453,145.9751434326172,147.85850524902344,145.06692504882812,145.12428283691406,4616207
2018-04-10,103.69036102294922,148.55641174316406,149.71319580078125,147.94454956054688,148.2122344970703,3981494
2018-04-11,103.67032623291016,148.52772521972656,148.92926025390625,147.11280822753906,147.58126831054688,3458599
2018-04-12,105.47868347167969,151.11854553222656,151.988525390625,149.78012084960938,149.85659790039062,5898812
2018-04-13,104.5711898803711,149.818359375,152.2179718017578,149.0535430908203,151.69215393066406,4243727
2018-04-16,105.35855865478516,150.9464569091797,152.14149475097656,150.73614501953125,151.0420684814453,4379393
2018-04-17,107.3738021850586,153.83364868164062,154.87571716308594,151.53919982910156,151.8355712890625,10677045
2018-04-18,99.28624725341797,142.2466583251953,145.91778564453125,141.73995971679688,145.44932556152344,21319258
2018-04-19,98.55888366699219,141.20458984375,142.64817810058594,140.17208862304688,142.62905883789062,8458061
2018-04-20,96.69047546386719,138.52772521972656,141.46270751953125,138.15487670898438,141.3957977294922,8645818
2018-04-23,97.33110046386719,139.4455108642578,139.54110717773438,137.9827880859375,138.65200805664062,5560118
2018-04-24,97.13088989257812,139.15870666503906,140.82217407226562,138.1739959716797,140.06692504882812,5142659
2018-04-25,97.38446807861328,139.52198791503906,139.96176147460938,137.7724609375,139.3785858154297,7663414
2018-04-26,97.90494537353516,140.26768493652344,140.87954711914062,139.7705535888672,140.15296936035156,4462027
2018-04-27,97.74478149414062,140.03823852539062,140.77438354492188,139.25430297851562,140.38241577148438,3352953
2018-04-30,96.7304916381836,138.5850830078125,140.89866638183594,138.5850830078125,140.4015350341797,4618613
2018-05-01,96.7571792602539,138.62332153320312,138.64244079589844,137.16061401367188,138.28871154785156,4637336
2018-05-02,95.05560302734375,136.1854705810547,138.4512481689453,135.82217407226562,138.10707092285156,5433865
2018-05-03,94.74867248535156,135.74569702148438,135.9751434326172,133.7476043701172,135.87954711914062,5249456
2018-05-04,96.02983856201172,137.58126831054688,138.0019073486328,134.11090087890625,134.89483642578125,4604701
2018-05-07,95.56944274902344,136.92160034179688,137.97323608398438,136.3671112060547,137.66729736328125,3825222
2018-05-08,95.42261505126953,136.71128845214844,137.1988525390625,135.8126220703125,136.71128845214844,5616079
2018-05-09,96.21874237060547,136.3384246826172,136.73040771484375,135.06692504882812,135.65965270996094,4389016
2018-05-10,97.31853485107422,137.89674377441406,137.9827880859375,136.72084045410156,136.8546905517578,3898024
2018-05-11,97.25104522705078,137.8011474609375,138.47991943359375,137.26577758789062,137.7724609375,3214567
2018-05-14,97.3590087890625,137.95411682128906,138.73805236816406,137.8011474609375,138.11663818359375,3364041
2018-05-15,96.98117065429688,137.41873168945312,137.65774536132812,136.63479614257812,137.18930053710938,4277512
2018-05-16,97.58163452148438,138.26959228515625,138.65200805664062,136.9694061279297,137.3804931640625,3314460
2018-05-17,97.49393463134766,138.1453094482422,138.8049774169922,137.44741821289062,138.1453094482422,3292494
2018-05-18,97.21056365966797,137.74378967285156,138.5659637451172,137.65774536132812,138.11663818359375,2805581
2018-05-21,98.16190338134766,139.09178161621094,139.61758422851562,138.31739807128906,138.57553100585938,3027856
2018-05-22,97.89200592041016,138.70936584472656,139.7705535888672,138.62332153320312,139.12045288085938,2389064
2018-05-23,97.608642578125,138.30784606933594,138.33651733398438,137.170166015625,138.0019073486328,3618846
2018-05-24,97.20380401611328,137.73422241210938,138.12619018554688,136.66348266601562,138.04014587402344,3555040
2018-05-25,96.91371154785156,137.32313537597656,138.2122344970703,137.1510467529297,137.5717010498047,5140358
2018-05-29,95.28092193603516,135.0095672607422,136.6061248779297,134.04397583007812,136.26194763183594,4746330
2018-05-30,96.22547149658203,136.34799194335938,136.806884765625,135.5831756591797,135.65965270996094,5353951
2018-05-31,95.3416519165039,135.09559631347656,136.52963256835938,134.84703063964844,136.52963256835938,7144494
2018-06-01,95.77346801757812,135.70745849609375,136.55831909179688,135.3919677734375,136.16635131835938,4034945
2018-06-04,96.50888061523438,136.74952697753906,136.87380981445312,135.92733764648438,136.0420684814453,3174924
2018-06-05,96.95417785644531,137.3804931640625,137.74378967285156,136.74952697753906,136.7590789794922,2966456
2018-06-06,97.63560485839844,138.34608459472656,138.3556365966797,137.2275390625,137.9923553466797,3368225
2018-06-07,98.0741958618164,138.96749877929688,140.24856567382812,138.55641174316406,138.62332153320312,4515059
2018-06-08,98.60044860839844,139.71319580078125,139.9904327392578,138.02102661132812,138.62332153320312,5450183
2018-06-11,98.8973159790039,140.13385009765625,140.92733764648438,139.71319580078125,140.17208862304688,3409960
2018-06-12,99.09296417236328,140.4110870361328,141.03250122070312,140.17208862304688,140.6309814453125,2761963
2018-06-13,98.74211120605469,139.91395568847656,140.98471069335938,139.7705535888672,140.33460998535156,3104737
2018-06-14,97.96621704101562,138.8145294189453,140.51625061035156,138.70936584472656,140.2007598876953,3479310
2018-06-15,98.09439086914062,138.9961700439453,139.07266235351562,137.3804931640625,138.52772521972656,9535336
2018-06-18,97.48043823242188,138.12619018554688,138.1644287109375,136.84512329101562,137.83938598632812,4483574
2018-06-19,97.089111328125,137.5717010498047,137.87762451171875,136.66348266601562,136.8260040283203,3647402
2018-06-20,96.23225402832031,136.35755920410156,138.1644287109375,136.14723205566406,137.87762451171875,3483075
2018-06-21,95.30116271972656,135.03823852539062,136.84512329101562,134.63670349121094,136.31930541992188,4066534
2018-06-22,95.32142639160156,135.06692504882812,135.5736083984375,134.5889129638672,135.4110870361328,5869420
2018-06-25,93.64140319824219,132.68641662597656,134.22561645507812,132.1988525390625,134.22561645507812,9348207
2018-06-26,93.83708190917969,132.9636688232422,133.69981384277344,132.2466583251953,133.23135375976562,4329917
2018-06-27,92.7575454711914,131.4340362548828,133.6328887939453,131.4053497314453,132.9923553466797,4290483
2018-06-28,94.48478698730469,133.88145446777344,134.35946655273438,131.88336181640625,132.02676391601562,4731790
2018-06-29,94.2553939819336,133.55641174316406,135.14340209960938,133.47036743164062,134.14913940429688,3880765
2018-07-02,94.36333465576172,133.70936584472656,134.0535430908203,132.12237548828125,132.1988525390625,3562048
2018-07-03,94.16766357421875,133.43212890625,134.7418670654297,133.2409210205078,134.46463012695312,2053507
2018-07-05,95.42263793945312,135.2103271484375,135.2103271484375,133.7762908935547,134.30210876464844,3916956
2018-07-06,96.13102722167969,136.21414184570312,136.65391540527344,134.96176147460938,135.30592346191406,2980054
2018-07-09,97.41971588134766,138.04014587402344,138.3556365966797,136.20458984375,136.31930541992188,4084316
2018-07-10,97.63560485839844,138.34608459472656,139.1873779296875,137.91586303710938,138.15487670898438,3950742
2018-07-11,97.79081726074219,138.5659637451172,139.76100158691406,137.66729736328125,137.66729736328125,3688824
2018-07-12,98.80962371826172,140.0095672607422,140.3728485107422,139.33078002929688,139.43594360351562,3262997
2018-07-13,98.43851470947266,139.48374938964844,140.51625061035156,139.3881378173828,140.0095672607422,3203480
2018-07-16,98.14167022705078,139.06309509277344,139.3785858154297,137.86807250976562,139.26385498046875,3628365
2018-07-17,96.8124771118164,137.1797332763672,138.62332153320312,137.0363311767578,138.3843231201172,5331148
2018-07-18,97.50740814208984,138.1644287109375,138.43212890625,136.46270751953125,137.1988525390625,7254324
2018-07-19,100.6919937133789,142.67686462402344,143.91969299316406,140.77438354492188,141.34799194335938,15329967
2018-07-20,98.74211120605469,139.91395568847656,142.31358337402344,139.82791137695312,142.04588317871094,6709672
2018-07-23,98.30358123779297,139.29254150390625,140.24856567382812,138.6328887939453,139.91395568847656,4077203
2018-07-24,98.76238250732422,139.94264221191406,140.5736083984375,139.50286865234375,140.24856567382812,4070614
2018-07-25,98.92427062988281,140.17208862304688,140.2007598876953,139.10133361816406,139.5889129638672,3797921
2018-07-26,98.98501586914062,140.2581329345703,142.70555114746094,140.181640625,140.9464569091797,4997788
2018-07-27,97.93250274658203,138.7667236328125,140.66921997070312,138.29827880859375,140.43020629882812,3921768
2018-07-30,98.16190338134766,139.09178161621094,139.8087921142578,138.32696533203125,138.43212890625,3774177
2018-07-31,97.7840805053711,138.55641174316406,139.3881378173828,137.8202667236328,139.33078002929688,5726013
2018-08-01,96.81924438476562,137.18930053710938,138.8049774169922,137.0363311767578,138.3938751220703,3544266
2018-08-02,96.45491790771484,136.67303466796875,137.05545043945312,136.07073974609375,136.5774383544922,4018104
2018-08-03,99.65296936035156,141.20458984375,141.4149169921875,136.71128845214844,136.9407196044922,8424066
2018-08-06,98.5262222290039,139.6080322265625,140.72657775878906,139.1682586669922,140.48757934570312,4093730
2018-08-07,99.18743896484375,140.54493713378906,141.14723205566406,139.91395568847656,140.2007598876953,3670205
2018-08-08,99.1064682006836,140.43020629882812,140.9464569091797,139.8087921142578,140.85086059570312,3745831
2018-08-09,98.73140716552734,138.4034423828125,139.52198791503906,138.36520385742188,139.13002014160156,3235801
2018-08-10,98.53358459472656,138.12619018554688,138.69024658203125,137.55258178710938,138.1453094482422,3141243
2018-08-13,97.32647705078125,136.4340362548828,137.95411682128906,136.26194763183594,137.81069946289062,2989991
2018-08-14,97.76976776123047,137.05545043945312,137.49522399902344,136.6443634033203,136.71128845214844,2991560
2018-08-15,98.14485931396484,137.58126831054688,137.66729736328125,135.75526428222656,136.28106689453125,4436609
2018-08-16,99.1201171875,138.94837951660156,139.27342224121094,138.02102661132812,138.02102661132812,5492232
2018-08-17,99.61113739013672,139.63670349121094,139.9521942138672,138.32696533203125,138.4225616455078,2801816
2018-08-20,99.91803741455078,140.06692504882812,140.68833923339844,139.72274780273438,139.93307495117188,2614686
2018-08-21,99.54978942871094,139.55067443847656,140.6501007080078,139.47418212890625,140.53536987304688,3249817
2018-08-22,99.0519027709961,138.85276794433594,139.73231506347656,138.8049774169922,139.5889129638672,2498894
2018-08-23,99.14057159423828,138.97705078125,139.12045288085938,138.3843231201172,138.6615753173828,2322538
2018-08-24,99.59750366210938,139.61758422851562,139.66539001464844,138.49903869628906,139.06309509277344,2904324
2018-08-27,100.04080200195312,140.23899841308594,141.12811279296875,140.07647705078125,140.47801208496094,3652214
2018-08-28,99.97259521484375,140.14340209960938,140.52581787109375,139.76100158691406,140.48757934570312,2568244
2018-08-29,100.6204833984375,141.05162048339844,141.42446899414062,140.15296936035156,140.4110870361328,3298875
2018-08-30,99.5224609375,139.51242065429688,140.82217407226562,138.86233520507812,140.56405639648438,3494058
2018-08-31,99.8975601196289,140.03823852539062,140.32504272460938,139.1395721435547,139.31166076660156,3648971
2018-09-04,99.35196685791016,139.27342224121094,139.76100158691406,138.44168090820312,139.5602264404297,3479205
2018-09-05,100.02030944824219,140.2103271484375,140.29637145996094,138.67112731933594,138.8049774169922,3270319
2018-09-06,99.836181640625,139.9521942138672,141.16635131835938,139.1395721435547,140.420654296875,4444245
2018-09-07,99.19512176513672,139.0535430908203,140.05735778808594,138.73805236816406,139.52198791503906,4908983
2018-09-10,99.33150482177734,139.24473571777344,140.82217407226562,139.15870666503906,140.15296936035156,3784742
2018-09-11,99.9043960571289,140.0478057861328,140.52581787109375,138.86233520507812,139.579345703125,3529936
2018-09-12,99.95893859863281,140.12428283691406,141.47227478027344,139.6080322265625,139.93307495117188,4714008
2018-09-13,101.58209991455078,142.3996124267578,142.44741821289062,140.6501007080078,140.86997985839844,5592439
2018-09-14,101.15925598144531,141.806884765625,142.73422241210938,141.28106689453125,142.30401611328125,3610897
2018-09-17,100.89327239990234,141.4340362548828,142.51434326171875,141.27151489257812,141.91204833984375,3715287
2018-09-18,101.31611633300781,142.02676391601562,142.4378662109375,140.98471069335938,141.26194763183594,3796352
2018-09-19,101.65709686279297,142.50477600097656,143.36520385742188,141.71128845214844,142.09368896484375,4441525
2018-09-20,103.08248138427734,144.50286865234375,144.72274780273438,142.86807250976562,143.0019073486328,6226001
2018-09-21,103.21885681152344,144.69407653808594,145.88909912109375,144.11090087890625,144.818359375,20865085
2018-09-24,102.31861114501953,143.43212890625,144.55067443847656,142.88719177246094,144.45506286621094,4461190
2018-09-25,101.55480194091797,142.3613739013672,143.79541015625,141.8355712890625,143.31739807128906,4599785
2018-09-26,103.39617919921875,144.94264221191406,146.6061248779297,144.68450927734375,145.69789123535156,7742387
2018-09-27,103.32115936279297,144.8374786376953,145.68833923339844,144.51242065429688,145.32504272460938,3637570
2018-09-28,103.12338256835938,144.5602264404297,144.96176147460938,144.15870666503906,144.51242065429688,3457867
2018-10-01,104.3441390991211,146.27151489257812,146.67303466796875,145.03823852539062,145.03823852539062,3930240
2018-10-02,104.85562896728516,146.988525390625,147.07456970214844,145.7935028076172,146.26194763183594,3169275
2018-10-03,104.49417114257812,146.48184204101562,147.5717010498047,146.08030700683594,147.2275390625,3467804
2018-10-04,103.19155883789062,144.6558380126953,146.08030700683594,143.7476043701172,145.0191192626953,4432843
2018-10-05,101.63666534423828,142.47610473632812,145.11471557617188,141.3671112060547,144.26385498046875,4813901
2018-10-08,101.20015716552734,141.86424255371094,142.51434326171875,140.70745849609375,141.9694061279297,3388308
2018-10-09,100.4158706665039,140.7648162841797,141.8355712890625,140.46844482421875,141.56787109375,3809950
2018-10-10,97.31285858154297,136.4149169921875,141.1950225830078,136.2332763671875,141.0133819580078,5802894
2018-10-11,94.80992889404297,132.90631103515625,137.8489532470703,132.67686462402344,136.34799194335938,9111183
2018-10-12,96.0580062866211,134.6558380126953,135.31549072265625,132.9636688232422,134.91395568847656,6865316
2018-10-15,96.24893188476562,134.92352294921875,136.0038299560547,133.97705078125,134.2064971923828,5193913
2018-10-16,98.97008514404297,138.73805236816406,139.0535430908203,135.35372924804688,136.6443634033203,9095493
2018-10-17,91.42047882080078,128.15487670898438,131.11854553222656,127.55258178710938,129.91395568847656,20359344
2018-10-18,89.03351593017578,124.80879211425781,127.53346252441406,124.32122039794922,126.8929214477539,10472238
2018-10-19,88.04460906982422,123.42256164550781,126.0898666381836,122.33269500732422,124.9043960571289,8150014
2018-10-22,88.67203521728516,124.3021011352539,124.7036361694336,122.75334930419922,123.88145446777344,5982597
2018-10-23,89.48362731933594,125.43977355957031,126.09942626953125,122.76290893554688,123.34607696533203,6760926
2018-10-24,86.75568389892578,121.61567687988281,125.8986587524414,121.4149169921875,125.40152740478516,5972974
2018-10-25,86.23735809326172,120.88909912109375,122.17017364501953,119.63671112060547,121.65392303466797,10778298
2018-10-26,85.10525512695312,119.3021011352539,120.24856567382812,118.26959991455078,119.7036361694336,9170282
2018-10-29,81.593017578125,114.37858581542969,118.4990463256836,113.0975112915039,114.09178161621094,21391118
2018-10-30,78.7013931274414,110.3250503540039,116.15679168701172,110.08604431152344,115.181640625,22445696
2018-10-31,78.72186279296875,110.35372924804688,111.37667083740234,109.0726547241211,111.36711120605469,22640670
2018-11-01,79.67662811279297,111.6921615600586,111.85468292236328,110.04779815673828,110.42064666748047,14253528
2018-11-02,78.88554382324219,110.58317565917969,112.57170104980469,109.50286865234375,112.34225463867188,11079964
2018-11-05,81.87946319580078,114.78011322021484,115.45889282226562,110.8986587524414,110.9942626953125,9565252
2018-11-06,83.96632385253906,117.7055435180664,118.36520385742188,115.01911926269531,115.3919677734375,10038880
2018-11-07,85.13935852050781,119.34990692138672,119.56022644042969,116.95028686523438,118.34607696533203,12952304
2018-11-08,85.21533966064453,117.95410919189453,118.92925262451172,117.23709106445312,117.26577758789062,10874634
2018-11-09,85.32583618164062,118.1070785522461,119.09178161621094,116.5965576171875,118.17399597167969,7282043
2018-11-12,83.50245666503906,115.58317565917969,118.13575744628906,115.34416961669922,118.06883239746094,5626539
2018-11-13,83.46100616455078,115.52581024169922,116.8738021850586,114.62715148925781,115.86042022705078,4272282
2018-11-14,83.01897430419922,114.91395568847656,116.56787872314453,114.50286865234375,115.783935546875,4981366
2018-11-15,83.87541961669922,116.09942626953125,116.09942626953125,114.25430297851562,114.397705078125,5447463
2018-11-16,83.9651870727539,116.22370910644531,116.49139404296875,115.23900604248047,115.57361602783203,4263810
2018-11-19,83.09495544433594,115.01911926269531,116.806884765625,114.50286865234375,116.28107452392578,4321235
2018-11-20,80.94696044921875,112.04589080810547,114.23518371582031,111.56787872314453,113.27915954589844,6520555
2018-11-21,81.8931884765625,113.35564422607422,114.25430297851562,112.22753143310547,112.43785858154297,5581247
2018-11-23,80.9400634765625,112.03633117675781,113.13575744628906,111.76863861083984,112.8967514038086,2442096
2018-11-26,82.57695770263672,114.3021011352539,114.96176147460938,112.86807250976562,113.16443634033203,5241611
2018-11-27,82.90157318115234,114.75143432617188,114.76099395751953,113.16443634033203,113.17399597167969,5129375
2018-11-28,84.95287322998047,117.5908203125,117.67686462402344,114.93307495117188,115.68833923339844,5339307
2018-11-29,83.90304565429688,116.13766479492188,117.7055435180664,116.06118774414062,117.05545043945312,5439305
2018-11-30,85.83003234863281,118.80496978759766,119.20649719238281,116.13766479492188,116.30975341796875,7585174
2018-12-03,86.54833221435547,119.79923248291016,121.02294158935547,118.8910140991211,120.14340209960938,6115334
2018-12-04,83.98593139648438,116.25238800048828,119.42638397216797,115.9942626953125,119.01529693603516,6276732
2018-12-06,85.58139038085938,118.46080017089844,118.46080017089844,114.05353546142578,114.45507049560547,7257148
2018-12-07,82.42501068115234,114.09178161621094,118.59464263916016,113.64244842529297,118.45124053955078,7342502
2018-12-10,83.66130828857422,115.80306243896484,116.32887268066406,113.3078384399414,114.47418975830078,6850777
2018-12-11,83.49555969238281,115.57361602783203,118.36520385742188,114.7227554321289,117.82982635498047,5275083
2018-12-12,83.6820297241211,115.83174133300781,117.4760971069336,115.67877960205078,117.12236785888672,3724283
2018-12-13,83.3850326538086,115.42064666748047,116.43403625488281,114.8852767944336,115.9273452758789,4177306
2018-12-14,82.81180572509766,114.62715148925781,115.783935546875,114.1873779296875,114.24474334716797,4763693
2018-12-17,80.1872329711914,110.9942626953125,114.5124282836914,110.00955963134766,113.83364868164062,7713727
2018-12-18,80.56710052490234,111.52007293701172,113.03059387207031,110.91778564453125,111.75907897949219,6579549
2018-12-19,80.41515350341797,111.30975341796875,114.98088073730469,110.86997985839844,111.99808502197266,7300871
2018-12-20,78.05994415283203,108.04971313476562,111.32887268066406,106.78776550292969,110.61185455322266,8843302
2018-12-21,76.62335968017578,106.06118774414062,110.2103271484375,105.58317565917969,107.55258178710938,10864279
2018-12-24,74.2957534790039,102.83938598632812,106.11854553222656,102.77246856689453,105.06692504882812,3997184
2018-12-26,76.93413543701172,106.49139404296875,106.49139404296875,101.28107452392578,103.25048065185547,6951507
2018-12-27,78.58486938476562,108.77629089355469,108.77629089355469,104.65583038330078,105.15296173095703,6323698
2018-12-28,78.0668716430664,108.05927276611328,109.75143432617188,107.55258178710938,109.19693756103516,5352905
2018-12-31,78.50890350341797,108.67112731933594,109.32122039794922,107.4760971069336,108.34607696533203,5212009
2019-01-02,79.57251739501953,110.14340209960938,110.8795394897461,106.77820587158203,107.0841293334961,4434935
2019-01-03,77.98396301269531,107.94454956054688,109.82791900634766,107.73422241210938,109.4933090209961,4546648
2019-01-04,81.02984619140625,112.16061401367188,112.32313537597656,109.40726470947266,109.85659790039062,4683779
2019-01-07,81.60308837890625,112.95410919189453,113.60420989990234,111.53919982910156,112.33269500732422,3923755
2019-01-08,82.76345825195312,114.56022644042969,115.26768493652344,113.74761199951172,114.397705078125,4982726
2019-01-09,83.35740661621094,115.38240814208984,116.06118774414062,114.59847259521484,115.59273529052734,3800850
2019-01-10,84.11715698242188,116.43403625488281,116.5009536743164,114.6749496459961,114.79923248291016,4089860
2019-01-11,83.88921356201172,116.11854553222656,116.2715072631836,114.91395568847656,116.23326873779297,3893630
2019-01-14,83.15021514892578,115.0956039428711,115.34416961669922,114.4933090209961,115.2103271484375,5469220
2019-01-15,84.07572174072266,116.37667083740234,116.56787872314453,115.5066909790039,115.64053344726562,3668845
2019-01-16,83.99974822998047,116.2715072631836,116.63479614257812,115.51625061035156,116.23326873779297,4017791
2019-01-17,84.3934326171875,116.81644439697266,117.02677154541016,115.24856567382812,115.25812530517578,5261275
2019-01-18,85.51921081542969,118.37476348876953,119.23518371582031,117.3135757446289,117.84894561767578,6284891
2019-01-22,84.62134552001953,117.13192749023438,118.35564422607422,116.19503021240234,117.87763214111328,10514810
2019-01-23,91.78363037109375,127.04589080810547,129.06309509277344,124.57935333251953,125.59273529052734,23078630
2019-01-24,91.53498840332031,126.70172119140625,127.35181427001953,125.65009307861328,126.79732513427734,6613753
2019-01-25,92.5295639038086,128.07839965820312,128.52772521972656,126.60611724853516,127.02677154541016,5969940
2019-01-28,92.73676300048828,128.36520385742188,128.88145446777344,126.74951934814453,127.24665069580078,5604154
2019-01-29,92.77820587158203,128.4225616455078,129.45506286621094,127.72466278076172,128.3843231201172,5268807
2019-01-30,92.812744140625,128.47036743164062,129.09178161621094,127.39006042480469,128.10707092285156,4707941
2019-01-31,92.84038543701172,128.50860595703125,128.79541015625,127.85850524902344,128.53729248046875,5108664
2019-02-01,92.61936950683594,128.2026824951172,129.25430297851562,127.48565673828125,129.034423828125,3981076
2019-02-04,93.3721923828125,129.24473571777344,129.25430297851562,127.14149475097656,128.12619018554688,4149064
2019-02-05,93.62083435058594,129.5889129638672,129.84703063964844,128.9866180419922,129.33078002929688,5647249
2019-02-06,94.15264129638672,130.32504272460938,130.64053344726562,129.22561645507812,129.27342224121094,5104166
2019-02-07,93.06265258789062,127.33269500732422,128.55641174316406,126.30975341796875,127.67686462402344,4580852
2019-02-08,93.42597961425781,127.82982635498047,127.82982635498047,126.37667083740234,126.52007293701172,3399291
2019-02-11,93.62162780761719,128.09751892089844,129.2064971923828,128.02102661132812,128.3843231201172,3237475
2019-02-12,95.06100463867188,130.06692504882812,130.2103271484375,128.92926025390625,129.2064971923828,3469791
2019-02-13,96.08810424804688,131.47227478027344,131.8546905517578,130.4110870361328,130.89866638183594,4448638
2019-02-14,95.36141967773438,130.47801208496094,131.5487518310547,130.21987915039062,131.13766479492188,2917712
2019-02-15,96.4444808959961,131.95985412597656,132.11280822753906,131.34799194335938,131.52963256835938,4020929
2019-02-19,96.91259765625,132.6003875732422,132.6003875732422,131.31930541992188,131.74952697753906,3541442
2019-02-20,96.4234848022461,131.93116760253906,133.11663818359375,131.1854705810547,132.65774536132812,3976892
2019-02-21,96.31170654296875,131.7781982421875,132.26577758789062,131.30975341796875,131.7590789794922,3072416
2019-02-22,97.296875,133.12619018554688,133.25047302246094,132.34225463867188,132.62905883789062,3256930
2019-02-25,97.44363403320312,133.32696533203125,134.29254150390625,133.193115234375,133.8432159423828,3341133
2019-02-26,97.62528991699219,133.57553100585938,134.31166076660156,133.33651733398438,133.52772521972656,3201178
2019-02-27,97.2409896850586,133.04971313476562,133.43212890625,132.31358337402344,133.12619018554688,2647321
2019-02-28,96.51432800292969,132.05545043945312,132.94454956054688,131.66348266601562,132.66729736328125,3616859
2019-03-01,97.261962890625,133.07839965820312,133.88145446777344,132.5430145263672,133.18356323242188,3169380
2019-03-04,96.72396850585938,132.34225463867188,133.91969299316406,131.13766479492188,133.83364868164062,3563617
2019-03-05,96.33963012695312,131.81643676757812,132.6386260986328,131.51051330566406,132.28489685058594,4445814
2019-03-06,95.71080017089844,130.95602416992188,132.30401611328125,130.70745849609375,132.04588317871094,2895642
2019-03-07,94.57887268066406,129.4072723388672,130.86997985839844,128.70936584472656,130.602294921875,4559305
2019-03-08,94.39022827148438,129.14913940429688,129.29254150390625,127.7055435180664,128.30784606933594,3947186
2019-03-11,96.22086334228516,131.65391540527344,131.67303466796875,129.86614990234375,130.0478057861328,4120508
2019-03-12,96.61913299560547,132.1988525390625,133.55641174316406,131.7973175048828,132.4282989501953,4136616
2019-03-13,96.81478118896484,132.46653747558594,133.193115234375,131.7877655029297,131.97897338867188,3319167
2019-03-14,96.97550201416016,132.68641662597656,132.829833984375,131.988525390625,132.41873168945312,2864576
2019-03-15,97.42266082763672,133.29827880859375,134.15870666503906,133.10707092285156,133.2409210205078,7482770
2019-03-18,97.96766662597656,134.04397583007812,134.1969451904297,132.6195068359375,133.68069458007812,3418851
2019-03-19,98.16329956054688,134.31166076660156,135.46844482421875,133.8432159423828,134.76100158691406,3642486
2019-03-20,97.54142761230469,133.46080017089844,134.51242065429688,132.86807250976562,134.3498992919922,3817377
2019-03-21,98.82708740234375,135.21987915039062,135.86997985839844,132.7724609375,132.9827880859375,3771248
2019-03-22,97.43663787841797,133.31739807128906,135.21987915039062,132.7915802001953,134.7705535888672,4055551
2019-03-25,97.24798583984375,133.0592803955078,133.75717163085938,132.26577758789062,132.94454956054688,2970431
2019-03-26,97.97465515136719,134.0535430908203,134.818359375,133.28871154785156,133.7762908935547,2671170
2019-03-27,97.28990173339844,133.11663818359375,134.31166076660156,132.31358337402344,134.2351837158203,3240717
2019-03-28,97.76502990722656,133.7667236328125,134.26385498046875,132.9827880859375,133.75717163085938,2786439
2019-03-29,98.58955383300781,134.89483642578125,135.0095672607422,133.9866180419922,134.32122802734375,3244064
2019-04-01,100.12671661376953,136.9980926513672,137.10325622558594,135.28680419921875,135.28680419921875,4167578
2019-04-02,99.91709899902344,136.71128845214844,137.6195068359375,136.32887268066406,137.04588317871094,2515421
2019-04-03,100.35729217529297,137.31358337402344,137.87762451171875,136.72084045410156,137.33270263671875,2804535
2019-04-04,99.7634048461914,136.50096130371094,137.8011474609375,136.27151489257812,137.30401611328125,2898571
2019-04-05,100.11273956298828,136.97897338867188,137.18930053710938,136.1950225830078,136.988525390625,2857463
2019-04-08,100.18959045410156,137.08413696289062,137.11280822753906,136.58700561523438,136.73040771484375,2215637
2019-04-09,99.29524230957031,135.8604278564453,136.66348266601562,135.602294921875,136.38623046875,3178271
2019-04-10,99.93108367919922,136.73040771484375,137.18930053710938,135.73614501953125,135.9464569091797,2801188
2019-04-11,100.46210479736328,137.4569854736328,137.7724609375,136.73995971679688,137.47610473632812,3077332
2019-04-12,100.86036682128906,138.0019073486328,138.08795166015625,137.3804931640625,137.91586303710938,3032249
2019-04-15,100.54594421386719,137.5717010498047,138.10707092285156,136.9694061279297,138.04971313476562,3768947
2019-04-16,101.41236114501953,138.75717163085938,138.9961700439453,137.68641662597656,138.04971313476562,6591578
2019-04-17,97.19905853271484,132.9923553466797,135.73614501953125,130.26768493652344,131.32887268066406,13101882
2019-04-18,98.051513671875,134.15870666503906,134.31166076660156,132.6003875732422,132.88719177246094,5188160
2019-04-22,97.04534912109375,132.7820281982422,134.3785858154297,132.3900604248047,133.28871154785156,4700724
2019-04-23,98.12837982177734,134.26385498046875,134.72274780273438,132.829833984375,133.0305938720703,4667461
2019-04-24,97.7859878540039,133.79541015625,135.09559631347656,133.6328887939453,134.4168243408203,2902545
2019-04-25,96.86369323730469,132.53346252441406,133.6042022705078,131.65391540527344,133.55641174316406,3043965
2019-04-26,97.4296646118164,133.30784606933594,133.73805236816406,132.70555114746094,133.2122344970703,2426511
2019-04-29,97.15715026855469,132.93499755859375,133.48948669433594,132.70555114746094,133.0305938720703,3094382
2019-04-30,98.00959777832031,134.10133361816406,134.26385498046875,132.58126831054688,132.9923553466797,4852185
2019-05-01,98.21222686767578,134.3785858154297,135.5736083984375,134.0057373046875,134.3690185546875,3194170
2019-05-02,97.53448486328125,133.4512481689453,135.06692504882812,133.27915954589844,134.32122802734375,3704304
2019-05-03,97.99561309814453,134.08221435546875,134.7992401123047,133.48948669433594,133.55641174316406,2698575
2019-05-06,98.0864486694336,134.2064971923828,134.50286865234375,131.8355712890625,132.2179718017578,2921792
2019-05-07,96.17195892333984,131.58700561523438,133.374755859375,130.2007598876953,133.0305938720703,4944233
2019-05-08,96.4234848022461,131.93116760253906,132.6003875732422,131.09942626953125,131.71128845214844,3994569
2019-05-09,95.68817901611328,129.3881378173828,129.61758422851562,127.17973327636719,128.9579315185547,4385564
2019-05-10,95.6740493774414,129.3690185546875,129.78012084960938,126.5965576171875,128.94837951660156,4160570
2019-05-13,92.91667175292969,125.64053344726562,127.69598388671875,125.20076751708984,127.41873931884766,5186068
2019-05-14,94.25293731689453,127.44741821289062,128.41299438476562,125.88909912109375,126.02294158935547,3431298
2019-05-15,95.02359771728516,128.48948669433594,128.67112731933594,126.54875946044922,126.75907897949219,2668346
2019-05-16,96.06999206542969,129.90440368652344,130.12428283691406,128.71893310546875,128.8145294189453,3156096
2019-05-17,94.96704864501953,128.41299438476562,129.45506286621094,128.04971313476562,128.75717163085938,2739579
2019-05-20,95.53264617919922,129.17782592773438,129.47418212890625,127.0841293334961,127.65774536132812,3414667
2019-05-21,96.47299194335938,130.44932556152344,131.03250122070312,129.818359375,130.13385009765625,2618661
2019-05-22,96.40227508544922,130.35372924804688,130.73614501953125,129.7418670654297,130.0191192626953,1934891
2019-05-23,93.60247802734375,126.56787872314453,129.1873779296875,124.7036361694336,129.1873779296875,5589196
2019-05-24,93.52471160888672,126.46271514892578,128.34608459472656,125.80306243896484,127.65774536132812,2715521
2019-05-28,92.23792266845703,124.7227554321289,126.806884765625,124.54110717773438,126.3193130493164,5134605
2019-05-29,91.69351196289062,123.98661804199219,124.55066680908203,122.67686462402344,124.2829818725586,3848234
2019-05-30,91.60868835449219,123.87189483642578,124.25430297851562,123.26004028320312,124.03441619873047,2868027
2019-05-31,89.7845687866211,121.40535736083984,122.79158782958984,121.2715072631836,122.79158782958984,3702108
2019-06-03,90.6895523071289,122.62906646728516,122.90631103515625,121.47227478027344,121.51051330566406,4463177
2019-06-04,93.81456756591797,126.85468292236328,126.9024887084961,123.41300201416016,123.86233520507812,4093521
2019-06-05,92.9661636352539,125.70745849609375,127.73422241210938,124.73231506347656,127.51434326171875,3306720
2019-06-06,93.48229217529297,126.40535736083984,126.81644439697266,125.14340209960938,126.37667083740234,2403917
2019-06-07,94.25293731689453,127.44741821289062,128.79541015625,126.39579010009766,126.64435577392578,2670856
2019-06-10,95.26397705078125,128.8145294189453,129.397705078125,128.02102661132812,128.47036743164062,3045220
2019-06-11,96.11946105957031,129.9713134765625,130.45889282226562,129.11090087890625,129.3690185546875,3564036
2019-06-12,95.35590362548828,128.93881225585938,129.96176147460938,128.49903869628906,129.5984649658203,2358416
2019-06-13,95.98512268066406,129.7896728515625,130.27725219726562,129.14913940429688,129.1873779296875,3091244
2019-06-14,95.5538558959961,129.2064971923828,129.90440368652344,128.51815795898438,129.48374938964844,2294192
2019-06-17,95.4124526977539,129.01528930664062,130.0478057861328,128.7762908935547,129.43594360351562,2295029
2019-06-18,96.42349243164062,130.38241577148438,131.1567840576172,129.25430297851562,129.25430297851562,3048776
2019-06-19,96.91840362548828,131.05162048339844,132.27532958984375,130.24856567382812,130.43020629882812,2491990
2019-06-20,98.16983795166016,132.74378967285156,133.4034423828125,132.12237548828125,132.8202667236328,3212266
2019-06-21,98.41728973388672,133.07839965820312,133.4034423828125,132.30401611328125,132.35182189941406,5531980
2019-06-24,98.52335357666016,133.2218017578125,133.9866180419922,132.93499755859375,133.07839965820312,2286556
2019-06-25,97.82340240478516,132.27532958984375,133.41299438476562,132.05545043945312,133.32696533203125,2930055
2019-06-26,97.9365234375,132.4282989501953,133.53729248046875,132.32313537597656,132.76290893554688,2389692
2019-06-27,97.9365234375,132.4282989501953,133.1739959716797,131.88336181640625,132.6195068359375,2248691
2019-06-28,97.4981689453125,131.8355712890625,133.02102661132812,131.7781982421875,132.47610473632812,6436979
2019-07-01,98.89805603027344,133.72848510742188,135.26768493652344,133.15487670898438,133.46080017089844,3533074
2019-07-02,99.13845825195312,134.0535430908203,134.25430297851562,133.33651733398438,133.6042022705078,2520546
2019-07-03,100.07173919677734,135.31549072265625,135.5831756591797,134.25430297851562,134.53155517578125,2019198
2019-07-05,99.9585952758789,135.1625213623047,135.26768493652344,133.75717163085938,134.67495727539062,2232896
2019-07-08,99.38590240478516,134.3881378173828,135.07647705078125,134.10133361816406,134.84703063964844,2505484
2019-07-09,98.50920867919922,133.2026824951172,134.7896728515625,133.011474609375,134.4263916015625,3519999
2019-07-10,99.3152084350586,134.29254150390625,135.66921997070312,133.64244079589844,133.8432159423828,2629539
2019-07-11,99.859619140625,135.0286865234375,135.35372924804688,134.13002014160156,134.5984649658203,2231013
2019-07-12,100.92013549804688,136.46270751953125,136.63479614257812,135.43020629882812,135.67877197265625,2914365
2019-07-15,101.3302230834961,137.0172119140625,137.1988525390625,135.86997985839844,136.6061248779297,2477242
2019-07-16,101.47869110107422,137.2179718017578,137.70555114746094,136.73040771484375,136.87380981445312,3634536
2019-07-17,101.15347290039062,136.7781982421875,137.47610473632812,135.70745849609375,137.29444885253906,6343258
2019-07-18,105.79149627685547,143.04971313476562,143.69981384277344,135.9464569091797,136.2332763671875,13276460
2019-07-19,105.8268814086914,143.09751892089844,144.91395568847656,142.97323608398438,143.36520385742188,7626072
2019-07-22,105.86931610107422,143.15487670898438,145.2581329345703,143.11663818359375,143.55641174316406,4280860
2019-07-23,106.32179260253906,143.7667236328125,144.09178161621094,141.8546905517578,143.94837951660156,3914341
2019-07-24,106.07430267333984,143.43212890625,144.7896728515625,142.6386260986328,143.51815795898438,3088210
2019-07-25,106.328857421875,143.7762908935547,143.9961700439453,142.07456970214844,143.23135375976562,3244797
2019-07-26,107.01469421386719,144.70362854003906,144.75143432617188,143.49903869628906,144.35946655273438,3037898
2019-07-29,106.67527770996094,144.24473571777344,144.818359375,143.70936584472656,144.46463012695312,2170973
2019-07-30,105.8905258178711,143.18356323242188,143.78585815429688,142.65774536132812,143.4034423828125,2753804
2019-07-31,104.80876922607422,141.72084045410156,143.57553100585938,139.9521942138672,143.11663818359375,3894153
2019-08-01,106.27937316894531,143.70936584472656,146.09942626953125,141.9694061279297,142.35182189941406,6635824
2019-08-02,104.10882568359375,140.77438354492188,146.2237091064453,139.1873779296875,142.47610473632812,8474378
2019-08-05,99.52024841308594,134.56979370117188,138.71893310546875,133.0305938720703,138.6042022705078,7442185
2019-08-06,99.49903106689453,134.54110717773438,136.20458984375,133.18356323242188,135.783935546875,5303952
2019-08-07,98.35364532470703,132.9923553466797,133.44168090820312,130.4110870361328,132.6386260986328,6204767
2019-08-08,100.22073364257812,133.93881225585938,134.24473571777344,131.70172119140625,132.3613739013672,5503111
2019-08-09,97.38079071044922,130.14340209960938,133.18356323242188,129.397705078125,133.1453094482422,5485852
2019-08-12,95.62100982666016,127.79158782958984,129.89483642578125,127.32313537597656,129.69407653808594,4271759
2019-08-13,97.1375732421875,129.818359375,130.56405639648438,126.96940612792969,127.9158706665039,4730117
2019-08-14,93.88987731933594,125.47801208496094,128.26004028320312,125.21988677978516,128.02102661132812,5349453
2019-08-15,94.3691635131836,126.11854553222656,126.54875946044922,124.52198791503906,125.44933319091797,3910889
2019-08-16,95.6854019165039,127.87763214111328,128.67112731933594,127.1032485961914,127.18929290771484,3150552
2019-08-19,96.60104370117188,129.10133361816406,130.33460998535156,128.94837951660156,128.94837951660156,3310695
2019-08-20,95.14175415039062,127.15105438232422,129.33078002929688,126.96940612792969,129.29254150390625,3157456
2019-08-21,96.03593444824219,128.34608459472656,129.96176147460938,127.9158706665039,129.0248565673828,2934762
2019-08-22,96.08601379394531,128.41299438476562,129.71319580078125,127.92543029785156,128.7667236328125,2818865
2019-08-23,92.6880874633789,123.87189483642578,128.3556365966797,123.16443634033203,127.75334930419922,5040046
2019-08-26,92.988525390625,124.27342224121094,125.52581024169922,123.47992706298828,125.28680419921875,2964259
2019-08-27,93.83265686035156,125.40152740478516,125.90821838378906,124.57935333251953,125.43020629882812,4945488
2019-08-28,94.97002410888672,126.9216079711914,127.04589080810547,124.32122039794922,124.7036361694336,2838426
2019-08-29,96.4865951538086,128.94837951660156,129.72274780273438,128.1453094482422,128.27915954589844,3108503
2019-08-30,96.95157623291016,129.56979370117188,130.08604431152344,128.4512481689453,129.61758422851562,3096788
2019-09-03,95.9286117553711,128.2026824951172,128.96749877929688,127.46653747558594,128.91969299316406,2957983
2019-09-04,97.51669311523438,130.32504272460938,130.43020629882812,129.2064971923828,129.7418670654297,2351303
2019-09-05,100.84307861328125,134.7705535888672,135.46844482421875,131.97897338867188,132.2179718017578,5242134
2019-09-06,100.55693054199219,134.3881378173828,135.30592346191406,134.28298950195312,135.29637145996094,2695333
2019-09-09,102.00910186767578,136.32887268066406,136.73040771484375,134.28298950195312,134.4072723388672,4421024
2019-09-10,103.76172637939453,138.67112731933594,139.06309509277344,136.67303466796875,136.71128845214844,5208766
2019-09-11,102.7244644165039,137.28489685058594,138.73805236816406,136.4340362548828,138.47991943359375,4047706
2019-09-12,102.73875427246094,137.30401611328125,137.70555114746094,135.64053344726562,137.69598388671875,2620648
2019-09-13,102.77452087402344,137.35182189941406,138.28871154785156,136.95985412597656,137.97323608398438,2308104
2019-09-16,101.92325592041016,136.21414184570312,137.32313537597656,136.0133819580078,136.29063415527344,2017211
2019-09-17,101.72297668457031,135.9464569091797,136.21414184570312,134.47418212890625,136.21414184570312,3068127
2019-09-18,101.73727416992188,135.965576171875,136.0420684814453,134.33078002929688,135.8030548095703,2074846
2019-09-19,102.2738037109375,136.68260192871094,138.65200805664062,136.1854705810547,136.1950225830078,3232035
2019-09-20,101.49402618408203,135.64053344726562,137.50477600097656,135.5831756591797,136.95028686523438,5432296
2019-09-23,101.62997436523438,135.82217407226562,135.965576171875,134.3785858154297,134.9808807373047,1901523
2019-09-24,101.35096740722656,135.44932556152344,136.6061248779297,134.86614990234375,136.2332763671875,3380254
2019-09-25,102.40967559814453,136.86424255371094,137.31358337402344,134.66539001464844,135.50669860839844,2642928
2019-09-26,102.68868255615234,137.23709106445312,137.55258178710938,135.1912078857422,136.87380981445312,2416051
2019-09-27,102.46693420410156,136.9407196044922,138.70936584472656,136.11854553222656,138.0592803955078,2465213
2019-09-30,104.02640533447266,139.0248565673828,140.12428283691406,137.4091796875,137.4091796875,4171866
2019-10-01,102.76740264892578,137.34225463867188,140.86997985839844,137.2275390625,139.1873779296875,3096997
2019-10-02,101.35816192626953,135.45889282226562,136.0133819580078,134.3881378173828,135.93690490722656,3494477
2019-10-03,101.5942153930664,135.77438354492188,135.82217407226562,133.0592803955078,135.3919677734375,3063525
2019-10-04,102.2880859375,136.70172119140625,136.76864624023438,134.82791137695312,135.8126220703125,2524626
2019-10-07,101.06483459472656,135.06692504882812,136.42446899414062,135.0095672607422,136.0038299560547,2538119
2019-10-08,98.99031829833984,132.29444885253906,134.29254150390625,132.170166015625,134.07266235351562,3373768
2019-10-09,99.91313171386719,133.52772521972656,134.15870666503906,132.68641662597656,133.62332153320312,2741357
2019-10-10,100.9575424194336,134.92352294921875,135.54493713378906,133.4225616455078,133.62332153320312,2713010
2019-10-11,102.1235580444336,136.48184204101562,138.1453094482422,136.3384246826172,136.49139404296875,3134653
2019-10-14,101.6084976196289,135.7935028076172,136.16635131835938,135.10516357421875,136.05162048339844,2415737
2019-10-15,102.29525756835938,136.71128845214844,137.3996124267578,135.5736083984375,136.27151489257812,3164673
2019-10-16,101.6585922241211,135.8604278564453,136.66348266601562,135.17208862304688,136.2237091064453,5577900
2019-10-17,96.0430679321289,128.3556365966797,130.0191192626953,127.06501007080078,129.06309509277344,16484751
2019-10-18,95.92144775390625,128.193115234375,128.57553100585938,126.43403625488281,128.31739807128906,7507665
2019-10-21,94.84127044677734,126.74951934814453,127.24665069580078,125.14340209960938,126.77820587158203,6596181
2019-10-22,95.82847595214844,128.06883239746094,128.15487670898438,125.82218170166016,126.72084045410156,4353034
2019-10-23,96.12892150878906,128.47036743164062,128.65200805664062,126.86424255371094,127.64818572998047,3777001
2019-10-24,95.90715789794922,128.1739959716797,129.13002014160156,127.43785858154297,128.90057373046875,2718031
2019-10-25,96.88716888427734,129.48374938964844,129.9521942138672,128.2026824951172,128.2218017578125,2697739
2019-10-28,97.26631164550781,129.9904327392578,130.6214141845703,129.49330139160156,130.0191192626953,3374501
2019-10-29,95.72834014892578,127.93498992919922,129.6080322265625,127.57170104980469,129.46463012695312,4352092
2019-10-30,96.75128936767578,129.30210876464844,129.33078002929688,127.34225463867188,127.94454956054688,2356638
2019-10-31,95.66394805908203,127.84894561767578,129.30210876464844,127.37093353271484,129.1682586669922,3569057
2019-11-01,96.95157623291016,129.56979370117188,129.5984649658203,128.193115234375,128.5850830078125,3231931
2019-11-04,98.48242950439453,131.6156768798828,131.68260192871094,130.23899841308594,130.24856567382812,3488828
2019-11-05,98.6397933959961,131.8260040283203,132.65774536132812,131.5774383544922,131.73995971679688,3153690
2019-11-06,99.27645874023438,132.67686462402344,132.67686462402344,131.50096130371094,131.93116760253906,4683256
2019-11-07,99.66008758544922,131.63479614257812,133.02102661132812,131.52963256835938,131.806884765625,4261195
2019-11-08,99.6021728515625,131.55831909179688,131.55831909179688,130.17208862304688,131.52963256835938,2383206
2019-11-11,98.0532455444336,129.51242065429688,131.16635131835938,129.06309509277344,131.16635131835938,2686128
2019-11-12,98.14010620117188,129.6271514892578,130.6501007080078,129.08221435546875,129.89483642578125,3186639
2019-11-13,97.33668518066406,128.5659637451172,129.61758422851562,127.96366882324219,129.43594360351562,3052646
2019-11-14,96.98925018310547,128.10707092285156,128.4225616455078,127.46653747558594,128.23135375976562,4425940
2019-11-15,97.27877807617188,128.48948669433594,129.17782592773438,128.13575744628906,128.47991943359375,3412575
2019-11-18,97.21363830566406,128.4034423828125,128.5659637451172,127.37093353271484,128.3938751220703,3358078
2019-11-19,97.3656234741211,128.6042022705078,129.4263916015625,128.54684448242188,128.94837951660156,3132770
2019-11-20,96.41020965576172,127.34225463867188,128.54684448242188,126.91204833984375,128.1644287109375,4328557
2019-11-21,96.87345886230469,127.95410919189453,128.26959228515625,127.13192749023438,127.53346252441406,3499184
2019-11-22,97.2353515625,128.43212890625,128.72848510742188,127.71510314941406,128.28871154785156,3449185
2019-11-25,98.41512298583984,129.9904327392578,130.0191192626953,128.44168090820312,128.55641174316406,2709245
2019-11-26,97.7781982421875,129.14913940429688,130.1625213623047,128.8432159423828,130.1625213623047,3967687
2019-11-27,96.82279205322266,127.88719177246094,129.7418670654297,127.74378967285156,129.397705078125,3431821
2019-11-29,97.31497955322266,128.53729248046875,128.6042022705078,127.17973327636719,127.72466278076172,1909264
2019-12-02,96.20032501220703,127.06501007080078,128.5850830078125,126.65392303466797,128.53729248046875,3208187
2019-12-03,95.62850952148438,126.30975341796875,126.61567687988281,124.94264221191406,126.19503021240234,3810055
2019-12-04,95.53441619873047,126.18547058105469,127.8011474609375,126.15679168701172,127.01720428466797,3692380
2019-12-05,95.47651672363281,126.1089859008789,127.38050079345703,125.84130096435547,127.14149475097656,3760788
2019-12-06,96.42466735839844,127.36137390136719,128.0019073486328,126.86424255371094,126.91204833984375,3595625
2019-12-09,96.93135833740234,128.0305938720703,128.67112731933594,127.39962005615234,127.48565673828125,3105051
2019-12-10,96.92411804199219,128.02102661132812,128.91014099121094,127.6864242553711,128.0305938720703,3640498
2019-12-11,96.81553649902344,127.87763214111328,128.5946502685547,127.79158782958984,128.2122344970703,4135152
2019-12-12,97.94466400146484,129.3690185546875,129.69407653808594,127.78202819824219,127.82026672363281,5046009
2019-12-13,97.14127349853516,128.30784606933594,129.54110717773438,128.11663818359375,128.8240966796875,2651610
2019-12-16,97.08334350585938,128.23135375976562,129.49330139160156,127.96366882324219,129.0057373046875,3189463
2019-12-17,97.14849090576172,128.31739807128906,128.7667236328125,127.5908203125,128.374755859375,3040931
2019-12-18,97.28600311279297,128.49903869628906,129.06309509277344,128.25047302246094,128.6328887939453,3244483
2019-12-19,97.39456939697266,128.64244079589844,128.8049774169922,128.28871154785156,128.54684448242188,4044359
2019-12-20,98.14010620117188,129.6271514892578,130.420654296875,129.01528930664062,129.7705535888672,7438943
2019-12-23,98.11114501953125,129.5889129638672,130.1625213623047,129.06309509277344,129.8087921142578,2932147
2019-12-24,97.69857025146484,129.04397583007812,129.6558380126953,128.69024658203125,129.64627075195312,1257397
2019-12-26,97.64791107177734,128.97705078125,129.35946655273438,128.72848510742188,129.04397583007812,2227666
2019-12-27,97.90848541259766,129.32122802734375,129.78012084960938,128.93881225585938,129.06309509277344,2878801
2019-12-30,96.1279296875,126.96940612792969,129.3498992919922,126.67304229736328,129.25430297851562,4308369
2019-12-31,97.0181884765625,128.1453094482422,128.2218017578125,126.57743835449219,126.70172119140625,3951265
2020-01-02,98.01703643798828,129.46463012695312,129.94264221191406,128.8432159423828,129.06309509277344,3293436
2020-01-03,97.2353515625,128.43212890625,128.92926025390625,127.6864242553711,127.69598388671875,2482890
2020-01-06,97.0616226196289,128.2026824951172,128.33651733398438,127.34225463867188,127.55258178710938,2537073
2020-01-07,97.12677001953125,128.28871154785156,129.0248565673828,127.53346252441406,127.81070709228516,3232977
2020-01-08,97.93742370605469,129.35946655273438,129.88528442382812,128.0305938720703,128.5946502685547,4545916
2020-01-09,98.97245788574219,130.72657775878906,130.77438354492188,129.35946655273438,129.7705535888672,3902208
2020-01-10,98.936279296875,130.67877197265625,131.806884765625,130.31549072265625,130.9751434326172,3405148
2020-01-13,98.87113952636719,130.5927276611328,130.6309814453125,129.13002014160156,129.52198791503906,3693426
2020-01-14,98.30658721923828,129.84703063964844,131.10899353027344,129.5889129638672,130.28680419921875,3850326
2020-01-15,98.88561248779297,130.6118621826172,131.988525390625,129.7418670654297,130.0191192626953,4232011
2020-01-16,99.86997985839844,131.91204833984375,132.11280822753906,130.98471069335938,131.28106689453125,4519661
2020-01-17,100.10884094238281,132.2275390625,132.2466583251953,130.17208862304688,130.53536987304688,5881972
2020-01-21,100.73129272460938,133.04971313476562,133.2218017578125,131.5487518310547,131.74952697753906,7577329
2020-01-22,104.14762878417969,137.5621337890625,139.3785858154297,136.28106689453125,137.0172119140625,17228038
2020-01-23,103.40937805175781,136.58700561523438,138.0592803955078,135.89866638183594,137.85850524902344,5918059
2020-01-24,101.73738861083984,134.3785858154297,137.5908203125,134.28298950195312,137.08413696289062,5836889
2020-01-27,100.33321380615234,132.52389526367188,133.91014099121094,132.02676391601562,132.4091796875,4358264
2020-01-28,101.00635528564453,133.41299438476562,134.29254150390625,132.64817810058594,133.36520385742188,3610374
2020-01-29,99.66008758544922,131.63479614257812,133.44168090820312,131.5487518310547,133.04971313476562,3194275
2020-01-30,98.99418640136719,130.75526428222656,130.9464569091797,129.034423828125,130.74569702148438,5290563
2020-01-31,104.0318374633789,137.4091796875,137.71510314941406,134.5984649658203,136.6156768798828,19868352
2020-02-03,105.87029266357422,139.8374786376953,140.8030548095703,137.5717010498047,137.90631103515625,9295488
2020-02-04,107.92585754394531,142.55258178710938,142.81069946289062,140.420654296875,141.28106689453125,5879566
2020-02-05,113.15174102783203,149.45506286621094,150.51625061035156,143.54684448242188,143.6042022705078,15048593
2020-02-06,113.46294403076172,149.86614990234375,151.76864624023438,148.5850830078125,149.92352294921875,8786923
2020-02-07,112.19769287109375,146.66348266601562,148.69981384277344,146.1950225830078,147.7533416748047,6718876
2020-02-10,112.94367218017578,147.6386260986328,147.64817810058594,144.91395568847656,146.24282836914062,5480831
2020-02-11,112.2489013671875,146.73040771484375,148.3938751220703,146.0133819580078,148.29827880859375,4011515
2020-02-12,113.58728790283203,148.47991943359375,148.75717163085938,146.76864624023438,146.988525390625,4641939
2020-02-13,112.85590362548828,147.52389526367188,148.02102661132812,146.66348266601562,147.58126831054688,3996452
2020-02-14,110.21572875976562,144.07266235351562,147.76290893554688,143.18356323242188,147.62905883789062,6379763
2020-02-18,110.50825500488281,144.45506286621094,144.72274780273438,143.0592803955078,143.2026824951172,3496778
2020-02-19,110.33274841308594,144.22561645507812,145.2103271484375,143.69981384277344,144.87571716308594,2858613
2020-02-20,110.59602355957031,144.56979370117188,144.9521942138672,142.93499755859375,144.17782592773438,3013003
2020-02-21,109.58677673339844,143.25047302246094,144.397705078125,142.29444885253906,144.397705078125,3699597
2020-02-24,107.09278106689453,139.9904327392578,141.53919982910156,138.9866180419922,139.11090087890625,5703210
2020-02-25,103.64078521728516,135.47801208496094,140.602294921875,135.0478057861328,140.06692504882812,6497229
2020-02-26,102.20736694335938,133.6042022705078,137.72467041015625,133.46080017089844,136.6156768798828,5656663
2020-02-27,97.35111236572266,127.25621032714844,132.5908203125,127.16061401367188,131.20458984375,8808471
2020-02-28,95.1863021850586,124.42638397216797,125.3250503540039,120.80306243896484,124.26386260986328,13607832
2020-03-02,98.221435546875,128.3938751220703,128.52772521972656,122.32313537597656,125.0,8923844
2020-03-03,94.27210235595703,123.23136138916016,130.11471557617188,122.17973327636719,128.5659637451172,8259321
2020-03-04,98.16291809082031,128.31739807128906,128.374755859375,123.32695770263672,125.79350280761719,5226234
2020-03-05,94.74748229980469,123.85277557373047,126.47227478027344,122.8011474609375,124.76099395751953,5696725
2020-03-06,93.4164047241211,122.11280822753906,122.6864242553711,119.04397583007812,121.12810516357422,8570192
2020-03-09,86.16133117675781,112.62906646728516,117.02677154541016,112.12236785888672,114.87571716308594,11252345
2020-03-10,91.2515869140625,119.2829818725586,119.38814544677734,110.6692123413086,117.38050079345703,11935592
2020-03-11,86.27835845947266,112.78202819824219,117.18929290771484,111.26194763183594,115.68833923339844,8835039
2020-03-12,75.19097137451172,98.2887191772461,104.97132110595703,97.78202819824219,104.82791900634766,13088284
2020-03-13,78.95013427734375,103.20267486572266,104.35946655273438,96.37667083740234,103.90057373046875,13077197
2020-03-16,72.46299743652344,94.7227554321289,102.6864242553711,90.82218170166016,93.69024658203125,11054128
2020-03-17,77.9993667602539,101.95984649658203,102.67686462402344,92.82982635498047,96.18547058105469,9684182
2020-03-18,75.732177734375,98.99617767333984,102.22753143310547,95.02867889404297,95.03823852539062,9176035
2020-03-19,73.3844985961914,95.9273452758789,99.13002014160156,93.91969299316406,97.82982635498047,8782739
2020-03-20,69.76428985595703,91.19503021240234,96.54875946044922,90.54492950439453,96.4818344116211,11031639
2020-03-23,69.31082916259766,90.602294921875,93.44168090820312,86.57743835449219,90.43977355957031,10176952
2020-03-24,77.14369201660156,100.84130096435547,101.37667083740234,94.89483642578125,95.59273529052734,8340699
2020-03-25,77.414306640625,101.19503021240234,107.53346252441406,98.3078384399414,100.84130096435547,9052084
2020-03-26,82.56307220458984,107.92543029785156,108.17399597167969,100.9273452758789,102.20841217041016,7482561
2020-03-27,79.0086669921875,103.27915954589844,106.5965576171875,102.9158706665039,103.80496978759766,6718458
2020-03-30,82.59230041503906,107.96366882324219,108.4703598022461,103.06883239746094,103.33651733398438,5820467
2020-03-31,81.12960052490234,106.05162811279297,108.80496978759766,105.3250503540039,107.07456970214844,6635092
2020-04-01,76.89501953125,100.51625061035156,105.08604431152344,99.92351531982422,101.68260192871094,6394093
2020-04-02,80.44942474365234,105.16252136230469,105.46845245361328,100.51625061035156,100.73613739013672,6619820
2020-04-03,77.77267456054688,101.66348266601562,105.22944641113281,100.30592346191406,104.13002014160156,4747585
2020-04-06,83.97457122802734,109.77055358886719,110.54492950439453,105.28680419921875,105.49713134765625,7357773
2020-04-07,84.06234741210938,109.8852767944336,114.31166076660156,109.818359375,113.57552337646484,5852684
2020-04-08,87.24374389648438,114.04397583007812,114.68450927734375,110.00955963134766,111.19503021240234,5395896
2020-04-09,88.86006927490234,116.15679168701172,117.51434326171875,114.8852767944336,115.181640625,5832705
2020-04-13,88.60404968261719,115.82218170166016,116.44359588623047,112.84894561767578,116.28107452392578,5355206
2020-04-14,90.62261962890625,118.46080017089844,119.6749496459961,117.22753143310547,118.03059387207031,5322780
2020-04-15,86.80493927001953,113.4703598022461,114.9043960571289,111.62523651123047,113.88145446777344,5896616
2020-04-16,84.64010620117188,110.64053344726562,114.48374938964844,109.38814544677734,113.77629089355469,6754650
2020-04-17,87.85076904296875,114.83747863769531,115.0956039428711,112.73422241210938,114.05353546142578,5194436
2020-04-20,88.0628662109375,115.1147232055664,117.45697784423828,112.94454956054688,113.9101333618164,8558058
2020-04-21,85.3934097290039,111.62523651123047,111.99808502197266,107.13192749023438,108.98661804199219,15009054
2020-04-22,87.25839233398438,114.06309509277344,115.03823852539062,112.38050079345703,114.59847259521484,7412479
2020-04-23,88.75035095214844,116.01338195800781,117.61949920654297,113.88145446777344,114.31166076660156,7198154
2020-04-24,91.21504974365234,119.23518371582031,119.50286865234375,115.44933319091797,117.02677154541016,5215251
2020-04-27,92.09266662597656,120.38240814208984,121.40535736083984,119.95220184326172,120.03823852539062,5150295
2020-04-28,92.3486557006836,120.7170181274414,122.56214141845703,119.86615753173828,122.39962005615234,4997893
2020-04-29,94.11851501464844,123.03059387207031,123.62332916259766,121.9216079711914,123.21223449707031,5499450
2020-04-30,91.8293685913086,120.03823852539062,121.67304229736328,119.71319580078125,120.95602416992188,6941047
2020-05-01,89.13064575195312,116.51051330566406,118.04015350341797,116.05162811279297,117.77246856689453,5152073
2020-05-04,88.99169158935547,116.32887268066406,116.60611724853516,114.13957977294922,115.5066909790039,4202723
2020-05-05,89.64991760253906,117.18929290771484,118.85277557373047,117.0841293334961,117.96366882324219,4078772
2020-05-06,90.08141326904297,117.75334930419922,118.59464263916016,117.02677154541016,117.82026672363281,4042372
2020-05-07,89.85165405273438,115.8986587524414,117.83938598632812,115.53536987304688,117.57170104980469,4615580
2020-05-08,91.15611267089844,117.58126068115234,117.81070709228516,115.73613739013672,117.27533721923828,5232615
2020-05-11,90.85963439941406,117.1988525390625,118.02103424072266,115.36328887939453,116.45315551757812,3697924
2020-05-12,89.13273620605469,114.97132110595703,118.85277557373047,114.97132110595703,117.60037994384766,5004587
2020-05-13,85.77523803710938,110.64053344726562,114.71319580078125,109.79923248291016,114.6749496459961,6153409
2020-05-14,86.6794662475586,111.806884765625,111.94072723388672,106.8929214477539,109.53154754638672,5501332
2020-05-15,86.70170593261719,111.83556365966797,112.22753143310547,110.181640625,110.83174133300781,5006470
2020-05-18,90.09625244140625,116.21414947509766,116.97896575927734,114.48374938964844,114.6080322265625,4399162
2020-05-19,89.15493774414062,115.0,116.79732513427734,114.85659790039062,115.86042022705078,3390191
2020-05-20,89.96283721923828,116.04206848144531,117.0841293334961,115.2963638305664,115.61185455322266,4017372
2020-05-21,88.28778839111328,113.88145446777344,116.36711120605469,113.73805236816406,115.6692123413086,4184941
2020-05-22,87.74673461914062,113.18355560302734,114.216064453125,112.41873931884766,114.1204605102539,4373117
2020-05-26,90.24447631835938,116.40535736083984,117.22753143310547,115.68833923339844,115.96558380126953,5720888
2020-05-27,93.04608154296875,120.01911926269531,120.2963638305664,118.04015350341797,118.48948669433594,5990965
2020-05-28,92.29749298095703,119.05353546142578,121.38623046875,118.75717163085938,121.29063415527344,4095404
2020-05-29,92.57173919677734,119.40726470947266,119.62715148925781,116.86424255371094,118.23136138916016,8294675
2020-06-01,92.56433868408203,119.397705078125,120.21988677978516,118.57552337646484,119.15869903564453,3003798
2020-06-02,93.38703918457031,120.45889282226562,120.45889282226562,119.17781829833984,120.14340209960938,3115093
2020-06-03,95.6475830078125,123.37476348876953,123.90057373046875,121.4149169921875,121.55831909179688,4097914
2020-06-04,95.52897644042969,123.22179412841797,123.27915954589844,121.43403625488281,122.16061401367188,4042581
2020-06-05,97.87848663330078,126.25238800048828,128.32696533203125,125.95602416992188,128.0019073486328,6163764
2020-06-08,100.61339569091797,129.78012084960938,129.90440368652344,126.45315551757812,126.45315551757812,5617543
2020-06-09,97.73767852783203,126.07074737548828,127.72466278076172,125.25812530517578,127.64818572998047,5641706
2020-06-10,96.25533294677734,124.15869903564453,126.4149169921875,124.09178161621094,126.33843231201172,4952601
2020-06-11,87.465087890625,112.82026672363281,120.55449676513672,112.65774536132812,120.4875717163086,12304726
2020-06-12,90.35563659667969,116.54875946044922,117.7055435180664,114.03441619873047,115.91778564453125,6506434
2020-06-15,90.16294860839844,116.3001937866211,116.988525390625,113.08795166015625,113.94837188720703,5385959
2020-06-16,92.75704193115234,119.64627075195312,121.8929214477539,117.74378967285156,119.50286865234375,5864608
2020-06-17,92.01583862304688,118.69024658203125,120.6978988647461,117.97322845458984,120.2963638305664,3302013
2020-06-18,92.02327728271484,118.6998062133789,118.92925262451172,116.95028686523438,117.5908203125,2997208
2020-06-19,90.77069854736328,117.0841293334961,121.24282836914062,116.8738021850586,120.62141418457031,8471554
2020-06-22,89.73307037353516,115.74569702148438,117.11280822753906,115.22944641113281,116.74951934814453,4993081
2020-06-23,88.50273895263672,114.15869903564453,117.4952163696289,113.98661804199219,116.64435577392578,6937700
2020-06-24,86.28665161132812,111.3001937866211,113.11663818359375,110.783935546875,113.11663818359375,7061546
2020-06-25,88.2210922241211,113.79541015625,113.96749877929688,110.9942626953125,111.62523651123047,6412608
2020-06-26,86.85733795166016,112.03633117675781,113.75717163085938,111.14722442626953,113.05927276611328,11244605
2020-06-29,88.75474548339844,114.48374938964844,114.5124282836914,112.20841217041016,112.79158782958984,4350837
2020-06-30,89.51072692871094,115.45889282226562,115.86997985839844,113.76673126220703,113.94837188720703,4099797
2020-07-01,87.85791778564453,113.32695770263672,115.8986587524414,113.16443634033203,114.98088073730469,4869967
2020-07-02,88.7176742553711,114.43594360351562,116.08030700683594,114.01529693603516,114.42638397216797,3919362
2020-07-06,89.08084106445312,114.9043960571289,116.49139404296875,114.20649719238281,115.91778564453125,4231488
2020-07-07,87.14640045166016,112.4091796875,114.25430297851562,112.17017364501953,113.76673126220703,4474893
2020-07-08,87.24275207519531,112.53346252441406,113.42256164550781,111.35755157470703,112.86807250976562,5431669
2020-07-09,85.76040649414062,110.62141418457031,112.81070709228516,110.13384246826172,112.81070709228516,4982098
2020-07-10,87.71708679199219,113.14531707763672,113.35564422607422,110.21988677978516,110.42064666748047,4482842
2020-07-13,88.34708404541016,113.95793151855469,115.6692123413086,113.44168090820312,114.5124282836914,4864632
2020-07-14,89.38471221923828,115.2963638305664,115.57361602783203,112.73422241210938,113.4034423828125,4742982
2020-07-15,91.16351318359375,117.5908203125,118.50860595703125,116.77820587158203,117.01720428466797,4679176
2020-07-16,91.912109375,118.55640411376953,119.0057373046875,116.78776550292969,117.28489685058594,4530121
2020-07-17,92.72737121582031,119.6080322265625,120.10516357421875,117.78202819824219,118.91969299316406,4167892
2020-07-20,93.66127014160156,120.8126220703125,121.4818344116211,119.63671112060547,120.52581024169922,10384374
2020-07-21,93.43148040771484,120.51625061035156,126.35755157470703,120.26768493652344,125.3919677734375,16063004
2020-07-22,95.36592102050781,123.011474609375,123.77629089355469,120.26768493652344,120.36328887939453,8572388
2020-07-23,94.37276458740234,121.73040008544922,123.6806869506836,121.55831909179688,123.42256164550781,4414225
2020-07-24,93.23138427734375,120.25812530517578,122.03633117675781,119.98088073730469,120.91778564453125,3693531
2020-07-27,93.54265594482422,120.65965270996094,120.76481628417969,119.22562408447266,119.36902618408203,3905136
2020-07-28,92.25304412841797,118.99617767333984,120.783935546875,118.69024658203125,120.28680419921875,4370397
2020-07-29,92.88301849365234,119.80879211425781,120.44933319091797,118.61376953125,119.08221435546875,2963109
2020-07-30,91.08940887451172,117.4952163696289,118.45124053955078,116.29063415527344,118.26959991455078,4171553
2020-07-31,91.11906433105469,117.53346252441406,117.58126068115234,115.76481628417969,117.3135757446289,5519847
2020-08-03,92.13444519042969,118.84320831298828,118.93881225585938,116.77820587158203,118.06883239746094,3688301
2020-08-04,93.26841735839844,120.30592346191406,120.3250503540039,118.37476348876953,118.37476348876953,3625541
2020-08-05,92.97938537597656,119.93307495117188,121.17591094970703,119.13002014160156,121.15679168701172,3786102
2020-08-06,93.47595977783203,120.57361602783203,120.70745849609375,119.50286865234375,119.50286865234375,3574287
2020-08-07,93.82887268066406,119.46463012695312,119.56979370117188,117.79158782958984,118.06883239746094,3818946
2020-08-10,95.44324493408203,121.52007293701172,121.64435577392578,119.6749496459961,119.9043960571289,4150842
2020-08-11,95.17294311523438,121.17591094970703,124.73231506347656,121.04206848144531,123.0975112915039,5231255
2020-08-12,95.13539123535156,121.12810516357422,122.17017364501953,120.34416961669922,121.99808502197266,3692066
2020-08-13,93.88143920898438,119.53154754638672,120.83174133300781,119.2829818725586,120.42064666748047,3317180
2020-08-14,94.06163024902344,119.76099395751953,120.03823852539062,118.46080017089844,118.73805236816406,3099716
2020-08-17,93.43842315673828,118.96749877929688,120.06692504882812,118.93881225585938,119.74187469482422,3514665
2020-08-18,93.798828125,119.42638397216797,119.98088073730469,118.77629089355469,119.50286865234375,3014990
2020-08-19,92.9878921508789,118.39388275146484,119.98088073730469,118.06883239746094,119.34034729003906,3916119
2020-08-20,92.46978759765625,117.73422241210938,118.5850830078125,117.4091796875,117.78202819824219,2679015
2020-08-21,92.47730255126953,117.74378967285156,118.04971313476562,116.93116760253906,117.60037994384766,3540815
2020-08-24,94.3694839477539,120.15296173095703,120.51625061035156,117.93498992919922,118.34607696533203,4258057
2020-08-25,93.58858489990234,119.15869903564453,121.24282836914062,119.01529693603516,120.45889282226562,3114674
2020-08-26,93.2356948852539,118.70936584472656,119.61759185791016,118.4990463256836,119.45507049560547,3544162
2020-08-27,93.59609985351562,119.16825866699219,119.59847259521484,118.52772521972656,119.1204605102539,3580144
2020-08-28,93.91148376464844,119.56979370117188,119.7896728515625,118.75717163085938,119.46463012695312,3242182
2020-08-31,92.58995819091797,117.88719177246094,119.74187469482422,117.61949920654297,119.74187469482422,5049983
2020-09-01,92.65750885009766,117.97322845458984,118.4990463256836,116.77820587158203,117.44741821289062,3300444
2020-09-02,96.2466812133789,122.54302215576172,123.04015350341797,118.14531707763672,118.27915954589844,6895650
2020-09-03,93.4459228515625,118.97705841064453,124.23518371582031,118.21223449707031,122.55258178710938,5979773
2020-09-04,91.83152770996094,116.9216079711914,119.83747863769531,115.90821838378906,118.88145446777344,6295037
2020-09-08,91.01311492919922,115.8795394897461,117.46653747558594,115.40152740478516,116.78776550292969,5449974
2020-09-09,91.80149841308594,116.88336181640625,118.26004028320312,115.95602416992188,116.75907897949219,3944152
2020-09-10,90.52505493164062,115.25812530517578,118.14531707763672,114.95220184326172,117.14149475097656,4161406
2020-09-11,91.2008285522461,116.11854553222656,117.30401611328125,115.42064666748047,116.05162811279297,3711313
2020-09-14,91.67388153076172,116.72084045410156,117.95410919189453,116.40535736083984,116.97896575927734,3809009
2020-09-15,91.93667602539062,117.05545043945312,117.97322845458984,116.86424255371094,117.41873931884766,3049299
2020-09-16,93.2732162475586,118.75717163085938,120.28680419921875,117.3135757446289,117.3135757446289,3962666
2020-09-17,93.798828125,119.42638397216797,120.02867889404297,116.60611724853516,117.22753143310547,3317180
2020-09-18,92.17696380615234,117.36137390136719,119.42638397216797,117.25621032714844,118.79541015625,5639614
2020-09-21,90.29227447509766,114.96176147460938,115.3919677734375,113.36520385742188,115.181640625,5555724
2020-09-22,90.48749542236328,115.2103271484375,116.1089859008789,114.27342224121094,115.03823852539062,3093859
2020-09-23,89.22604370117188,113.60420989990234,116.24282836914062,113.22179412841797,115.4875717163086,4120612
2020-09-24,88.67037963867188,112.8967514038086,114.26386260986328,111.35755157470703,112.90631103515625,3709325
2020-09-25,89.31612396240234,113.71892547607422,114.15869903564453,111.79732513427734,112.42829895019531,3089570
2020-09-28,91.40354919433594,116.37667083740234,116.95028686523438,115.1147232055664,115.26768493652344,3670623
2020-09-29,90.81036376953125,115.62141418457031,116.81644439697266,114.92351531982422,116.07074737548828,2203504
2020-09-30,91.3585205078125,116.3193130493164,117.5047836303711,115.4875717163086,116.04206848144531,3411111
2020-10-01,90.9229965209961,115.76481628417969,117.87763214111328,115.06692504882812,116.97896575927734,3359438
2020-10-02,90.53253936767578,115.26768493652344,116.39579010009766,113.59464263916016,113.80496978759766,3059759
2020-10-05,91.61380004882812,116.64435577392578,117.35181427001953,115.72657775878906,116.4818344116211,3190823
2020-10-06,91.58375549316406,116.60611724853516,119.34034729003906,116.24282836914062,117.18929290771484,4050426
2020-10-07,93.16059112548828,118.61376953125,118.91969299316406,116.94072723388672,117.27533721923828,2944908
2020-10-08,98.7320785522461,125.70745849609375,129.54110717773438,124.06309509277344,125.10516357421875,26452189
2020-10-09,95.9538345336914,122.17017364501953,126.19503021240234,121.988525390625,126.19503021240234,8737970
2020-10-12,95.51834106445312,121.61567687988281,122.60993957519531,120.8795394897461,122.43785858154297,4848315
2020-10-13,93.93400573730469,119.59847259521484,121.55831909179688,118.98661804199219,121.00382232666016,5654781
2020-10-14,94.56472778320312,120.40152740478516,121.35755157470703,119.62715148925781,119.62715148925781,3899593
2020-10-15,93.77632904052734,119.397705078125,119.71319580078125,118.4034423828125,118.62332916259766,3541024
2020-10-16,94.5572280883789,120.3919677734375,120.86997985839844,119.17781829833984,119.66539001464844,4927078
2020-10-19,94.24935913085938,120.0,121.74951934814453,119.57935333251953,121.22370910644531,7822720
2020-10-20,88.12975311279297,112.20841217041016,114.86615753173828,111.70172119140625,114.53154754638672,22490151
2020-10-21,86.3952407836914,110.0,112.51434326171875,109.74187469482422,111.5296401977539,10204044
2020-10-22,86.92086791992188,110.6692123413086,110.95602416992188,108.011474609375,109.94264221191406,8217167
2020-10-23,87.1010513305664,110.8986587524414,111.49139404296875,110.44933319091797,111.37667083740234,4072496
2020-10-26,84.26276397705078,107.28489685058594,109.84703826904297,106.9216079711914,109.41682434082031,7534756
2020-10-27,83.01631927490234,105.6978988647461,107.28489685058594,105.19120788574219,107.21797180175781,6209161
2020-10-28,80.0804214477539,101.95984649658203,104.9043960571289,101.26194763183594,103.88145446777344,9860956
2020-10-29,81.77739715576172,104.1204605102539,104.818359375,101.86424255371094,102.53346252441406,7071169
2020-10-30,83.84226989746094,106.74951934814453,106.88336181640625,103.011474609375,103.15487670898438,8285889
2020-11-02,84.7808837890625,107.94454956054688,108.82408905029297,107.3135757446289,107.69598388671875,5555829
2020-11-03,85.71946716308594,109.13957977294922,110.56405639648438,108.63288879394531,108.98661804199219,4397698
2020-11-04,84.0224838256836,106.97896575927734,108.90057373046875,106.2715072631836,107.39006042480469,6066905
2020-11-05,86.17747497558594,109.7227554321289,110.21988677978516,108.04015350341797,108.31739807128906,5127701
2020-11-06,85.62936401367188,109.02485656738281,110.03823852539062,108.4034423828125,110.01911926269531,5490663
2020-11-09,88.00607299804688,110.44933319091797,114.47418975830078,110.20076751708984,112.69598388671875,9405841
2020-11-10,89.81903076171875,112.72466278076172,112.97322845458984,111.13766479492188,111.55831909179688,5881449
2020-11-11,89.2781982421875,112.04589080810547,113.14531707763672,111.1089859008789,112.92543029785156,4486922
2020-11-12,87.221435546875,109.46463012695312,111.25238800048828,108.48948669433594,110.54492950439453,6797117
2020-11-13,89.0115737915039,111.7112808227539,112.20841217041016,109.95220184326172,110.12428283691406,4898000
2020-11-16,90.16181945800781,113.15487670898438,113.33651733398438,111.96940612792969,113.0975112915039,5536896
2020-11-17,89.6590576171875,112.5239028930664,113.32695770263672,111.9216079711914,112.42829895019531,4324687
2020-11-18,88.95063781738281,111.63479614257812,113.65200805664062,111.61567687988281,112.54302215576172,4818713
2020-11-19,89.26294708251953,112.02677154541016,112.28489685058594,110.79350280761719,111.4149169921875,3597822
2020-11-20,89.08011627197266,111.79732513427734,112.84894561767578,111.55831909179688,112.42829895019531,5255418
2020-11-23,91.47965240478516,114.80879211425781,115.21988677978516,112.11280822753906,112.26577758789062,5910318
2020-11-24,94.7780990600586,118.94837188720703,119.24474334716797,115.49713134765625,115.54492950439453,8109115
2020-11-25,94.61050415039062,118.73805236816406,118.86233520507812,116.73995971679688,117.5239028930664,4326151
2020-11-27,94.72476196289062,118.88145446777344,119.79923248291016,118.46080017089844,118.73805236816406,2187395
2020-11-30,94.0925064086914,118.08795166015625,119.50286865234375,117.67686462402344,118.64244842529297,6263448
2020-12-01,93.81827545166016,117.74378967285156,120.2963638305664,117.66730499267578,118.45124053955078,5553319
2020-12-02,94.93045806884766,119.13957977294922,119.15869903564453,117.02677154541016,117.44741821289062,3860472
2020-12-03,94.16105651855469,118.17399597167969,119.36902618408203,117.86807250976562,118.6998062133789,4757417
2020-12-04,96.89578247070312,121.60611724853516,121.77820587158203,118.20267486572266,118.5181655883789,5776849
2020-12-07,94.99140167236328,119.216064453125,121.38623046875,119.09178161621094,120.9273452758789,8701151
2020-12-08,95.76074981689453,120.181640625,120.77437591552734,119.15869903564453,119.80879211425781,5643170
2020-12-09,96.58345031738281,121.21414947509766,122.07456970214844,120.17208099365234,120.26768493652344,6813121
2020-12-10,95.18944549560547,119.46463012695312,121.34799194335938,119.44550323486328,120.79350280761719,5024147
2020-12-11,94.663818359375,118.80496978759766,119.99044036865234,118.17399597167969,118.62332916259766,4687544
2020-12-14,94.10011291503906,118.0975112915039,120.68833923339844,118.04015350341797,119.80879211425781,5282300
2020-12-15,95.92835235595703,120.3919677734375,120.3919677734375,118.011474609375,118.91969299316406,4556585
2020-12-16,95.63887023925781,120.02867889404297,121.00382232666016,119.78011322021484,120.3919677734375,4738485
2020-12-17,95.63887023925781,120.02867889404297,120.54492950439453,119.41682434082031,120.53536987304688,3962248
2020-12-18,95.86739349365234,120.31549072265625,120.84130096435547,119.47418975830078,120.06692504882812,7900229
2020-12-21,93.99349212646484,117.96366882324219,118.71892547607422,116.36711120605469,118.5181655883789,6397022
2020-12-22,94.16105651855469,118.17399597167969,118.75717163085938,117.02677154541016,117.88719177246094,4535561
2020-12-23,94.38197326660156,118.45124053955078,119.7036361694336,118.29827880859375,118.43212127685547,2817819
2020-12-24,94.9837646484375,119.20649719238281,119.59847259521484,118.74761199951172,119.50286865234375,1842111
2020-12-28,95.08280181884766,119.3307876586914,121.03250122070312,118.98661804199219,119.59847259521484,3781499
2020-12-29,94.3058090209961,118.35564422607422,119.96176147460938,117.82026672363281,119.83747863769531,3647402
2020-12-30,94.71713256835938,118.87189483642578,119.35946655273438,118.193115234375,118.35564422607422,3535794
2020-12-31,95.89025115966797,120.34416961669922,120.4875717163086,118.53728485107422,118.75717163085938,3738822
2021-01-04,94.41243743896484,118.48948669433594,120.38240814208984,117.62906646728516,120.31549072265625,5417443
2021-01-05,96.08831024169922,120.59273529052734,121.1089859008789,119.13002014160156,119.5124282836914,6395872
2021-01-06,98.48785400390625,123.60420989990234,126.08030700683594,121.14722442626953,121.3193130493164,8322708
2021-01-07,98.25931549072266,123.31739807128906,124.7227554321289,122.61949920654297,124.32122039794922,4714740
2021-01-08,97.90892028808594,122.87763214111328,123.63288879394531,121.39579010009766,122.9158706665039,4891305
2021-01-11,97.94699096679688,122.92543029785156,123.97705841064453,122.04589080810547,122.32313537597656,5859587
2021-01-12,98.4269027709961,123.52772521972656,124.13957977294922,122.3135757446289,123.41300201416016,3921663
2021-01-13,96.6824951171875,121.33843231201172,124.04397583007812,120.8986587524414,123.4703598022461,8030874
2021-01-14,98.24409484863281,123.29827880859375,124.43594360351562,121.94072723388672,122.39006042480469,7848347
2021-01-15,97.80226135253906,122.74378967285156,123.55640411376953,122.05545043945312,122.63862609863281,5131153
2021-01-19,98.28218078613281,123.34607696533203,123.8910140991211,122.45697784423828,123.59464263916016,5646308
2021-01-20,99.08964538574219,124.35946655273438,125.2963638305664,122.90631103515625,123.99617767333984,5856240
2021-01-21,100.28560638427734,125.86042022705078,126.42447662353516,124.3307876586914,124.397705078125,13116003
2021-01-22,90.35226440429688,113.39388275146484,115.3919677734375,112.1988525390625,115.3919677734375,39814421
2021-01-25,90.32942199707031,113.36520385742188,114.2829818725586,112.28489685058594,113.53728485107422,14315974
2021-01-26,93.3078842163086,117.1032485961914,117.1988525390625,113.21223449707031,113.93881225585938,11186656
2021-01-27,93.29264831542969,117.0841293334961,119.3021011352539,116.2715072631836,116.7112808227539,12705239
2021-01-28,91.4720458984375,114.79923248291016,117.78202819824219,114.7896728515625,117.39962005615234,8455969
2021-01-29,90.73314666748047,113.87189483642578,115.96558380126953,113.67112731933594,114.93307495117188,12369473
2021-02-01,91.82244873046875,115.23900604248047,115.63097381591797,113.50860595703125,114.62715148925781,6538023
2021-02-02,90.9845199584961,114.1873779296875,115.67877960205078,114.03441619873047,114.11090087890625,6633627
2021-02-03,90.7407455444336,113.88145446777344,114.53154754638672,112.92543029785156,113.80496978759766,7024308
2021-02-04,92.18810272216797,115.6978988647461,115.77437591552734,113.64244842529297,114.63671112060547,4771957
2021-02-05,92.77466583251953,116.43403625488281,116.45315551757812,115.21988677978516,115.67877960205078,4775722
2021-02-08,94.16105651855469,118.17399597167969,118.52772521972656,117.01720428466797,117.22753143310547,6158848
2021-02-09,94.25369262695312,116.73040008544922,117.20841217041016,115.72657775878906,116.53919982910156,4933982
2021-02-10,94.36177062988281,116.86424255371094,117.98279571533203,115.8795394897461,117.61949920654297,5090673
2021-02-11,93.33509063720703,115.59273529052734,116.83556365966797,115.3250503540039,116.63479614257812,5629154
2021-02-12,93.25016784667969,115.4875717163086,116.02294158935547,114.80879211425781,115.67877960205078,4049275
2021-02-16,92.6866683959961,114.7896728515625,115.2963638305664,114.11090087890625,114.86615753173828,6945231
2021-02-17,92.6094741821289,114.69407653808594,115.25812530517578,113.78585052490234,114.02485656738281,4141219
2021-02-18,93.1961441040039,115.42064666748047,115.62141418457031,114.43594360351562,115.20076751708984,5646413
2021-02-19,91.85297393798828,113.75717163085938,115.44933319091797,113.17399597167969,115.43977355957031,6881320
2021-02-22,93.29649353027344,115.54492950439453,115.80306243896484,113.23136138916016,113.2887191772461,6149643
2021-02-23,93.18070983886719,115.40152740478516,116.01338195800781,114.53154754638672,115.602294921875,4739740
2021-02-24,95.11054229736328,117.79158782958984,118.05927276611328,115.21988677978516,115.4875717163086,6087720
2021-02-25,94.53931427001953,117.0841293334961,118.88145446777344,116.95984649658203,117.94454956054688,5953623
2021-02-26,91.806640625,113.6998062133789,116.8738021850586,113.65200805664062,116.8738021850586,9467346
2021-03-01,93.20384979248047,115.43020629882812,116.94072723388672,114.58891296386719,115.05735778808594,5977367
2021-03-02,92.88735961914062,115.03823852539062,116.53919982910156,114.97132110595703,115.43020629882812,4732418
2021-03-03,94.45439910888672,116.97896575927734,117.23709106445312,114.7036361694336,115.20076751708984,7744898
2021-03-04,92.71757507324219,114.82791900634766,117.8011474609375,113.53728485107422,116.63479614257812,8439651
2021-03-05,94.81721496582031,117.42829895019531,118.3078384399414,114.96176147460938,115.33460998535156,7268968
2021-03-08,96.34564208984375,119.32122039794922,121.2715072631836,117.4760971069336,117.58126068115234,7572203
2021-03-09,95.85932159423828,118.71892547607422,120.86997985839844,118.6998062133789,119.8852767944336,5867014
2021-03-10,98.7077865600586,122.24665069580078,122.60037994384766,119.13002014160156,119.55066680908203,7581199
2021-03-11,98.14427185058594,121.54875946044922,122.98279571533203,121.20458984375,122.45697784423828,5383657
2021-03-12,98.5070571899414,121.99808502197266,122.06501007080078,121.04206848144531,121.5965576171875,4194565
2021-03-15,99.25585174560547,122.92543029785156,123.08795166015625,121.93116760253906,122.15105438232422,3577948
2021-03-16,98.993408203125,122.60037994384766,122.86807250976562,121.73995971679688,122.63862609863281,4867247
2021-03-17,99.60323333740234,123.35564422607422,123.79541015625,121.88336181640625,122.81070709228516,4488804
2021-03-18,100.39832305908203,124.34034729003906,125.23900604248047,122.17017364501953,123.26959991455078,6104142
2021-03-19,99.50289154052734,123.23136138916016,124.7036361694336,122.87763214111328,124.3021011352539,10297870
2021-03-22,100.77657318115234,124.80879211425781,124.97132110595703,122.26577758789062,122.84894561767578,4356485
2021-03-23,100.70711517333984,124.7227554321289,125.77437591552734,124.09178161621094,124.7036361694336,4556794
2021-03-24,100.83062744140625,124.87571716308594,126.3001937866211,124.82791900634766,125.19120788574219,4189230
2021-03-25,102.72186279296875,127.21797180175781,127.38050079345703,124.06309509277344,124.59847259521484,5809484
2021-03-26,105.27699279785156,130.38241577148438,130.47801208496094,127.26577758789062,127.42829895019531,5823710
2021-03-29,104.87556457519531,129.88528442382812,131.0420684814453,129.55067443847656,130.0,4835344
2021-03-30,103.99555969238281,128.79541015625,130.27725219726562,128.12619018554688,129.88528442382812,5010758
2021-03-31,102.8685302734375,127.39962005615234,128.78585815429688,126.8738021850586,128.62332153320312,5172575
2021-04-01,102.84537506103516,127.37093353271484,128.04014587402344,126.45315551757812,127.87763214111328,4261404
2021-04-05,104.92959594726562,129.9521942138672,130.67877197265625,127.53346252441406,127.76290893554688,5722980
2021-04-06,103.60957336425781,128.31739807128906,129.67495727539062,128.193115234375,129.61758422851562,3787566
2021-04-07,104.15765380859375,128.9961700439453,129.0057373046875,127.8967514038086,127.95410919189453,3112896
2021-04-08,104.30435180664062,129.17782592773438,129.66539001464844,128.26004028320312,128.65200805664062,4275211
2021-04-09,104.77520751953125,129.76100158691406,129.7705535888672,128.78585815429688,128.93881225585938,3162999
2021-04-12,103.89520263671875,128.67112731933594,129.4168243408203,127.96366882324219,129.08221435546875,3926684
2021-04-13,101.26290130615234,125.41108703613281,127.74378967285156,124.64627075195312,127.15105438232422,8403041
2021-04-14,102.38221740722656,126.79732513427734,126.94072723388672,124.78011322021484,125.53536987304688,6137928
2021-04-15,102.34361267089844,126.74951934814453,127.98279571533203,126.40535736083984,127.41873931884766,4062664
2021-04-16,103.12327575683594,127.71510314941406,128.2026824951172,127.1032485961914,127.15105438232422,5535223
2021-04-19,102.76046752929688,127.26577758789062,127.93498992919922,126.74951934814453,127.72466278076172,8575736
2021-04-20,106.65103912353516,132.08413696289062,133.62332153320312,130.68833923339844,131.0420684814453,16192708
2021-04-21,110.81178283691406,137.23709106445312,137.4091796875,131.65391540527344,131.988525390625,12456814
2021-04-22,109.05944061279297,135.06692504882812,138.374755859375,134.7992401123047,137.3804931640625,7428064
2021-04-23,109.94718933105469,136.16635131835938,137.29444885253906,134.75143432617188,135.09559631347656,4765576
2021-04-26,109.28334045410156,135.3441619873047,137.31358337402344,135.2581329345703,136.1567840576172,4927497
2021-04-27,109.62299346923828,135.7648162841797,136.29063415527344,134.5602264404297,135.45889282226562,4062664
2021-04-28,110.3872299194336,136.71128845214844,137.09368896484375,135.85086059570312,136.63479614257812,3941433
2021-04-29,111.34441375732422,137.89674377441406,142.1988525390625,136.69215393066406,137.7915802001953,4554179
2021-04-30,109.52265930175781,135.64053344726562,137.50477600097656,134.3690185546875,137.3804931640625,9280321
2021-05-03,111.73808288574219,138.3843231201172,139.34034729003906,137.23709106445312,137.48565673828125,5997241
2021-05-04,112.51006317138672,139.34034729003906,140.14340209960938,137.9827880859375,138.0592803955078,6642623
2021-05-05,112.10088348388672,138.83364868164062,139.52198791503906,138.5946502685547,139.52198791503906,5229895
2021-05-06,114.57112121582031,141.89292907714844,141.97897338867188,138.79541015625,138.87188720703125,7848661
2021-05-07,113.54076385498047,139.06309509277344,139.71319580078125,138.2122344970703,139.50286865234375,7325661
2021-05-10,114.09498596191406,139.7418670654297,141.8546905517578,139.3881378173828,139.3881378173828,7304636
2021-05-11,112.57286834716797,137.87762451171875,138.8049774169922,136.6156768798828,138.61376953125,7454214
2021-05-12,110.29364776611328,135.08604431152344,137.81069946289062,134.93307495117188,137.51434326171875,6233742
2021-05-13,112.53387451171875,137.829833984375,138.52772521972656,135.06692504882812,135.2294464111328,4807207
2021-05-14,112.93193054199219,138.31739807128906,139.28298950195312,137.62905883789062,138.72848510742188,2873780
2021-05-17,113.26756286621094,138.72848510742188,139.3881378173828,137.9827880859375,138.08795166015625,4471755
2021-05-18,112.3309097290039,137.58126831054688,138.91014099121094,136.93116760253906,138.41299438476562,4000009
2021-05-19,111.76890563964844,136.89292907714844,136.90248107910156,134.72274780273438,136.06118774414062,4498532
2021-05-20,112.3074722290039,137.55258178710938,138.53729248046875,135.90821838378906,136.8260040283203,4301675
2021-05-21,112.9787826538086,138.374755859375,139.29254150390625,137.93499755859375,137.93499755859375,4219041
2021-05-24,112.96315002441406,138.3556365966797,138.9961700439453,137.83938598632812,138.68069458007812,3449290
2021-05-25,112.23724365234375,137.46653747558594,138.62332153320312,136.90248107910156,138.54684448242188,4118311
2021-05-26,111.91722106933594,137.07456970214844,137.65774536132812,136.74952697753906,137.18930053710938,3225655
2021-05-27,112.26065826416016,137.49522399902344,138.4034423828125,137.31358337402344,137.49522399902344,5889294
2021-05-28,112.19821166992188,137.41873168945312,137.9827880859375,137.1797332763672,137.86807250976562,2651192
2021-06-01,112.5494613647461,137.8489532470703,139.4168243408203,137.4282989501953,138.62332153320312,2528705
2021-06-02,113.74372863769531,139.31166076660156,139.34034729003906,137.7724609375,138.26004028320312,2915097
2021-06-03,113.61103057861328,139.14913940429688,139.46463012695312,137.70555114746094,138.53729248046875,4320608
2021-06-04,115.07069396972656,140.93690490722656,141.06118774414062,139.3498992919922,139.579345703125,3261323
2021-06-07,115.53902435302734,141.51051330566406,142.1988525390625,140.69789123535156,141.06118774414062,3621984
2021-06-08,116.35859680175781,142.51434326171875,143.5946502685547,141.6061248779297,141.6061248779297,5313785
2021-06-09,117.60750579833984,144.04397583007812,144.4263916015625,142.27532958984375,142.47610473632812,5547252
2021-06-10,117.50603485107422,143.91969299316406,146.11854553222656,143.1739959716797,144.8087921142578,4977391
2021-06-11,118.08367919921875,144.6271514892578,145.17208862304688,143.75717163085938,143.8145294189453,3596462
2021-06-14,117.10795593261719,143.43212890625,144.3881378173828,142.12237548828125,144.08221435546875,3498661
2021-06-15,116.5849838256836,142.7915802001953,143.31739807128906,142.06500244140625,143.26004028320312,2628912
2021-06-16,115.3907241821289,141.32887268066406,143.1739959716797,140.74569702148438,143.1739959716797,4057329
2021-06-17,113.65003967285156,139.1969451904297,141.5487518310547,138.89100646972656,141.06118774414062,4568300
2021-06-18,111.7142333984375,136.8260040283203,138.31739807128906,136.74952697753906,138.12619018554688,9577699
2021-06-21,114.46965026855469,140.2007598876953,140.602294921875,137.72467041015625,137.7724609375,4482633
2021-06-22,114.24327850341797,139.92352294921875,140.35372924804688,138.9579315185547,140.07647705078125,2549102
2021-06-23,112.8772964477539,138.25047302246094,140.05735778808594,138.2122344970703,139.9904327392578,3349920
2021-06-24,113.52515411376953,139.04397583007812,139.76100158691406,138.32696533203125,139.3881378173828,3775746
2021-06-25,114.61795043945312,140.38241577148438,140.46844482421875,138.57553100585938,138.9866180419922,3759533
2021-06-28,113.40809631347656,138.90057373046875,140.82217407226562,138.53729248046875,140.54493713378906,4067789
2021-06-29,113.61103057861328,139.14913940429688,140.28680419921875,138.71893310546875,138.87188720703125,2540211
2021-06-30,114.42281341552734,140.14340209960938,140.46844482421875,138.34608459472656,138.7476043701172,3394375
2021-07-01,114.61795043945312,140.38241577148438,141.0133819580078,140.12428283691406,140.49713134765625,2809661
2021-07-02,109.29450988769531,133.86233520507812,140.48757934570312,133.32696533203125,140.44932556152344,17584515
2021-07-06,108.32661437988281,132.67686462402344,134.24473571777344,131.07073974609375,133.83364868164062,8466010
2021-07-07,109.13839721679688,133.67112731933594,134.15870666503906,132.65774536132812,132.65774536132812,4246446
2021-07-08,109.85650634765625,134.55067443847656,135.09559631347656,131.6061248779297,131.72084045410156,5739820
2021-07-09,110.46534729003906,135.29637145996094,135.73614501953125,134.64627075195312,135.2294464111328,4083689
2021-07-12,109.99700927734375,134.72274780273438,135.71701049804688,133.9579315185547,135.2103271484375,3496360
2021-07-13,109.49745178222656,134.11090087890625,134.72274780273438,133.48948669433594,134.72274780273438,3309858
2021-07-14,109.13839721679688,133.67112731933594,134.5602264404297,132.8202667236328,134.53155517578125,4606061
2021-07-15,109.6301498413086,134.27342224121094,134.28298950195312,132.69598388671875,133.193115234375,3807126
2021-07-16,108.42027282714844,132.7915802001953,134.7992401123047,132.49522399902344,134.7992401123047,4298328
2021-07-19,107.65533447265625,131.8546905517578,132.3996124267578,130.21987915039062,130.44932556152344,8977086
2021-07-20,109.2554702758789,133.8145294189453,138.54684448242188,132.6003875732422,136.71128845214844,14237838
2021-07-21,110.29364776611328,135.08604431152344,135.17208862304688,133.50860595703125,133.8145294189453,5024984
2021-07-22,109.83308410644531,134.52198791503906,135.5736083984375,134.2351837158203,135.43020629882812,3466653
2021-07-23,110.32487487792969,135.12428283691406,135.46844482421875,134.15870666503906,134.76100158691406,4680013
2021-07-26,111.4410629272461,136.49139404296875,136.71128845214844,134.92352294921875,135.17208862304688,4441630
2021-07-27,111.4254379272461,136.47227478027344,137.32313537597656,135.3728485107422,136.26194763183594,3281302
2021-07-28,110.6604995727539,135.53536987304688,136.806884765625,135.4110870361328,136.72084045410156,2660815
2021-07-29,110.78536987304688,135.68833923339844,136.67303466796875,135.3728485107422,136.07073974609375,2793761
2021-07-30,110.02822875976562,134.76100158691406,135.6118621826172,134.5984649658203,135.29637145996094,3698238
2021-08-02,110.38729095458984,135.2007598876953,136.76864624023438,134.82791137695312,135.2294464111328,3064257
2021-08-03,112.45579528808594,137.73422241210938,138.33651733398438,135.420654296875,135.65965270996094,4272596
2021-08-04,111.43323516845703,136.48184204101562,137.83938598632812,136.20458984375,137.47610473632812,2960285
2021-08-05,111.4410629272461,136.49139404296875,137.10325622558594,135.965576171875,136.73995971679688,2884240
2021-08-06,112.4714126586914,137.7533416748047,138.04014587402344,136.6061248779297,136.71128845214844,4002833
2021-08-09,111.5239486694336,135.03823852539062,136.2332763671875,134.7705535888672,135.9464569091797,5129689
2021-08-10,111.62660217285156,135.1625213623047,135.5736083984375,134.1682586669922,135.0,5543695
2021-08-11,112.21875762939453,135.87954711914062,136.49139404296875,135.27725219726562,135.54493713378906,4455960
2021-08-12,112.96092987060547,136.7781982421875,136.8546905517578,135.8317413330078,136.0038299560547,2184780
2021-08-13,113.04779815673828,136.88336181640625,137.26577758789062,136.1759033203125,136.3671112060547,1997965
2021-08-16,113.37150573730469,137.27532958984375,137.41873168945312,135.9751434326172,136.93116760253906,2913319
2021-08-17,112.44772338867188,136.1567840576172,136.86424255371094,134.88528442382812,136.71128845214844,3215195
2021-08-18,110.1185302734375,133.33651733398438,135.67877197265625,133.26004028320312,135.4397735595703,3672192
2021-08-19,108.97369384765625,131.95028686523438,133.31739807128906,131.1759033203125,132.5908203125,4351465
2021-08-20,109.83431243896484,132.9923553466797,133.25047302246094,131.2332763671875,131.68260192871094,2780059
2021-08-23,110.23697662353516,133.47991943359375,133.9866180419922,132.69598388671875,133.47991943359375,3179422
2021-08-24,110.41068267822266,133.69024658203125,134.06309509277344,133.193115234375,133.6328887939453,2474418
2021-08-25,110.42648315429688,133.70936584472656,134.6080322265625,133.32696533203125,133.7667236328125,2105389
2021-08-26,109.57376098632812,132.67686462402344,134.6080322265625,132.6099395751953,133.8145294189453,2613640
2021-08-27,110.0711898803711,133.27915954589844,133.4512481689453,132.31358337402344,132.6099395751953,2572637
2021-08-30,109.72377014160156,132.85850524902344,133.72848510742188,132.71510314941406,133.36520385742188,2087293
2021-08-31,110.80545043945312,134.1682586669922,134.7418670654297,132.83938598632812,133.4034423828125,4429915
2021-09-01,109.98432922363281,133.1739959716797,133.91014099121094,133.06883239746094,133.8240966796875,2588327
2021-09-02,110.54490661621094,133.85276794433594,133.89100646972656,132.91586303710938,133.57553100585938,2840413
2021-09-03,110.20541381835938,133.44168090820312,134.29254150390625,133.1739959716797,133.53729248046875,2009575
2021-09-07,109.00529479980469,131.988525390625,133.64244079589844,131.70172119140625,133.50860595703125,3436110
2021-09-08,109.48690032958984,132.5717010498047,132.97323608398438,131.5487518310547,132.06500244140625,3122728
2021-09-09,108.75263214111328,131.68260192871094,132.8489532470703,131.51051330566406,131.7877655029297,3669682
2021-09-10,108.18413543701172,130.9942626953125,133.2409210205078,130.9751434326172,132.71510314941406,4157955
2021-09-13,109.07633972167969,132.07456970214844,132.87762451171875,131.46270751953125,132.31358337402344,4334729
2021-09-14,107.5525131225586,130.2294464111328,132.47610473632812,129.3881378173828,132.31358337402344,4659198
2021-09-15,108.32627868652344,131.16635131835938,131.73995971679688,129.70362854003906,130.2294464111328,3403579
2021-09-16,107.71832275390625,130.43020629882812,131.88336181640625,129.7418670654297,131.24282836914062,2765624
2021-09-17,106.77085876464844,129.28298950195312,129.94264221191406,129.11090087890625,129.78012084960938,5890340
2021-09-20,106.04447937011719,128.4034423828125,129.2351837158203,126.94072723388672,128.011474609375,4990152
2021-09-21,104.9864730834961,127.12236785888672,129.68450927734375,127.09368896484375,129.1682586669922,4261927
2021-09-22,106.297119140625,128.70936584472656,129.4168243408203,127.60037994384766,127.83938598632812,3767901
2021-09-23,107.95518493652344,130.71701049804688,131.37667846679688,129.09178161621094,129.30210876464844,3151807
2021-09-24,108.55522918701172,131.44358825683594,132.3900604248047,130.73614501953125,131.0038299560547,3100762
2021-09-27,109.40007019042969,132.46653747558594,132.95411682128906,131.4340362548828,131.89292907714844,3459017
2021-09-28,108.53943634033203,131.42446899414062,133.54684448242188,131.1759033203125,133.04971313476562,4513072
2021-09-29,109.88956451416016,133.0592803955078,133.7762908935547,130.4397735595703,131.67303466796875,3947499
2021-09-30,109.69219207763672,132.8202667236328,134.3881378173828,132.4091796875,133.8432159423828,6090230
2021-10-01,113.15834045410156,137.0172119140625,137.6386260986328,134.1969451904297,134.7992401123047,6907889
2021-10-04,113.78205108642578,137.7724609375,139.579345703125,136.08985900878906,136.46270751953125,7689251
2021-10-05,113.02408599853516,136.8546905517578,138.62332153320312,136.3671112060547,138.3843231201172,7297524
2021-10-06,112.40034484863281,136.09942626953125,137.06500244140625,134.69407653808594,136.21414184570312,5573506
2021-10-07,111.96607208251953,135.5736083984375,137.09368896484375,135.30592346191406,136.45315551757812,3999695
2021-10-08,113.07935333251953,136.92160034179688,137.33270263671875,134.84703063964844,135.5736083984375,3902940
2021-10-11,112.45560455322266,136.16635131835938,137.74378967285156,136.13766479492188,137.18930053710938,2921792
2021-10-12,110.9081039428711,134.29254150390625,136.0420684814453,134.13002014160156,135.95602416992188,3293436
2021-10-13,111.13706970214844,134.56979370117188,135.1912078857422,133.51815795898438,134.34034729003906,3013003
2021-10-14,113.21358489990234,137.08413696289062,137.5908203125,134.8087921142578,134.8374786376953,4410668
2021-10-15,114.17684173583984,138.25047302246094,138.47991943359375,136.51051330566406,137.08413696289062,3371049
2021-10-18,112.36875915527344,136.06118774414062,138.5659637451172,135.52581787109375,137.66729736328125,6437189
2021-10-19,112.10031127929688,135.73614501953125,136.65391540527344,134.34034729003906,134.87571716308594,4539117
2021-10-20,112.03713989257812,135.65965270996094,135.9464569091797,134.51242065429688,135.44932556152344,6474008
2021-10-21,101.32295227050781,122.6864242553711,127.83938598632812,122.46653747558594,127.63862609863281,32913959
2021-10-22,100.9676513671875,122.25621032714844,124.52198791503906,121.04206848144531,122.41873931884766,12114981
2021-10-25,100.7781753540039,122.02677154541016,122.99235534667969,121.35755157470703,121.9216079711914,6667204
2021-10-26,100.37550354003906,121.53919982910156,122.65774536132812,121.18547058105469,121.91204833984375,8912861
2021-10-27,98.82797241210938,119.66539001464844,122.25621032714844,119.5124282836914,121.83556365966797,7294176
2021-10-28,99.35697174072266,120.30592346191406,120.75525665283203,119.13957977294922,119.66539001464844,6802138
2021-10-29,98.772705078125,119.59847259521484,120.76481628417969,119.41682434082031,119.91395568847656,6188973
2021-11-01,99.70438385009766,120.72657775878906,120.75525665283203,118.39388275146484,119.55066680908203,6177153
2021-11-02,99.62541961669922,120.63097381591797,121.57743835449219,119.41682434082031,120.74569702148438,4722062
2021-11-03,100.37550354003906,121.53919982910156,121.6921615600586,120.15296173095703,120.67877960205078,5670784
2021-11-04,99.80632781982422,120.8499984741211,123.33999633789062,119.9000015258789,123.05000305175781,7208700
2021-11-05,102.0857162475586,123.61000061035156,123.7699966430664,121.43000030517578,121.43000030517578,6790500
2021-11-08,102.8537826538086,124.54000091552734,124.77999877929688,123.52999877929688,123.98999786376953,5625300
2021-11-09,101.13814544677734,120.8499984741211,122.9000015258789,120.26000213623047,122.55999755859375,7236600
2021-11-10,100.61089324951172,120.22000122070312,122.43000030517578,119.93000030517578,121.0,6270300
2021-11-11,100.65276336669922,120.2699966430664,121.79000091552734,120.08000183105469,120.9000015258789,4643300
2021-11-12,99.55641174316406,118.95999908447266,120.63999938964844,118.77999877929688,120.0,5418300
2021-11-15,99.4811019897461,118.87000274658203,120.16000366210938,118.30999755859375,119.54000091552734,5046300
2021-11-16,99.13799285888672,118.45999908447266,119.9000015258789,118.41999816894531,118.91999816894531,4750800
2021-11-17,98.80323028564453,118.05999755859375,119.33000183105469,117.77999877929688,118.37999725341797,4043300
2021-11-18,97.63157653808594,116.66000366210938,118.36000061035156,116.30999755859375,118.36000061035156,5046900
2021-11-19,97.12107849121094,116.05000305175781,116.55999755859375,115.2699966430664,116.48999786376953,5380200
2021-11-22,97.47257232666016,116.47000122070312,118.80999755859375,115.19000244140625,116.0,6416200
2021-11-23,97.74038696289062,116.79000091552734,117.94000244140625,116.04000091552734,116.79000091552734,4912800
2021-11-24,97.6901626586914,116.7300033569336,117.2699966430664,116.08000183105469,116.16000366210938,3220800
2021-11-26,96.92021179199219,115.80999755859375,116.33999633789062,114.55999755859375,115.0,3322000
2021-11-29,99.17145538330078,118.5,119.61000061035156,117.52999877929688,118.62000274658203,8949800
2021-11-30,97.99980163574219,117.0999984741211,119.23999786376953,116.44999694824219,117.5,9252700
2021-12-01,97.84916687011719,116.91999816894531,118.93000030517578,116.8499984741211,118.25,5958300
2021-12-02,97.83243560791016,116.9000015258789,117.9800033569336,116.55999755859375,117.37000274658203,5267100
2021-12-03,99.45600128173828,118.83999633789062,119.36000061035156,117.36000061035156,117.36000061035156,6630100
2021-12-06,100.35147094726562,119.91000366210938,121.1500015258789,119.4000015258789,119.4000015258789,4785600
2021-12-07,101.74908447265625,121.58000183105469,122.08000183105469,120.06999969482422,120.4800033569336,5194000
2021-12-08,102.95417785644531,123.0199966430664,123.37999725341797,121.5199966430664,122.0,5483900
2021-12-09,103.41448211669922,123.56999969482422,123.94999694824219,121.79000091552734,122.1500015258789,4601100
2021-12-10,103.84966278076172,124.08999633789062,125.33000183105469,123.36000061035156,124.30000305175781,4966900
2021-12-13,102.58597564697266,122.58000183105469,124.36000061035156,120.79000091552734,123.76000213623047,6847500
2021-12-14,103.57349395751953,123.76000213623047,125.02999877929688,122.30000305175781,122.3499984741211,5716100
2021-12-15,103.02950286865234,123.11000061035156,124.81999969482422,122.18000030517578,123.80000305175781,4990000
2021-12-16,105.38955688476562,125.93000030517578,126.63999938964844,123.4800033569336,123.51000213623047,7280500
2021-12-17,106.61978912353516,127.4000015258789,128.63999938964844,125.20999908447266,125.87000274658203,10379000
2021-12-20,106.3352279663086,127.05999755859375,127.19999694824219,124.69999694824219,125.72000122070312,4941400
2021-12-21,107.93368530273438,128.97000122070312,129.33999633789062,127.66000366210938,127.66000366210938,4856000
2021-12-22,108.58645629882812,129.75,129.7899932861328,127.5999984741211,129.05999755859375,3923200
2021-12-23,109.32294464111328,130.6300048828125,130.9600067138672,129.52000427246094,130.0,3649000
2021-12-27,110.15145874023438,131.6199951171875,131.64999389648438,129.9499969482422,130.6300048828125,4293900
2021-12-28,110.99671173095703,132.6300048828125,133.22000122070312,131.58999633789062,131.60000610351562,3445200
2021-12-29,111.59925842285156,133.35000610351562,134.2100067138672,132.3000030517578,132.39999389648438,4239900
2021-12-30,112.06794738769531,133.91000366210938,134.3699951171875,133.3300018310547,133.75,3158100
2021-12-31,111.85870361328125,133.66000366210938,134.99000549316406,133.61000061035156,134.0,3362100
2022-01-03,113.85050964355469,136.0399932861328,136.2899932861328,133.6300048828125,134.07000732421875,4605900
2022-01-04,115.5075454711914,138.02000427246094,139.9499969482422,135.89999389648438,136.10000610351562,7300000
2022-01-05,115.67493438720703,138.22000122070312,142.1999969482422,137.8800048828125,138.30999755859375,8956900
2022-01-06,113.2646713256836,135.33999633789062,138.41000366210938,132.50999450683594,138.1999969482422,9908100
2022-01-07,112.83789825439453,134.8300018310547,135.66000366210938,133.50999450683594,134.89999389648438,5238100
2022-01-10,113.0052490234375,135.02999877929688,136.1999969482422,133.3800048828125,134.47000122070312,5432800
2022-01-11,111.19757080078125,132.8699951171875,133.25,127.97000122070312,130.52000427246094,11105300
2022-01-12,111.80010986328125,133.58999633789062,134.47000122070312,131.3699951171875,133.25,5352000
2022-01-13,112.779296875,134.75999450683594,136.0500030517578,133.55999755859375,133.89999389648438,4868300
2022-01-14,112.31900024414062,134.2100067138672,135.13999938964844,133.3000030517578,134.5500030517578,5310300
2022-01-18,111.25616455078125,132.94000244140625,133.88999938964844,131.77999877929688,132.9499969482422,5246700
2022-01-19,110.11795806884766,131.5800018310547,133.89999389648438,131.5,132.89999389648438,4103700
2022-01-20,109.48196411132812,130.82000732421875,132.8800048828125,130.57000732421875,131.25999450683594,5278200
2022-01-21,108.25172424316406,129.35000610351562,131.8699951171875,129.27000427246094,131.64999389648438,5907000
2022-01-24,107.80815124511719,128.82000732421875,129.14999389648438,124.19000244140625,127.98999786376953,13484000
2022-01-25,113.90070343017578,136.10000610351562,137.33999633789062,128.3000030517578,129.13999938964844,19715700
2022-01-26,112.36083221435547,134.25999450683594,137.07000732421875,133.1300048828125,136.47000122070312,8336000
2022-01-27,110.90467834472656,132.52000427246094,134.75,132.0800018310547,133.66000366210938,5497300
2022-01-28,112.56166076660156,134.5,134.52999877929688,131.7899932861328,133.19000244140625,5471500
2022-01-31,111.78338623046875,133.57000732421875,134.08999633789062,132.3000030517578,134.08999633789062,5859000
2022-02-01,113.42369079589844,135.52999877929688,135.9600067138672,132.5,133.75999450683594,6206400
2022-02-02,114.86314392089844,137.25,137.55999755859375,135.25999450683594,135.6999969482422,5357200
2022-02-03,115.30670928955078,137.77999877929688,138.75999450683594,135.8300018310547,137.0,6100800
2022-02-04,114.77944946289062,137.14999389648438,138.82000732421875,136.22000122070312,137.86000061035156,4142000
2022-02-07,114.85478210449219,137.24000549316406,137.82000732421875,136.27000427246094,137.4499969482422,3759000
2022-02-08,114.67064666748047,137.02000427246094,137.52000427246094,135.77999877929688,137.22999572753906,4181800
2022-02-09,115.3150634765625,137.7899932861328,138.35000610351562,136.8300018310547,137.83999633789062,5393500
2022-02-10,113.08751678466797,133.52000427246094,136.55999755859375,133.1699981689453,135.47000122070312,5978600
2022-02-11,112.38455200195312,132.69000244140625,134.7100067138672,132.3800048828125,133.89999389648438,4176200
2022-02-14,110.23323059082031,130.14999389648438,132.64999389648438,129.07000732421875,132.58999633789062,5345300
2022-02-15,110.05537414550781,129.94000244140625,131.67999267578125,129.61000061035156,130.63999938964844,4394000
2022-02-16,109.41167449951172,129.17999267578125,130.44000244140625,128.25999450683594,129.4499969482422,4875600
2022-02-17,105.8459243774414,124.97000122070312,128.5,124.8499984741211,128.0500030517578,6797000
2022-02-18,105.32079315185547,124.3499984741211,125.44000244140625,123.61000061035156,124.94000244140625,4609200
2022-02-22,104.95659637451172,123.91999816894531,125.0,122.68000030517578,124.19999694824219,5349700
2022-02-23,103.38973236083984,122.06999969482422,124.69999694824219,121.87000274658203,124.37999725341797,4086400
2022-02-24,103.30501556396484,121.97000122070312,122.0999984741211,118.80999755859375,120.0,6563200
2022-02-25,105.17682647705078,124.18000030517578,124.26000213623047,121.44999694824219,122.05000305175781,4460900
2022-02-28,103.76238250732422,122.51000213623047,123.38999938964844,121.04000091552734,122.20999908447266,6757300
2022-03-01,102.77989196777344,121.3499984741211,123.38999938964844,120.69999694824219,122.66999816894531,4873300
2022-03-02,104.9057846069336,123.86000061035156,124.63999938964844,121.80000305175781,122.58999633789062,4891400
2022-03-03,106.65901947021484,125.93000030517578,126.66999816894531,124.23999786376953,124.95999908447266,5206600
2022-03-04,107.24343872070312,126.62000274658203,127.3499984741211,124.20999908447266,124.4000015258789,4402400
2022-03-07,106.77757263183594,126.06999969482422,127.91000366210938,125.62000274658203,126.47000122070312,5047400
2022-03-08,106.44728088378906,125.68000030517578,128.35000610351562,124.81999969482422,126.62000274658203,4887600
2022-03-09,106.90464782714844,126.22000122070312,128.10000610351562,125.91000366210938,127.41000366210938,4403500
2022-03-10,105.32079315185547,124.3499984741211,126.02999877929688,123.12999725341797,125.75,5326800
2022-03-11,104.990478515625,123.95999908447266,126.7699966430664,123.91000366210938,125.0,4119600
2022-03-14,104.97354888916016,123.94000244140625,125.16000366210938,122.69000244140625,124.44999694824219,3289200
2022-03-15,106.41340637207031,125.63999938964844,125.94000244140625,123.22000122070312,124.0,4021200
2022-03-16,107.59915924072266,127.04000091552734,127.27999877929688,124.70999908447266,126.5,4292800
2022-03-17,108.37837219238281,127.95999908447266,128.2899932861328,126.52999877929688,127.0999984741211,3671900
2022-03-18,109.0559310913086,128.75999450683594,128.92999267578125,126.37000274658203,127.37999725341797,7466000
2022-03-21,108.4969482421875,128.10000610351562,129.74000549316406,127.4000015258789,129.0,3384600
2022-03-22,109.31005096435547,129.05999755859375,129.3000030517578,127.8499984741211,128.5,2690200
2022-03-23,108.66634368896484,128.3000030517578,129.32000732421875,128.25,129.0800018310547,2924500
2022-03-24,109.470947265625,129.25,129.3699951171875,127.80000305175781,128.3300018310547,2971100
2022-03-25,111.24962615966797,131.35000610351562,131.39999389648438,129.30999755859375,129.5,3530200
2022-03-28,111.35123443603516,131.47000122070312,131.5,129.60000610351562,130.82000732421875,2483500
2022-03-29,111.74929809570312,131.94000244140625,132.83999633789062,130.42999267578125,132.0399932861328,5791000
2022-03-30,111.91024780273438,132.1300048828125,133.0800018310547,131.38999938964844,132.00999450683594,2622900
2022-03-31,110.12311553955078,130.02000427246094,131.8800048828125,130.0,130.72000122070312,4274000
2022-04-01,110.23323059082031,130.14999389648438,130.27000427246094,128.05999755859375,129.66000366210938,4012400
2022-04-04,110.3348617553711,130.27000427246094,130.4499969482422,128.92999267578125,130.25999450683594,2809800
2022-04-05,109.16605377197266,128.88999938964844,131.22999572753906,128.66000366210938,129.85000610351562,3107200
2022-04-06,109.58952331542969,129.38999938964844,129.50999450683594,127.25,127.77999877929688,3958100
2022-04-07,108.8780746459961,128.5500030517578,129.25,126.7300033569336,128.8699951171875,3538300
2022-04-08,108.1835708618164,127.7300033569336,128.77999877929688,127.2699966430664,128.00999450683594,3143300
2022-04-11,107.03168487548828,126.37000274658203,128.17999267578125,126.18000030517578,127.94999694824219,3202500
2022-04-12,106.70137786865234,125.9800033569336,127.33999633789062,125.58000183105469,126.41999816894531,2691000
2022-04-13,106.83688354492188,126.13999938964844,126.66999816894531,124.91000366210938,125.63999938964844,3064900
2022-04-14,107.19259643554688,126.55999755859375,130.5800018310547,126.37999725341797,128.92999267578125,6384200
2022-04-18,106.86228942871094,126.16999816894531,127.38999938964844,125.52999877929688,126.5999984741211,4884200
2022-04-19,109.38626861572266,129.14999389648438,129.39999389648438,126.0,126.08000183105469,7971400
2022-04-20,117.15298461914062,138.32000732421875,139.55999755859375,133.3800048828125,135.0,17859200
2022-04-21,118.44886779785156,139.85000610351562,141.8800048828125,137.35000610351562,138.22999572753906,9922300
2022-04-22,117.09371185302734,138.25,140.44000244140625,137.35000610351562,139.6999969482422,6508600
2022-04-25,117.81364440917969,139.10000610351562,139.64999389648438,135.19000244140625,137.58999633789062,5748300
2022-04-26,115.34894561767578,136.19000244140625,139.8699951171875,136.1699981689453,139.0,4956200
2022-04-27,114.39183807373047,135.05999755859375,137.1199951171875,134.6300048828125,135.77999877929688,4369100
2022-04-28,114.96781158447266,135.74000549316406,136.99000549316406,134.80999755859375,136.85000610351562,4474300
2022-04-29,111.97801208496094,132.2100067138672,135.5500030517578,132.0,135.1300048828125,5078700
2022-05-02,112.68096923828125,133.0399932861328,133.77000427246094,130.88999938964844,133.0,4213500
2022-05-03,112.24058532714844,132.52000427246094,133.60000610351562,131.99000549316406,133.0,3688600
2022-05-04,116.37374114990234,137.39999389648438,137.8699951171875,132.13999938964844,132.8699951171875,5932600
2022-05-05,115.12025451660156,135.9199981689453,137.25999450683594,134.75999450683594,136.4600067138672,5957400
2022-05-06,116.60245513916016,137.6699981689453,137.99000549316406,135.47000122070312,135.47000122070312,7306400
2022-05-09,115.24801635742188,134.44000244140625,136.35000610351562,133.32000732421875,134.41000366210938,7647900
2022-05-10,110.696044921875,129.1300048828125,135.41000366210938,128.42999267578125,135.0,8642400
2022-05-11,112.08477783203125,130.75,132.9600067138672,129.86000061035156,129.86000061035156,5301100
2022-05-12,113.9278335571289,132.89999389648438,133.6199951171875,130.41000366210938,131.27000427246094,5384800
2022-05-13,114.5279312133789,133.60000610351562,133.8000030517578,131.0500030517578,133.0,4195100
2022-05-16,115.75379180908203,135.02999877929688,136.50999450683594,132.41000366210938,133.10000610351562,4250400
2022-05-17,118.61695098876953,138.3699951171875,138.3699951171875,135.63999938964844,137.19000244140625,4372900
2022-05-18,113.96215057373047,132.94000244140625,137.6199951171875,132.1699981689453,137.10000610351562,6003000
2022-05-19,111.15037536621094,129.66000366210938,132.32000732421875,128.7100067138672,132.0,5819700
2022-05-20,110.1388168334961,128.47999572753906,130.3699951171875,125.80000305175781,130.17999267578125,6914500
2022-05-23,112.44483184814453,131.1699981689453,131.9499969482422,129.4199981689453,129.5,3591500
2022-05-24,114.6993637084961,133.8000030517578,134.3699951171875,130.4199981689453,130.57000732421875,4189700
2022-05-25,115.20515441894531,134.38999938964844,134.82000732421875,132.86000061035156,132.86000061035156,3299300
2022-05-26,117.34825897216797,136.88999938964844,137.5500030517578,134.52000427246094,135.0,3929300
2022-05-27,119.38850402832031,139.27000427246094,139.74000549316406,137.24000549316406,137.38999938964844,4608000
2022-05-31,119.0198974609375,138.83999633789062,139.8300018310547,136.80999755859375,138.1999969482422,7978100
2022-06-01,119.52565002441406,139.42999267578125,140.47000122070312,138.52000427246094,139.6699981689453,3796500
2022-06-02,120.14286041259766,140.14999389648438,140.2899932861328,136.85000610351562,139.4499969482422,3734800
2022-06-03,121.02584838867188,141.17999267578125,142.5800018310547,139.74000549316406,140.25999450683594,4352200
2022-06-06,122.48316955566406,142.8800048828125,144.72999572753906,142.0,142.97999572753906,4766900
2022-06-07,122.39742279052734,142.77999877929688,142.97999572753906,140.9600067138672,142.60000610351562,2887100
2022-06-08,120.72579193115234,140.8300018310547,142.8000030517578,140.14999389648438,142.07000732421875,3005700
2022-06-09,118.26553344726562,137.9600067138672,141.0399932861328,137.92999267578125,140.14999389648438,3591000
2022-06-10,116.74819946289062,136.19000244140625,137.8000030517578,135.25,137.8000030517578,4659500
2022-06-13,115.82237243652344,135.11000061035156,137.57000732421875,133.75999450683594,133.97000122070312,6486000
2022-06-14,116.34529113769531,135.72000122070312,136.9499969482422,134.86000061035156,135.0,4607800
2022-06-15,117.49398040771484,137.05999755859375,138.4499969482422,135.5800018310547,136.00999450683594,4606900
2022-06-16,116.30242156982422,135.6699981689453,136.24000549316406,134.38999938964844,135.3000030517578,5386400
2022-06-17,115.74520111083984,135.02000427246094,136.97999572753906,132.85000610351562,135.99000549316406,12968500
2022-06-21,118.1712417602539,137.85000610351562,138.5,135.89999389648438,135.89999389648438,4089300
2022-06-22,117.51115417480469,137.0800018310547,138.17999267578125,136.02999877929688,136.10000610351562,3791500
2022-06-23,118.67699432373047,138.44000244140625,138.6199951171875,136.5,137.13999938964844,4547900
2022-06-24,121.78018951416016,142.05999755859375,142.3699951171875,139.1300048828125,139.1999969482422,11493000
2022-06-27,122.41458129882812,142.8000030517578,143.8300018310547,141.9499969482422,142.25999450683594,3936000
2022-06-28,121.60874938964844,141.86000061035156,144.16000366210938,141.32000732421875,142.9199981689453,4064800
2022-06-29,120.62294006347656,140.7100067138672,143.52000427246094,139.5,142.74000549316406,4161500
2022-06-30,121.03439331054688,141.19000244140625,142.4600067138672,139.27999877929688,139.5800018310547,4878000
2022-07-01,120.97439575195312,141.1199951171875,141.6699981689453,139.25999450683594,141.0,4011900
2022-07-05,117.97405242919922,137.6199951171875,139.97000122070312,135.27000427246094,139.97000122070312,6273400
2022-07-06,118.36837768554688,138.0800018310547,139.13999938964844,137.1300048828125,138.0,3237000
2022-07-07,120.72579193115234,140.8300018310547,141.32000732421875,138.8300018310547,138.91000366210938,3897100
2022-07-08,120.41719055175781,140.47000122070312,141.32000732421875,139.82000732421875,140.75999450683594,2820800
2022-07-11,120.87154388427734,141.0,141.8699951171875,140.1300048828125,140.6199951171875,3904700
2022-07-12,119.31132507324219,139.17999267578125,141.5500030517578,138.57000732421875,140.83999633789062,3235400
2022-07-13,117.59687042236328,137.17999267578125,138.89999389648438,136.8000030517578,137.17999267578125,4123200
2022-07-14,119.20848083496094,139.05999755859375,139.42999267578125,135.02000427246094,135.60000610351562,5298400
2022-07-15,119.94571685791016,139.9199981689453,140.67999267578125,138.61000061035156,140.67999267578125,4519300
2022-07-18,118.41123962402344,138.1300048828125,140.30999755859375,137.77999877929688,140.14999389648438,8231700
2022-07-19,112.19621276855469,130.8800048828125,132.55999755859375,127.72000122070312,131.5800018310547,29690500
2022-07-20,110.73890686035156,129.17999267578125,130.72000122070312,128.05999755859375,130.6999969482422,9882000
2022-07-21,108.99869537353516,127.1500015258789,128.80999755859375,125.12999725341797,128.75,11975400
2022-07-22,109.9416732788086,128.25,128.32000732421875,125.70999908447266,127.02999877929688,6467200
2022-07-25,110.19026947021484,128.5399932861328,129.1300048828125,127.9000015258789,128.44000244140625,4702400
2022-07-26,109.79594421386719,128.0800018310547,129.3000030517578,127.62999725341797,128.25999450683594,3645300
2022-07-27,110.68746185302734,129.1199951171875,129.42999267578125,127.58000183105469,127.97000122070312,4175600
2022-07-28,110.77318572998047,129.22000122070312,129.80999755859375,128.61000061035156,128.75,3913700
2022-07-29,112.11904907226562,130.7899932861328,131.0,129.30999755859375,129.52000427246094,5786800
2022-08-01,113.19062042236328,132.0399932861328,132.6999969482422,130.6999969482422,130.75,4142100
2022-08-02,112.99346923828125,131.80999755859375,132.77999877929688,130.50999450683594,132.1999969482422,4403600
2022-08-03,113.44779968261719,132.33999633789062,132.86000061035156,131.32000732421875,131.82000732421875,3088500
2022-08-04,112.84770965576172,131.63999938964844,132.2899932861328,131.02000427246094,132.14999389648438,3179800
2022-08-05,113.56781768798828,132.47999572753906,132.6699981689453,131.07000732421875,131.25,2586500
2022-08-08,113.6792221069336,132.61000061035156,133.35000610351562,132.02000427246094,133.10000610351562,3821200
2022-08-09,112.38587188720703,129.47000122070312,130.7899932861328,129.1199951171875,129.9199981689453,3496000
2022-08-10,114.14799499511719,131.5,131.77999877929688,130.33999633789062,130.75,3664000
2022-08-11,115.0507583618164,132.5399932861328,133.22999572753906,132.0,132.36000061035156,3501900
2022-08-12,116.32678985595703,134.00999450683594,134.08999633789062,131.97999572753906,132.6199951171875,2766900
2022-08-15,117.12540435791016,134.92999267578125,135.19000244140625,132.24000549316406,132.9600067138672,2791200
2022-08-16,118.54031372070312,136.55999755859375,137.3699951171875,134.4499969482422,134.60000610351562,4313600
2022-08-17,119.60799407958984,137.7899932861328,138.4199981689453,136.3000030517578,136.4600067138672,3667600
2022-08-18,120.7191162109375,139.07000732421875,139.1199951171875,137.75,137.7899932861328,3177700
2022-08-19,120.11143493652344,138.3699951171875,139.33999633789062,137.66000366210938,138.75,3155800
2022-08-22,117.66360473632812,135.5500030517578,137.85000610351562,135.47000122070312,137.64999389648438,3093600
2022-08-23,116.96048736572266,134.74000549316406,136.10000610351562,134.72000122070312,135.3699951171875,4141800
2022-08-24,115.64971160888672,133.22999572753906,135.11000061035156,133.11000061035156,134.88999938964844,2855400
2022-08-25,116.30075073242188,133.97999572753906,134.42999267578125,133.07000732421875,133.64999389648438,2706000
2022-08-26,113.1758041381836,130.3800048828125,134.17999267578125,130.33999633789062,134.10000610351562,4185300
2022-08-29,113.11503601074219,130.30999755859375,131.4199981689453,129.57000732421875,129.99000549316406,2783000
2022-08-30,112.48133850097656,129.5800018310547,130.77000427246094,129.2899932861328,130.55999755859375,2407900
2022-08-31,111.50045776367188,128.4499969482422,130.0,128.39999389648438,129.9199981689453,3490400
2022-09-01,112.55079650878906,129.66000366210938,129.82000732421875,127.73999786376953,128.39999389648438,3396200
2022-09-02,110.92754364013672,127.79000091552734,130.55999755859375,127.23999786376953,130.3000030517578,3040600
2022-09-06,109.99874877929688,126.72000122070312,128.05999755859375,126.30000305175781,127.80000305175781,3347100
2022-09-07,110.85810089111328,127.70999908447266,127.87000274658203,126.27999877929688,126.69000244140625,2401500
2022-09-08,111.51782989501953,128.47000122070312,128.5399932861328,126.58999633789062,127.19999694824219,2964600
2022-09-09,112.1427993774414,129.19000244140625,129.49000549316406,128.05999755859375,128.89999389648438,3291900
2022-09-12,113.4188461303711,130.66000366210938,130.99000549316406,129.88999938964844,130.3300018310547,3741100
2022-09-13,110.45879364013672,127.25,129.91000366210938,126.7699966430664,129.13999938964844,4565600
2022-09-14,110.84075927734375,127.69000244140625,129.0,126.8499984741211,127.5,3819100
2022-09-15,108.93104553222656,125.48999786376953,127.47000122070312,124.9000015258789,127.38999938964844,5141700
2022-09-16,110.47615814208984,127.2699966430664,127.52999877929688,123.83000183105469,124.36000061035156,9839700
2022-09-19,110.87547302246094,127.7300033569336,128.05999755859375,126.27999877929688,126.48999786376953,3981600
2022-09-20,109.6341552734375,126.30000305175781,126.98999786376953,125.5199966430664,126.9000015258789,2837500
2022-09-21,108.44493103027344,124.93000030517578,127.83999633789062,124.91999816894531,126.88999938964844,3389500
2022-09-22,108.77478790283203,125.30999755859375,126.51000213623047,124.41000366210938,124.76000213623047,4046600
2022-09-23,106.51788330078125,122.70999908447266,125.0,121.73999786376953,124.52999877929688,5195600
2022-09-26,105.91024780273438,122.01000213623047,124.26000213623047,121.75,122.30000305175781,3987800
2022-09-27,105.67587280273438,121.73999786376953,123.94999694824219,121.08000183105469,122.5999984741211,4117200
2022-09-28,106.561279296875,122.76000213623047,123.2300033569336,119.80999755859375,121.6500015258789,4996400
2022-09-29,105.58036804199219,121.62999725341797,122.62000274658203,120.56999969482422,121.8499984741211,3817700
2022-09-30,103.13249969482422,118.80999755859375,122.43000030517578,118.61000061035156,121.66000366210938,5346100
2022-10-03,105.47622680664062,121.51000213623047,122.20999908447266,119.5999984741211,120.16000366210938,4261700
2022-10-04,108.93973541259766,125.5,125.6500015258789,122.5199966430664,122.80000305175781,4566100
2022-10-05,109.14805603027344,125.73999786376953,126.45999908447266,124.2300033569336,124.70999908447266,3212900
2022-10-06,106.1011962890625,122.2300033569336,125.30000305175781,121.7699966430664,124.87999725341797,5074600
2022-10-07,103.14118194580078,118.81999969482422,121.80000305175781,118.06999969482422,121.5,4499700
2022-10-10,102.21237182617188,117.75,119.95999908447266,117.04000091552734,119.79000091552734,5990000
2022-10-11,102.25577545166016,117.80000305175781,119.2300033569336,116.94000244140625,117.45999908447266,4043100
2022-10-12,102.05610656738281,117.56999969482422,118.80999755859375,117.19999694824219,118.0,3338800
2022-10-13,105.71927642822266,121.79000091552734,122.1500015258789,115.55000305175781,116.0999984741211,5837500
2022-10-14,104.20018005371094,120.04000091552734,122.54000091552734,119.83999633789062,121.80000305175781,3762400
2022-10-17,105.48490905761719,121.5199966430664,122.87999725341797,121.43000030517578,121.80000305175781,5458600
2022-10-18,106.71753692626953,122.94000244140625,123.94000244140625,121.81999969482422,123.0,5120300
2022-10-19,106.34427642822266,122.51000213623047,123.94000244140625,121.98999786376953,122.36000061035156,5906600
2022-10-20,111.37024688720703,128.3000030517578,128.9600067138672,125.1500015258789,126.25,13623100
2022-10-21,112.75911712646484,129.89999389648438,130.85000610351562,127.58999633789062,128.38999938964844,7201300
2022-10-24,115.18098449707031,132.69000244140625,133.11000061035156,129.85000610351562,130.89999389648438,5610900
2022-10-25,115.38928985595703,132.92999267578125,133.3000030517578,131.3000030517578,132.0,5957600
2022-10-26,117.1948471069336,135.00999450683594,135.86000061035156,132.80999755859375,133.72000122070312,5139000
2022-10-27,116.98648834228516,134.77000427246094,136.39999389648438,134.4499969482422,135.5500030517578,3993200
2022-10-28,120.23298645019531,138.50999450683594,138.86000061035156,135.22000122070312,135.55999755859375,5965500
2022-10-31,120.04200744628906,138.2899932861328,138.77000427246094,136.60000610351562,138.05999755859375,4915300
2022-11-01,119.96390533447266,138.1999969482422,138.64999389648438,136.6999969482422,138.25,3590600
2022-11-02,118.77467346191406,136.8300018310547,140.1699981689453,136.8000030517578,137.75,5360500
2022-11-03,116.72610473632812,134.47000122070312,136.47999572753906,133.97000122070312,136.4199981689453,4442400
2022-11-04,118.88753509521484,136.9600067138672,137.72999572753906,134.94000244140625,135.64999389648438,4178000
2022-11-07,120.0854263305664,138.33999633789062,138.6999969482422,136.50999450683594,136.63999938964844,4043100
2022-11-08,121.56108856201172,140.0399932861328,140.92999267578125,138.72000122070312,139.0,5042800
2022-11-09,120.68270111083984,137.38999938964844,138.89999389648438,136.94000244140625,137.9499969482422,4720000
2022-11-10,124.0557632446289,141.22999572753906,141.3699951171875,138.2899932861328,140.25999450683594,5389000
2022-11-11,125.75981903076172,143.1699981689453,144.1300048828125,140.9600067138672,141.5,5871300
2022-11-14,126.66456604003906,144.1999969482422,146.0800018310547,142.17999267578125,142.6300048828125,5293500
2022-11-15,126.78756713867188,144.33999633789062,146.16000366210938,142.0,144.0800018310547,4727100
2022-11-16,126.94566345214844,144.52000427246094,144.9499969482422,144.00999450683594,144.1300048828125,3445200
2022-11-17,128.32473754882812,146.08999633789062,146.17999267578125,143.25,143.41000366210938,3954000
2022-11-18,129.68626403808594,147.63999938964844,148.30999755859375,145.94000244140625,146.55999755859375,4661700
2022-11-21,128.84300231933594,146.67999267578125,147.92999267578125,146.4499969482422,147.5500030517578,3476200
2022-11-22,130.96871948242188,149.10000610351562,149.35000610351562,147.02000427246094,147.60000610351562,7062100
2022-11-23,130.66128540039062,148.75,150.4600067138672,148.3000030517578,149.10000610351562,3658200
2022-11-25,130.32749938964844,148.3699951171875,149.49000549316406,148.10000610351562,148.27000427246094,2075200
2022-11-28,128.40379333496094,146.17999267578125,148.24000549316406,145.94000244140625,147.97999572753906,3538100
2022-11-29,128.6761016845703,146.49000549316406,147.1699981689453,145.6999969482422,145.91000366210938,2754700
2022-11-30,130.7930145263672,148.89999389648438,149.63999938964844,145.6699981689453,146.19000244140625,6377600
2022-12-01,131.02142333984375,149.16000366210938,150.00999450683594,147.33999633789062,149.97999572753906,4495900
2022-12-02,130.59103393554688,148.6699981689453,149.16000366210938,147.72999572753906,148.1300048828125,2900000
2022-12-05,129.48422241210938,147.41000366210938,148.92999267578125,146.8000030517578,147.94000244140625,2784600
2022-12-06,129.5633087158203,147.5,147.8000030517578,146.6999969482422,147.3000030517578,2847600
2022-12-07,129.3612518310547,147.27000427246094,148.10000610351562,146.2899932861328,147.3300018310547,3971300
2022-12-08,129.8092498779297,147.77999877929688,149.14999389648438,147.3699951171875,147.89999389648438,2665700
2022-12-09,129.1680145263672,147.0500030517578,148.33999633789062,146.97000122070312,147.39999389648438,3047600
2022-12-12,131.06533813476562,149.2100067138672,149.2100067138672,146.94000244140625,147.82000732421875,4032800
2022-12-13,132.25997924804688,150.57000732421875,153.2100067138672,149.9499969482422,150.3699951171875,8811500
2022-12-14,131.6363067626953,149.86000061035156,151.91000366210938,148.4499969482422,150.47000122070312,4205900
2022-12-15,125.04833984375,142.36000061035156,148.97999572753906,141.5800018310547,148.52000427246094,6687000
2022-12-16,123.11589813232422,140.16000366210938,141.9199981689453,138.97000122070312,141.25,9834400
2022-12-19,121.98271942138672,138.8699951171875,140.44000244140625,137.1999969482422,140.16000366210938,5282900
2022-12-20,124.09967803955078,141.27999877929688,141.42999267578125,138.33999633789062,138.83999633789062,5156500
2022-12-21,124.85509490966797,142.13999938964844,143.08999633789062,140.97999572753906,141.83999633789062,3793700
2022-12-22,123.74832916259766,140.8800048828125,141.44000244140625,138.6199951171875,140.9499969482422,3337100
2022-12-23,124.4246826171875,141.64999389648438,141.86000061035156,139.60000610351562,140.58999633789062,2092500
2022-12-27,125.10106658935547,142.4199981689453,142.72000122070312,141.22999572753906,141.72999572753906,2742400
2022-12-28,122.99291229248047,140.02000427246094,142.80999755859375,139.9499969482422,142.39999389648438,2539500
2022-12-29,123.90643310546875,141.05999755859375,142.25999450683594,140.4499969482422,140.5800018310547,2337200
2022-12-30,123.757080078125,140.88999938964844,140.89999389648438,139.4499969482422,140.5399932861328,2858000
2023-01-03,124.33686065673828,141.5500030517578,141.89999389648438,140.47999572753906,141.10000610351562,3338600
2023-01-04,125.25914764404297,142.60000610351562,143.6199951171875,141.3699951171875,142.07000732421875,3869200
2023-01-05,123.95033264160156,141.11000061035156,142.5,140.00999450683594,142.44000244140625,2866600
2023-01-06,126.22538757324219,143.6999969482422,144.25,141.5800018310547,142.3800048828125,3574000
2023-01-09,126.09364318847656,143.5500030517578,145.47000122070312,143.39999389648438,144.0800018310547,3987700
2023-01-10,127.19163513183594,144.8000030517578,144.85000610351562,142.89999389648438,143.61000061035156,2152100
2023-01-11,127.5956802368164,145.25999450683594,145.52999877929688,143.4499969482422,145.0,3268700
2023-01-12,127.85039520263672,145.5500030517578,146.66000366210938,144.52000427246094,144.8800048828125,2715900
2023-01-13,128.14906311035156,145.88999938964844,146.10000610351562,144.00999450683594,144.05999755859375,2455700
2023-01-17,127.53419494628906,145.19000244140625,147.17999267578125,145.00999450683594,146.4199981689453,2986500
2023-01-18,123.33547973632812,140.41000366210938,144.67999267578125,140.22999572753906,144.39999389648438,6445600
2023-01-19,123.51991271972656,140.6199951171875,142.22999572753906,139.75,140.0,4833900
2023-01-20,124.0293960571289,141.1999969482422,141.86000061035156,140.50999450683594,141.6699981689453,7153300
2023-01-23,124.60912322998047,141.86000061035156,142.99000549316406,141.05999755859375,141.39999389648438,5898400
2023-01-24,124.28411865234375,141.49000549316406,142.75,140.0,141.25,4407600
2023-01-25,123.64288330078125,140.75999450683594,141.02999877929688,139.36000061035156,140.47000122070312,7347500
2023-01-26,118.10023498535156,134.4499969482422,138.27000427246094,132.97999572753906,137.52999877929688,17548500
2023-01-27,118.04753875732422,134.38999938964844,135.49000549316406,133.77000427246094,134.44000244140625,8143100
2023-01-30,118.84688568115234,135.3000030517578,136.11000061035156,133.97999572753906,134.32000732421875,5375700
2023-01-31,118.34618377685547,134.72999572753906,135.64999389648438,133.75999450683594,135.5,7206400
2023-02-01,118.66240692138672,135.08999633789062,135.7899932861328,132.8000030517578,134.49000549316406,5428900
2023-02-02,119.8042984008789,136.38999938964844,136.72000122070312,134.85000610351562,135.9600067138672,6107800
2023-02-03,120.28742218017578,136.94000244140625,136.9499969482422,135.52999877929688,136.35000610351562,3755700
2023-02-06,119.61984252929688,136.17999267578125,136.32000732421875,134.9499969482422,135.8300018310547,4841300
2023-02-07,119.32120513916016,135.83999633789062,136.39999389648438,134.4499969482422,135.6699981689453,3737600
2023-02-08,119.44417572021484,135.97999572753906,136.74000549316406,135.16000366210938,135.7100067138672,4593700
2023-02-09,118.9284439086914,133.75,135.72999572753906,133.33999633789062,134.99000549316406,3918800
2023-02-10,120.57343292236328,135.60000610351562,135.77000427246094,133.5,133.77999877929688,5049600
2023-02-13,122.12952423095703,137.35000610351562,137.38999938964844,135.85000610351562,136.0,4403000
2023-02-14,120.93800354003906,136.00999450683594,137.24000549316406,135.0500030517578,137.0500030517578,3202200
2023-02-15,121.28477478027344,136.39999389648438,136.4499969482422,135.07000732421875,135.1999969482422,2506700
2023-02-16,120.03992462158203,135.0,135.97000122070312,134.58999633789062,135.57000732421875,2965500
2023-02-17,120.05770874023438,135.02000427246094,135.5800018310547,133.88999938964844,134.5,3466200
2023-02-21,117.1145248413086,131.7100067138672,134.38999938964844,131.66000366210938,134.0,4257200
2023-02-22,116.4565200805664,130.97000122070312,131.99000549316406,130.2899932861328,131.89999389648438,3200200
2023-02-23,116.29644012451172,130.7899932861328,131.6999969482422,128.86000061035156,131.5,3725600
2023-02-24,116.10083770751953,130.57000732421875,130.6699981689453,129.22000122070312,129.6199951171875,3015800
2023-02-27,116.0296859741211,130.49000549316406,131.8699951171875,130.1300048828125,131.4199981689453,2761300
2023-02-28,114.97158813476562,129.3000030517578,130.61000061035156,129.13999938964844,130.5500030517578,5143100
2023-03-01,113.98458099365234,128.19000244140625,129.47000122070312,127.73999786376953,128.89999389648438,3760700
2023-03-02,114.642578125,128.92999267578125,129.22000122070312,127.70999908447266,128.38999938964844,3340100
2023-03-03,115.27389526367188,129.63999938964844,129.91000366210938,128.77000427246094,129.35000610351562,2860300
2023-03-06,115.76294708251953,130.19000244140625,130.86000061035156,129.58999633789062,129.63999938964844,3131200
2023-03-07,114.0379409790039,128.25,130.4199981689453,128.19000244140625,130.27999877929688,3530400
2023-03-08,113.86009979248047,128.0500030517578,128.74000549316406,127.55000305175781,128.47999572753906,2778800
2023-03-09,112.17952728271484,126.16000366210938,128.52999877929688,125.9800033569336,128.3000030517578,5478300
2023-03-10,111.54820251464844,125.44999694824219,127.29000091552734,125.12999725341797,126.12000274658203,5990900
2023-03-13,111.66381072998047,125.58000183105469,128.19000244140625,124.8499984741211,125.1500015258789,8188400
2023-03-14,110.83686828613281,124.6500015258789,126.63999938964844,123.19999694824219,126.48999786376953,8114800
2023-03-15,109.61869049072266,123.27999877929688,123.3499984741211,121.70999908447266,122.98999786376953,5989300
2023-03-16,110.8813247680664,124.69999694824219,124.81999969482422,121.91999816894531,122.95999908447266,6438700
2023-03-17,109.98326110839844,123.69000244140625,124.5199966430664,122.93000030517578,124.08000183105469,37400200
2023-03-20,111.98393249511719,125.94000244140625,126.16000366210938,124.19000244140625,124.30999755859375,4588300
2023-03-21,112.5440902709961,126.56999969482422,127.1500015258789,125.66000366210938,126.9000015258789,3856300
2023-03-22,110.3033447265625,124.05000305175781,127.22000122070312,124.01000213623047,127.0,3549000
2023-03-23,109.69872283935547,123.37000274658203,124.93000030517578,122.5999984741211,123.80999755859375,4651900
2023-03-24,111.40596008300781,125.29000091552734,125.4000015258789,122.87999725341797,123.36000061035156,3812300
2023-03-27,114.98045349121094,129.30999755859375,130.25999450683594,126.47000122070312,126.47000122070312,6524100
2023-03-28,115.00711822509766,129.33999633789062,129.66000366210938,128.8000030517578,129.17999267578125,2888900
2023-03-29,115.3361587524414,129.7100067138672,130.35000610351562,129.17999267578125,130.1199951171875,3279600
2023-03-30,114.90044403076172,129.22000122070312,131.47999572753906,129.10000610351562,130.16000366210938,3561800
2023-03-31,116.56321716308594,131.08999633789062,131.22999572753906,129.4199981689453,129.47000122070312,4524700
2023-04-03,117.42574310302734,132.05999755859375,132.61000061035156,130.77000427246094,130.97000122070312,3840100
2023-04-04,117.01670837402344,131.60000610351562,132.14999389648438,130.88999938964844,131.99000549316406,3382800
2023-04-05,117.49685668945312,132.13999938964844,132.61000061035156,131.3699951171875,131.3699951171875,2898700
2023-04-06,116.03860473632812,130.5,132.60000610351562,130.32000732421875,132.16000366210938,3050600
2023-04-10,116.5098648071289,131.02999877929688,131.0800018310547,129.24000549316406,129.8300018310547,2614400
2023-04-11,115.96746826171875,130.4199981689453,131.10000610351562,130.17999267578125,130.5800018310547,3132400
2023-04-12,114.2957992553711,128.5399932861328,130.88999938964844,128.1699981689453,130.39999389648438,3957500
2023-04-13,113.72673797607422,127.9000015258789,128.38999938964844,126.0,128.00999450683594,5621500
2023-04-14,113.94011688232422,128.13999938964844,129.83999633789062,127.30999755859375,128.4600067138672,4180600
2023-04-17,113.65557861328125,127.81999969482422,128.72000122070312,126.80000305175781,128.3000030517578,3662700
2023-04-18,113.62000274658203,127.77999877929688,128.67999267578125,127.3499984741211,128.13999938964844,3193800
2023-04-19,112.32181549072266,126.31999969482422,126.9800033569336,125.30000305175781,126.5,7014400
2023-04-20,112.35737609863281,126.36000061035156,130.97999572753906,125.83999633789062,130.14999389648438,9749600
2023-04-21,111.79719543457031,125.7300033569336,126.69999694824219,125.2699966430664,126.0,6725400
2023-04-24,111.50374603271484,125.4000015258789,126.05000305175781,124.55999755859375,125.55000305175781,4043900
2023-04-25,111.939453125,125.88999938964844,126.19000244140625,124.76000213623047,124.9000015258789,4275400
2023-04-26,111.90388488769531,125.8499984741211,126.55000305175781,125.12000274658203,125.80999755859375,4070200
2023-04-27,112.89977264404297,126.97000122070312,127.0199966430664,125.45999908447266,126.37000274658203,3204900
2023-04-28,112.40182495117188,126.41000366210938,127.25,125.63999938964844,126.58000183105469,5061200
2023-05-01,112.11729431152344,126.08999633789062,126.75,126.05999755859375,126.3499984741211,2725000
2023-05-02,111.29035949707031,125.16000366210938,126.44999694824219,123.2699966430664,126.30000305175781,4445300
2023-05-03,109.76984405517578,123.44999694824219,125.56999969482422,123.26000213623047,125.45999908447266,4554200
2023-05-04,108.98735809326172,122.56999969482422,123.5199966430664,121.76000213623047,123.02999877929688,4468200
2023-05-05,109.94768524169922,123.6500015258789,124.0999984741211,122.80999755859375,123.11000061035156,4971900
2023-05-08,109.72539520263672,123.4000015258789,123.91999816894531,122.55000305175781,123.76000213623047,3663800
2023-05-09,109.21163940429688,121.16999816894531,121.97000122070312,120.66000366210938,121.9000015258789,4540000
2023-05-10,109.97774505615234,122.0199966430664,122.48999786376953,121.0999984741211,121.98999786376953,4189200
2023-05-11,108.9682846069336,120.9000015258789,122.23999786376953,120.55000305175781,122.0199966430664,3446500
2023-05-12,110.71682739257812,122.83999633789062,122.86000061035156,121.11000061035156,121.41000366210938,4564800
2023-05-15,111.18551635742188,123.36000061035156,123.69000244140625,122.33999633789062,123.0,2915700
2023-05-16,111.275634765625,123.45999908447266,123.86000061035156,122.44999694824219,123.3499984741211,2748400
2023-05-17,113.30357360839844,125.70999908447266,125.8499984741211,123.47000122070312,123.94000244140625,4515100
2023-05-18,113.70016479492188,126.1500015258789,126.51000213623047,125.19000244140625,125.30000305175781,3797900
2023-05-19,114.70061492919922,127.26000213623047,128.2899932861328,126.55000305175781,126.79000091552734,4306700
2023-05-22,114.91691589355469,127.5,128.19000244140625,127.1500015258789,127.5,2806800
2023-05-23,115.52982330322266,128.17999267578125,129.08999633789062,127.12999725341797,127.23999786376953,4592300
2023-05-24,113.27654266357422,125.68000030517578,127.9000015258789,125.47000122070312,127.81999969482422,3915500
2023-05-25,114.24996185302734,126.76000213623047,127.2300033569336,125.01000213623047,125.61000061035156,4102900
2023-05-26,116.16974639892578,128.88999938964844,129.66000366210938,126.80999755859375,127.05999755859375,5612600
2023-05-30,116.70150756835938,129.47999572753906,130.07000732421875,128.25999450683594,129.55999755859375,3741100
2023-05-31,115.89935302734375,128.58999633789062,129.44000244140625,127.45999908447266,128.50999450683594,11590200
2023-06-01,117.00797271728516,129.82000732421875,130.14999389648438,127.77999877929688,128.44000244140625,4136100
2023-06-02,119.35137176513672,132.4199981689453,133.1199951171875,130.14999389648438,130.3800048828125,5375800
2023-06-05,119.54965209960938,132.63999938964844,133.5800018310547,132.27000427246094,133.1199951171875,3993500
2023-06-06,119.59473419189453,132.69000244140625,132.94000244140625,131.8800048828125,132.42999267578125,3298000
2023-06-07,121.11793518066406,134.3800048828125,134.44000244140625,132.19000244140625,132.5,5772000
2023-06-08,121.1449966430664,134.41000366210938,135.97999572753906,134.00999450683594,134.69000244140625,4128500
2023-06-09,121.94715881347656,135.3000030517578,136.10000610351562,134.1699981689453,134.36000061035156,3981500
2023-06-12,122.95662689208984,136.4199981689453,136.6199951171875,135.82000732421875,136.0,4494500
2023-06-13,124.0201644897461,137.60000610351562,138.1699981689453,136.0,136.50999450683594,3927300
2023-06-14,123.65959930419922,137.1999969482422,138.92999267578125,136.94000244140625,137.8000030517578,4514900
2023-06-15,124.74118041992188,138.39999389648438,138.8000030517578,137.17999267578125,137.27000427246094,3812600
2023-06-16,123.9119873046875,137.47999572753906,139.47000122070312,137.47000122070312,139.22999572753906,7473700
2023-06-20,122.54199981689453,135.9600067138672,137.22999572753906,135.88999938964844,136.36000061035156,4271300
2023-06-21,120.49604034423828,133.69000244140625,135.38999938964844,133.2899932861328,135.11000061035156,5501300
2023-06-22,118.22472381591797,131.1699981689453,132.9600067138672,130.67999267578125,131.67999267578125,6012800
2023-06-23,116.65644836425781,129.42999267578125,130.6199951171875,129.17999267578125,130.39999389648438,11324700
2023-06-26,118.37796020507812,131.33999633789062,131.41000366210938,129.30999755859375,129.38999938964844,4845600
2023-06-27,119.27925109863281,132.33999633789062,132.9499969482422,130.8300018310547,131.3000030517578,3219900
2023-06-28,118.75650024414062,131.75999450683594,132.1699981689453,130.91000366210938,132.05999755859375,2753800
2023-06-29,120.82949829101562,134.05999755859375,134.35000610351562,131.69000244140625,131.75,3639800
2023-06-30,120.60416412353516,133.80999755859375,135.02999877929688,133.42999267578125,134.69000244140625,4236700
2023-07-03,120.47799682617188,133.6699981689453,134.35000610351562,132.8699951171875,133.4199981689453,1477100
2023-07-05,120.99175262451172,134.24000549316406,134.30999755859375,132.58999633789062,133.32000732421875,2955100
2023-07-06,119.1170425415039,132.16000366210938,133.89999389648438,131.5500030517578,133.24000549316406,3507700
2023-07-07,119.04491424560547,132.0800018310547,133.85000610351562,131.75,131.77999877929688,2982700
2023-07-10,119.78398132324219,132.89999389648438,133.0500030517578,131.6999969482422,131.75999450683594,2369200
2023-07-11,121.17201232910156,134.44000244140625,134.55999755859375,133.22999572753906,133.66000366210938,2924000
2023-07-12,119.72991180419922,132.83999633789062,135.3300018310547,132.57000732421875,135.07000732421875,3732200
2023-07-13,120.70333099365234,133.9199981689453,135.07000732421875,133.36000061035156,133.50999450683594,3221400
2023-07-14,120.23467254638672,133.39999389648438,133.9199981689453,132.94000244140625,133.91000366210938,2861500
2023-07-17,120.99175262451172,134.24000549316406,134.61000061035156,133.10000610351562,133.25999450683594,3167400
2023-07-18,122.0012435913086,135.36000061035156,135.9499969482422,134.2899932861328,134.7100067138672,3852100
2023-07-19,122.10938262939453,135.47999572753906,136.4499969482422,135.19000244140625,135.52999877929688,5520000
2023-07-20,124.72319030761719,138.3800048828125,140.32000732421875,136.55999755859375,137.19000244140625,10896300
2023-07-21,125.22789764404297,138.94000244140625,139.77999877929688,137.75999450683594,138.2100067138672,5858600
2023-07-24,125.76866912841797,139.5399932861328,140.1199951171875,138.77999877929688,139.35000610351562,3475200
2023-07-25,126.48072052001953,140.3300018310547,140.42999267578125,139.0399932861328,139.4199981689453,3770800
2023-07-26,127.14769744873047,141.07000732421875,141.25,139.8800048828125,140.44000244140625,4046400
2023-07-27,128.86016845703125,142.97000122070312,143.3800048828125,141.89999389648438,142.3000030517578,6331600
2023-07-28,129.29278564453125,143.4499969482422,143.9499969482422,142.85000610351562,143.44000244140625,6686400
2023-07-31,129.95074462890625,144.17999267578125,144.60000610351562,143.52999877929688,143.80999755859375,6138100
2023-08-01,129.18467712402344,143.3300018310547,144.47999572753906,142.1699981689453,144.25,4797700
2023-08-02,129.94174194335938,144.1699981689453,144.3000030517578,142.30999755859375,142.77999877929688,4957400
2023-08-03,130.1941375732422,144.4499969482422,145.22000122070312,143.30999755859375,143.77999877929688,3951900
2023-08-04,130.00485229492188,144.24000549316406,146.08999633789062,143.99000549316406,145.08999633789062,4223100
2023-08-07,131.75338745117188,146.17999267578125,146.5,144.92999267578125,145.0,3438700
2023-08-08,131.51002502441406,145.91000366210938,146.14999389648438,144.11000061035156,145.6999969482422,4654600
2023-08-09,129.9054718017578,142.49000549316406,144.94000244140625,142.3000030517578,144.94000244140625,4072900
2023-08-10,130.5983428955078,143.25,144.5800018310547,142.69000244140625,143.0399932861328,4735800
2023-08-11,130.4798126220703,143.1199951171875,143.4499969482422,142.2100067138672,143.1199951171875,2526400
2023-08-14,129.37669372558594,141.91000366210938,143.3699951171875,141.8000030517578,143.0500030517578,4226400
2023-08-15,129.34024047851562,141.8699951171875,142.30999755859375,141.1999969482422,141.5,3656600
2023-08-16,128.21888732910156,140.63999938964844,142.08999633789062,140.55999755859375,141.6999969482422,3285300
2023-08-17,128.2371063232422,140.66000366210938,142.66000366210938,140.60000610351562,141.00999450683594,3742100
2023-08-18,128.92086791992188,141.41000366210938,141.8300018310547,139.75999450683594,140.0,3915500
2023-08-21,129.71401977539062,142.27999877929688,142.38999938964844,141.11000061035156,141.4199981689453,2937800
2023-08-22,128.9937744140625,141.49000549316406,143.22999572753906,141.3000030517578,142.66000366210938,3557500
2023-08-23,130.7442169189453,143.41000366210938,143.47999572753906,141.5800018310547,141.72000122070312,2559100
2023-08-24,130.87185668945312,143.5500030517578,144.47000122070312,143.22000122070312,143.50999450683594,2900200
2023-08-25,132.51287841796875,145.35000610351562,145.47000122070312,143.5,144.17999267578125,3660100
2023-08-28,133.12371826171875,146.02000427246094,146.74000549316406,145.2100067138672,145.41000366210938,3561100
2023-08-29,133.5157012939453,146.4499969482422,146.72999572753906,145.6199951171875,146.3000030517578,2778100
2023-08-30,133.88949584960938,146.86000061035156,146.9199981689453,145.75,146.4199981689453,2245400
2023-08-31,133.86216735839844,146.8300018310547,147.72999572753906,146.5399932861328,146.94000244140625,3885900
2023-09-01,134.87411499023438,147.94000244140625,148.10000610351562,146.9199981689453,147.25999450683594,2727800
2023-09-05,135.04736328125,148.1300048828125,149.0,147.57000732421875,147.91000366210938,3731300
2023-09-06,134.9835205078125,148.05999755859375,148.3300018310547,147.1199951171875,147.66000366210938,2932200
2023-09-07,134.49124145507812,147.52000427246094,148.77999877929688,147.39999389648438,148.1300048828125,3332900
2023-09-08,134.63706970214844,147.67999267578125,148.58999633789062,147.25999450683594,147.35000610351562,3722800
2023-09-11,135.27529907226562,148.3800048828125,148.77999877929688,147.5800018310547,148.57000732421875,3273600
2023-09-12,133.37896728515625,146.3000030517578,148.0,145.8000030517578,147.9199981689453,4457700
2023-09-13,133.60690307617188,146.5500030517578,146.97999572753906,145.9199981689453,145.9499969482422,2627800
2023-09-14,134.3362579345703,147.35000610351562,147.72999572753906,146.47999572753906,147.3800048828125,2723100
2023-09-15,133.0963134765625,145.99000549316406,147.85000610351562,145.52999877929688,147.11000061035156,6234000
2023-09-18,132.2758331298828,145.08999633789062,146.47999572753906,145.05999755859375,145.77000427246094,2508100
2023-09-19,133.5795440673828,146.52000427246094,146.72000122070312,144.66000366210938,145.0,3945400
2023-09-20,136.59719848632812,149.8300018310547,151.92999267578125,148.1300048828125,148.36000061035156,9632400
2023-09-21,134.36361694335938,147.3800048828125,149.25,147.30999755859375,149.0,4944600
2023-09-22,133.93511962890625,146.91000366210938,148.10000610351562,146.82000732421875,147.41000366210938,2562000
2023-09-25,133.54307556152344,146.47999572753906,147.42999267578125,146.25,146.57000732421875,2694200
2023-09-26,130.5892333984375,143.24000549316406,146.1699981689453,143.02000427246094,145.50999450683594,4824700
2023-09-27,130.52542114257812,143.1699981689453,143.82000732421875,141.75999450683594,143.6699981689453,4439800
2023-09-28,129.0758056640625,141.5800018310547,142.27999877929688,140.2100067138672,142.13999938964844,5783200
2023-09-29,127.90886688232422,140.3000030517578,142.1300048828125,139.61000061035156,142.0,5704000
2023-10-02,128.36473083496094,140.8000030517578,141.4499969482422,139.86000061035156,140.0399932861328,3275300
2023-10-03,127.9909439086914,140.38999938964844,141.63999938964844,140.0,140.8699951171875,3284400
2023-10-04,128.61087036132812,141.07000732421875,141.1999969482422,139.99000549316406,140.3699951171875,2637600
2023-10-05,129.02114868164062,141.52000427246094,141.6999969482422,140.19000244140625,140.89999389648438,3223900
2023-10-06,129.486083984375,142.02999877929688,142.94000244140625,140.11000061035156,141.39999389648438,3511100
2023-10-09,129.6410675048828,142.1999969482422,142.39999389648438,140.67999267578125,142.3000030517578,2354400
2023-10-10,129.55902099609375,142.11000061035156,143.4199981689453,141.72000122070312,142.60000610351562,3015800
2023-10-11,130.58013916015625,143.22999572753906,143.33999633789062,142.13999938964844,142.50999450683594,2511500
2023-10-12,128.765869140625,141.24000549316406,142.92999267578125,140.9499969482422,142.50999450683594,3921100
2023-10-13,126.23138427734375,138.4600067138672,140.1199951171875,138.27000427246094,139.77000427246094,4582800
2023-10-16,126.9151611328125,139.2100067138672,139.77999877929688,138.52000427246094,139.27999877929688,3361500
2023-10-17,127.92711639404297,140.32000732421875,140.6199951171875,136.30999755859375,137.1199951171875,4172800
2023-10-18,127.60801696777344,139.97000122070312,140.42999267578125,139.5800018310547,140.0,3330000
2023-10-19,125.82111358642578,138.00999450683594,139.41000366210938,137.92999267578125,138.63999938964844,5314200
2023-10-20,125.04621124267578,137.16000366210938,139.27000427246094,137.1199951171875,138.14999389648438,4865600
2023-10-23,124.33512115478516,136.3800048828125,137.67999267578125,135.8699951171875,136.6300048828125,3457500
2023-10-24,125.62055969238281,137.7899932861328,137.97999572753906,136.0500030517578,136.74000549316406,3698000
2023-10-25,124.97328186035156,137.0800018310547,138.49000549316406,136.3300018310547,137.5,6472500
2023-10-26,131.0633087158203,143.75999450683594,144.41000366210938,141.5800018310547,142.1999969482422,11130200
2023-10-27,129.93283081054688,142.52000427246094,144.6999969482422,141.7100067138672,143.6199951171875,5469200
2023-10-30,130.03311157226562,142.6300048828125,144.5,142.5800018310547,143.19000244140625,4204100
2023-10-31,131.8656005859375,144.63999938964844,144.75999450683594,142.58999633789062,143.0,6591800
2023-11-01,132.55845642089844,145.39999389648438,146.50999450683594,144.4499969482422,145.0,4750100
2023-11-02,134.02627563476562,147.00999450683594,147.10000610351562,144.83999633789062,145.77000427246094,3902700
2023-11-03,134.83766174316406,147.89999389648438,148.4499969482422,147.27999877929688,147.4499969482422,3510500
2023-11-06,135.81317138671875,148.97000122070312,149.22999572753906,147.85000610351562,147.88999938964844,4597200
2023-11-07,135.68551635742188,148.8300018310547,149.27999877929688,148.02999877929688,149.02999877929688,3549900
2023-11-08,134.9561767578125,148.02999877929688,149.67999267578125,147.58999633789062,149.25,3618600
2023-11-09,135.18667602539062,146.6199951171875,146.99000549316406,145.27999877929688,146.5500030517578,3412700
2023-11-10,137.3995361328125,149.02000427246094,149.1699981689453,146.85000610351562,147.44000244140625,3179000
2023-11-13,136.55130004882812,148.10000610351562,148.49000549316406,147.35000610351562,148.4600067138672,2647200
2023-11-14,138.68115234375,150.41000366210938,150.80999755859375,149.0500030517578,149.4499969482422,4321900
2023-11-15,140.68194580078125,152.5800018310547,153.22000122070312,150.39999389648438,150.39999389648438,4632500
2023-11-16,141.12449645996094,153.05999755859375,153.35000610351562,152.1300048828125,153.0,3519200
2023-11-17,140.96775817871094,152.88999938964844,153.5,152.4600067138672,153.2899932861328,4426500
2023-11-20,142.3139190673828,154.35000610351562,154.67999267578125,152.35000610351562,152.50999450683594,3658500
2023-11-21,141.90823364257812,153.91000366210938,154.66000366210938,153.50999450683594,154.60000610351562,2859500
2023-11-22,143.03306579589844,155.1300048828125,155.7100067138672,154.16000366210938,154.5,3044700
2023-11-24,143.07920837402344,155.17999267578125,155.39999389648438,153.9199981689453,155.1300048828125,1799200
2023-11-27,143.43878173828125,155.57000732421875,156.13999938964844,154.75,154.99000549316406,4053100
2023-11-28,143.51254272460938,155.64999389648438,155.75,154.86000061035156,155.44000244140625,2666200
2023-11-29,144.21327209472656,156.41000366210938,157.50999450683594,156.02000427246094,156.14999389648438,3568900
2023-11-30,146.19561767578125,158.55999755859375,158.60000610351562,156.88999938964844,156.9499969482422,6740600
2023-12-01,148.0304412841797,160.5500030517578,160.58999633789062,158.0,158.41000366210938,4871900
2023-12-04,148.53753662109375,161.10000610351562,162.7899932861328,160.2899932861328,160.2899932861328,5779000
2023-12-05,148.80494689941406,161.38999938964844,162.47000122070312,160.72000122070312,160.75999450683594,4556700
2023-12-06,147.781494140625,160.27999877929688,162.35000610351562,160.00999450683594,161.58999633789062,3555900
2023-12-07,147.7261505126953,160.22000122070312,161.47000122070312,159.97000122070312,161.0,3665500
2023-12-08,149.3305206298828,161.9600067138672,162.0399932861328,160.0,160.0,4561300
2023-12-11,150.75962829589844,163.50999450683594,163.64999389648438,161.9499969482422,162.67999267578125,6077200
2023-12-12,151.8660888671875,164.7100067138672,166.33999633789062,162.9199981689453,163.27000427246094,5292300
2023-12-13,150.86102294921875,163.6199951171875,164.97000122070312,162.74000549316406,164.3699951171875,4989100
2023-12-14,150.2064208984375,162.91000366210938,163.5,160.14999389648438,162.92999267578125,6129800
2023-12-15,149.57943725585938,162.22999572753906,164.08999633789062,162.0399932861328,162.3000030517578,11016100
2023-12-18,150.0496368408203,162.74000549316406,163.3300018310547,161.5800018310547,162.22999572753906,3677300
2023-12-19,148.961669921875,161.55999755859375,162.27999877929688,161.32000732421875,161.8000030517578,3766600
2023-12-20,147.56944274902344,160.0500030517578,161.8000030517578,160.00999450683594,161.2899932861328,4865800
2023-12-21,148.24249267578125,160.77999877929688,161.0800018310547,159.52999877929688,160.58999633789062,2982900
2023-12-22,149.49642944335938,162.13999938964844,162.41000366210938,161.0,161.10000610351562,2442700
2023-12-26,150.4830322265625,163.2100067138672,163.30999755859375,162.0500030517578,162.22999572753906,1772400
2023-12-27,150.71351623535156,163.4600067138672,163.63999938964844,162.67999267578125,163.13999938964844,3234600
2023-12-28,150.98092651367188,163.75,163.9600067138672,163.39999389648438,163.9600067138672,2071300
2023-12-29,150.7965087890625,163.5500030517578,164.17999267578125,162.8300018310547,163.75,2526200
2024-01-02,148.90635681152344,161.5,163.2899932861328,160.4600067138672,162.8300018310547,3825000
2024-01-03,147.6155548095703,160.10000610351562,161.72999572753906,160.0800018310547,161.0,4086100
2024-01-04,148.31625366210938,160.86000061035156,161.80999755859375,160.1699981689453,160.22000122070312,3212000
2024-01-05,146.7488250732422,159.16000366210938,160.5500030517578,158.6699981689453,159.91000366210938,4199400
2024-01-08,148.57443237304688,161.13999938964844,161.22000122070312,157.88999938964844,158.69000244140625,3321700
2024-01-09,147.59710693359375,160.0800018310547,160.47999572753906,159.50999450683594,160.0,2617200
2024-01-10,148.65740966796875,161.22999572753906,161.33999633789062,159.74000549316406,160.27999877929688,2967800
2024-01-11,149.514892578125,162.16000366210938,162.22999572753906,160.2899932861328,161.02000427246094,3778200
2024-01-12,152.87103271484375,165.8000030517578,165.97999572753906,162.35000610351562,162.97000122070312,4958300
2024-01-16,153.9405975341797,166.9600067138672,167.25,165.33999633789062,165.8000030517578,4869600
2024-01-17,153.1292266845703,166.0800018310547,167.82000732421875,165.5,166.7899932861328,4288600
2024-01-18,153.82992553710938,166.83999633789062,166.99000549316406,165.0399932861328,166.49000549316406,3776900
2024-01-19,158.10812377929688,171.47999572753906,171.5800018310547,169.17999267578125,170.58999633789062,6929100
2024-01-22,159.35287475585938,172.8300018310547,174.4499969482422,172.39999389648438,172.82000732421875,4926000
2024-01-23,160.3762969970703,173.94000244140625,174.02000427246094,172.47999572753906,172.89999389648438,3983500
2024-01-24,160.36708068847656,173.92999267578125,174.86000061035156,172.89999389648438,174.75999450683594,9097800
2024-01-25,175.58041381835938,190.42999267578125,196.89999389648438,184.8300018310547,184.9600067138672,29596200
2024-01-26,172.80516052246094,187.4199981689453,192.38999938964844,186.16000366210938,191.30999755859375,9895900
2024-01-29,172.54698181152344,187.13999938964844,189.4600067138672,186.0500030517578,187.4600067138672,6107900
2024-01-30,173.22003173828125,187.8699951171875,188.64999389648438,186.77000427246094,187.7100067138672,4575100
2024-01-31,169.33834838867188,183.66000366210938,187.64999389648438,183.13999938964844,187.0500030517578,8876100
2024-02-01,172.32566833496094,186.89999389648438,187.50999450683594,182.7100067138672,183.6300048828125,4669400
2024-02-02,171.30223083496094,185.7899932861328,187.38999938964844,185.6199951171875,187.10000610351562,4055400
2024-02-05,169.11705017089844,183.4199981689453,185.77999877929688,183.25999450683594,185.50999450683594,4379600
2024-02-06,169.1078338623047,183.41000366210938,184.67999267578125,183.0399932861328,183.5500030517578,3337600
2024-02-07,169.41209411621094,183.74000549316406,184.02000427246094,182.6300048828125,183.33999633789062,4841200
2024-02-08,171.5334930419922,184.36000061035156,184.5500030517578,181.49000549316406,182.6300048828125,5161200
2024-02-09,173.37571716308594,186.33999633789062,187.17999267578125,183.85000610351562,184.44000244140625,5064600
2024-02-12,173.208251953125,186.16000366210938,186.47999572753906,184.02999877929688,185.89999389648438,4724000
2024-02-13,170.91940307617188,183.6999969482422,184.77000427246094,182.36000061035156,184.27999877929688,4290500
2024-02-14,170.79847717285156,183.57000732421875,185.0,182.25999450683594,185.0,3173400
2024-02-15,173.86883544921875,186.8699951171875,186.97999572753906,183.6199951171875,183.6199951171875,4714300
2024-02-16,174.5852813720703,187.63999938964844,188.9499969482422,185.9499969482422,186.6300048828125,4842800
2024-02-20,170.67750549316406,183.44000244140625,188.77000427246094,183.05999755859375,187.63999938964844,4247200
2024-02-21,167.19769287109375,179.6999969482422,183.02999877929688,178.75,182.55999755859375,4723700
2024-02-22,171.39390563964844,184.2100067138672,184.5500030517578,181.92999267578125,182.4499969482422,5078400
2024-02-23,172.79885864257812,185.72000122070312,186.4600067138672,184.57000732421875,184.89999389648438,3433800
2024-02-26,171.31948852539062,184.1300048828125,186.1300048828125,184.05999755859375,185.60000610351562,4620800
2024-02-27,172.0079803466797,184.8699951171875,185.1300048828125,182.6199951171875,184.16000366210938,3641400
2024-02-28,172.4080810546875,185.3000030517578,185.3699951171875,183.5500030517578,184.6300048828125,3216300
2024-02-29,172.15687561035156,185.02999877929688,186.85000610351562,184.69000244140625,186.14999389648438,6458500
2024-03-01,175.1063232421875,188.1999969482422,188.3800048828125,185.17999267578125,185.49000549316406,4018400
2024-03-04,179.62820434570312,193.05999755859375,193.89999389648438,187.60000610351562,187.75999450683594,7938300
2024-03-05,178.5953826904297,191.9499969482422,193.94000244140625,190.57000732421875,192.0,5653600
2024-03-06,182.5125274658203,196.16000366210938,198.1300048828125,192.9600067138672,193.5,6945800
2024-03-07,182.86605834960938,196.5399932861328,198.72999572753906,196.13999938964844,197.5800018310547,4604500
2024-03-08,182.31712341308594,195.9499969482422,197.77000427246094,194.3800048828125,196.05999755859375,3943100
2024-03-11,178.39073181152344,191.72999572753906,195.3800048828125,190.8800048828125,195.08999633789062,4725100
2024-03-12,184.01979064941406,197.77999877929688,199.17999267578125,192.14999389648438,192.4600067138672,5880100
2024-03-13,183.0149383544922,196.6999969482422,198.10000610351562,195.32000732421875,197.5500030517578,3993300
2024-03-14,179.97244262695312,193.42999267578125,197.75,192.1199951171875,196.9499969482422,4109600
2024-03-15,177.7766571044922,191.07000732421875,193.05999755859375,190.6999969482422,191.99000549316406,8828200
2024-03-18,178.353515625,191.69000244140625,193.22999572753906,190.32000732421875,191.6999969482422,5410600
2024-03-19,179.8887176513672,193.33999633789062,193.5800018310547,190.27999877929688,191.49000549316406,5317300
2024-03-20,180.46559143066406,193.9600067138672,193.97999572753906,191.30999755859375,192.8699951171875,3238600
2024-03-21,178.54888916015625,191.89999389648438,193.3699951171875,190.00999450683594,193.0,6013600
2024-03-22,177.56263732910156,190.83999633789062,192.99000549316406,190.50999450683594,192.0,3988400
2024-03-25,175.65525817871094,188.7899932861328,190.82000732421875,188.75,190.25999450683594,3718300
2024-03-26,175.3854522705078,188.5,190.0,188.5,189.02000427246094,4229500
2024-03-27,177.52542114257812,190.8000030517578,190.9600067138672,188.60000610351562,189.60000610351562,3693300
2024-03-28,177.67431640625,190.9600067138672,191.92999267578125,190.33999633789062,190.94000244140625,3742200
2024-04-01,176.62290954589844,189.8300018310547,190.4600067138672,188.52000427246094,190.0,2364300
2024-04-02,175.739013671875,188.8800048828125,189.8000030517578,187.60000610351562,189.13999938964844,2693500
2024-04-03,177.6184539794922,190.89999389648438,191.35000610351562,188.49000549316406,188.60000610351562,2826200
2024-04-04,174.86441040039062,187.94000244140625,193.27999877929688,187.33999633789062,192.0,2983900
2024-04-05,175.98092651367188,189.13999938964844,190.32000732421875,188.02000427246094,188.58999633789062,2014300
2024-04-08,176.61361694335938,189.82000732421875,190.24000549316406,188.91000366210938,189.24000549316406,2678300
2024-04-09,176.1390838623047,189.30999755859375,191.25,186.66000366210938,190.5399932861328,2794200
2024-04-10,173.09658813476562,186.0399932861328,187.9199981689453,185.52000427246094,187.4199981689453,3081700
2024-04-11,172.96630859375,185.89999389648438,186.8000030517578,184.5800018310547,186.0399932861328,2861700
2024-04-12,169.5889129638672,182.27000427246094,185.1699981689453,181.69000244140625,184.0,3547400
2024-04-15,168.6398468017578,181.25,187.47999572753906,180.8800048828125,185.57000732421875,3528100
2024-04-16,170.96591186523438,183.75,185.7100067138672,182.86000061035156,185.58999633789062,4473700
2024-04-17,170.3611297607422,183.10000610351562,184.6699981689453,181.77999877929688,184.16000366210938,3003000
2024-04-18,168.84457397460938,181.47000122070312,183.4600067138672,180.1699981689453,182.35000610351562,2886700
2024-04-19,168.94691467285156,181.5800018310547,182.8000030517578,180.57000732421875,182.42999267578125,3038000
2024-04-22,169.24462890625,181.89999389648438,183.32000732421875,180.4499969482422,182.4499969482422,3076500
2024-04-23,169.51443481445312,182.19000244140625,184.67999267578125,179.0,182.72999572753906,5950200
2024-04-24,171.2915802001953,184.10000610351562,184.2899932861328,181.39999389648438,183.1699981689453,7616600
2024-04-25,157.15838623046875,168.91000366210938,172.4499969482422,165.66000366210938,168.1999969482422,16702200
2024-04-26,155.5022430419922,167.1300048828125,167.8699951171875,165.72999572753906,167.5,8983800
2024-04-29,155.7813720703125,167.42999267578125,168.22000122070312,166.22999572753906,167.39999389648438,5242200
2024-04-30,154.63690185546875,166.1999969482422,166.75999450683594,165.25999450683594,166.49000549316406,6011600
2024-05-01,152.99008178710938,164.42999267578125,166.27000427246094,164.3000030517578,165.69000244140625,4029900
2024-05-02,153.23196411132812,164.69000244140625,164.8800048828125,162.6199951171875,164.35000610351562,3829900
2024-05-03,154.1810302734375,165.7100067138672,166.61000061035156,164.9199981689453,165.0,3400400
2024-05-06,156.87928771972656,168.61000061035156,168.6699981689453,166.3800048828125,166.5,4222300
2024-05-07,156.66525268554688,168.3800048828125,169.2899932861328,167.94000244140625,169.0,3155300
2024-05-08,158.07949829101562,169.89999389648438,170.25999450683594,167.89999389648438,168.00999450683594,3522000
2024-05-09,156.23776245117188,166.27000427246094,167.5500030517578,165.8800048828125,167.5,4266600
2024-05-10,157.06466674804688,167.14999389648438,168.07000732421875,166.32000732421875,167.1300048828125,2255400
2024-05-13,157.44992065429688,167.55999755859375,168.05999755859375,166.75999450683594,167.5,2414900
2024-05-14,157.2620086669922,167.36000061035156,168.1300048828125,166.47999572753906,167.86000061035156,2601000
2024-05-15,158.107666015625,168.25999450683594,168.35000610351562,167.33999633789062,167.94000244140625,4468800
2024-05-16,158.7748565673828,168.97000122070312,169.6300048828125,167.7899932861328,168.25999450683594,3492300
2024-05-17,158.8312225341797,169.02999877929688,169.11000061035156,167.3300018310547,168.97000122070312,2956400
2024-05-20,159.6675262451172,169.9199981689453,170.16000366210938,168.3800048828125,169.0,2726300
2024-05-21,163.00331115722656,173.47000122070312,174.97000122070312,169.94000244140625,169.94000244140625,6459800
2024-05-22,163.21006774902344,173.69000244140625,174.99000549316406,172.75999450683594,173.38999938964844,3294900
2024-05-23,160.37225341796875,170.6699981689453,175.4600067138672,170.44000244140625,175.38999938964844,3341300
2024-05-24,160.5789794921875,170.88999938964844,172.00999450683594,170.2100067138672,171.47999572753906,2587400
2024-05-28,159.4232177734375,169.66000366210938,171.08999633789062,168.64999389648438,170.44000244140625,2629500
2024-05-29,156.970703125,167.0500030517578,168.6300048828125,166.2100067138672,168.0,4206600
2024-05-30,155.63638305664062,165.6300048828125,166.72999572753906,164.22999572753906,165.55999755859375,3842400
2024-05-31,156.7827911376953,166.85000610351562,166.97000122070312,163.83999633789062,165.6999969482422,4905000
2024-06-03,155.3074951171875,165.27999877929688,166.77999877929688,163.52999877929688,166.5399932861328,2776100
2024-06-04,155.80551147460938,165.80999755859375,166.39999389648438,163.8800048828125,164.60000610351562,2594200
2024-06-05,157.2808074951172,167.3800048828125,167.7899932861328,165.77999877929688,166.41000366210938,3049400
2024-06-06,158.0513458251953,168.1999969482422,168.44000244140625,166.8000030517578,167.3800048828125,2207100
2024-06-07,159.75209045410156,170.00999450683594,171.30999755859375,168.05999755859375,168.17999267578125,3475500
2024-06-10,160.09979248046875,170.3800048828125,170.75999450683594,168.8800048828125,169.5500030517578,3440000
2024-06-11,159.10374450683594,169.32000732421875,170.0,166.80999755859375,169.97999572753906,2951300
2024-06-12,158.80303955078125,169.0,172.47000122070312,168.10000610351562,171.35000610351562,3522700
2024-06-13,158.91580200195312,169.1199951171875,169.58999633789062,168.33999633789062,169.00999450683594,3525700
2024-06-14,159.00038146972656,169.2100067138672,169.47000122070312,167.22999572753906,168.2899932861328,2777700
2024-06-17,159.27288818359375,169.5,169.72000122070312,167.5,168.75999450683594,3239800
2024-06-18,160.25953674316406,170.5500030517578,170.75,168.3800048828125,170.0,3386400
2024-06-20,163.4261932373047,173.9199981689453,174.27999877929688,171.22000122070312,174.0800018310547,4723100
2024-06-21,162.05429077148438,172.4600067138672,174.9600067138672,171.39999389648438,173.97000122070312,10181500
2024-06-24,164.45042419433594,175.00999450683594,178.4600067138672,174.14999389648438,175.0,4864700
2024-06-25,162.1858367919922,172.60000610351562,175.75,171.4199981689453,175.13999938964844,4069800
2024-06-26,161.49984741210938,171.8699951171875,172.67999267578125,170.41000366210938,171.27999877929688,2779000
2024-06-27,160.54141235351562,170.85000610351562,172.5,170.47999572753906,171.1199951171875,2894000
2024-06-28,162.5147247314453,172.9499969482422,173.4600067138672,170.52999877929688,170.85000610351562,4193300
2024-07-01,164.53500366210938,175.10000610351562,176.4600067138672,173.3800048828125,173.4499969482422,3321000
2024-07-02,166.6022491455078,177.3000030517578,177.49000549316406,174.32000732421875,174.83999633789062,2883300
2024-07-03,165.12696838378906,175.72999572753906,177.97999572753906,175.1699981689453,177.8800048828125,1649000
2024-07-05,165.3994903564453,176.02000427246094,176.08999633789062,173.9499969482422,175.74000549316406,2086000
2024-07-08,166.92173767089844,177.63999938964844,178.58999633789062,176.00999450683594,176.41000366210938,2503000
2024-07-09,165.8317108154297,176.47999572753906,177.6999969482422,175.5800018310547,177.60000610351562,2512700
2024-07-10,167.1096649169922,177.83999633789062,178.22000122070312,174.4499969482422,176.60000610351562,3462200
2024-07-11,167.5513153076172,178.30999755859375,179.44000244140625,176.6199951171875,177.64999389648438,2806800
2024-07-12,171.79856872558594,182.8300018310547,184.16000366210938,178.5,178.55999755859375,4785600
2024-07-15,171.84555053710938,182.8800048828125,184.89999389648438,182.60000610351562,183.3800048828125,2925700
2024-07-16,174.59878540039062,185.80999755859375,186.60000610351562,184.52000427246094,184.6699981689453,3374500
2024-07-17,176.1398162841797,187.4499969482422,187.94000244140625,185.07000732421875,185.44000244140625,4225300
2024-07-18,174.04437255859375,185.22000122070312,189.47000122070312,185.10000610351562,186.63999938964844,3487800
2024-07-19,172.1932373046875,183.25,187.0,181.9499969482422,186.3300018310547,3816000
2024-07-22,173.0389404296875,184.14999389648438,184.97000122070312,182.86000061035156,183.39999389648438,2488500
2024-07-23,172.99197387695312,184.10000610351562,185.3800048828125,183.00999450683594,184.36000061035156,2180200
2024-07-24,172.9167938232422,184.02000427246094,185.07000732421875,183.14999389648438,184.13999938964844,6962100
2024-07-25,180.396484375,191.97999572753906,196.25999450683594,185.3000030517578,186.8000030517578,9532800
2024-07-26,180.18038940429688,191.75,193.57000732421875,189.6199951171875,190.50999450683594,4294900
2024-07-29,179.9454803466797,191.5,193.2899932861328,189.17999267578125,193.17999267578125,3336800
2024-07-30,179.51321411132812,191.0399932861328,192.77000427246094,189.08999633789062,191.47999572753906,3065000
2024-07-31,180.54685974121094,192.13999938964844,194.5500030517578,189.99000549316406,191.0,5558400
2024-08-01,178.21649169921875,189.66000366210938,193.63999938964844,188.2899932861328,192.80999755859375,4085400
2024-08-02,177.7090606689453,189.1199951171875,189.25999450683594,185.6999969482422,188.77999877929688,4548800
2024-08-05,172.24961853027344,183.30999755859375,185.25999450683594,181.80999755859375,184.5500030517578,4975000
2024-08-06,175.52903747558594,186.8000030517578,188.89999389648438,183.63999938964844,184.6999969482422,3632500
2024-08-07,175.52903747558594,186.8000030517578,189.8699951171875,186.6999969482422,188.0800018310547,3801900
2024-08-08,180.98849487304688,192.61000061035156,192.8800048828125,187.0,187.5,3712700
2024-08-09,181.47190856933594,191.4499969482422,192.6300048828125,189.0399932861328,191.17999267578125,2773700
2024-08-12,179.6045684814453,189.47999572753906,191.5800018310547,189.0,191.25,2290300
2024-08-13,181.03590393066406,190.99000549316406,191.30999755859375,189.2100067138672,190.2899932861328,2178900
2024-08-14,182.29656982421875,192.32000732421875,193.08999633789062,190.72999572753906,191.14999389648438,1895100
2024-08-15,183.84161376953125,193.9499969482422,194.25,193.27999877929688,193.50999450683594,2472000
2024-08-16,183.6804656982422,193.77999877929688,194.35000610351562,192.86000061035156,193.5800018310547,2494400
2024-08-19,184.58096313476562,194.72999572753906,195.52999877929688,193.72000122070312,193.83999633789062,2361400
2024-08-20,185.81321716308594,196.02999877929688,196.2100067138672,193.75,194.58999633789062,1790400
2024-08-21,186.93170166015625,197.2100067138672,197.3300018310547,194.1199951171875,195.97000122070312,2579300
2024-08-22,185.7468719482422,195.9600067138672,197.9199981689453,195.57000732421875,197.25,1969500
2024-08-23,185.87957763671875,196.10000610351562,197.3800048828125,194.38999938964844,196.7899932861328,2322000
2024-08-26,187.6615753173828,197.97999572753906,198.35000610351562,195.89999389648438,196.0,2567200
2024-08-27,188.37249755859375,198.72999572753906,199.39999389648438,196.97000122070312,197.44000244140625,2617100
2024-08-28,188.1165771484375,198.4600067138672,200.0,197.49000549316406,199.0,2645200
2024-08-29,188.5336151123047,198.89999389648438,201.1199951171875,198.27000427246094,199.3000030517578,2989600
2024-08-30,191.59530639648438,202.1300048828125,202.1699981689453,198.72999572753906,199.11000061035156,4751000
2024-09-03,190.7895965576172,201.27999877929688,204.72000122070312,200.2100067138672,201.91000366210938,3874700
2024-09-04,193.4720916748047,204.11000061035156,204.36000061035156,200.5,200.75999450683594,3142500
2024-09-05,192.03131103515625,202.58999633789062,205.9499969482422,200.9600067138672,204.0800018310547,3229200
2024-09-06,190.27774047851562,200.74000549316406,204.10000610351562,199.33999633789062,202.3800048828125,3304500
2024-09-09,192.92233276367188,203.52999877929688,205.0500030517578,201.42999267578125,201.94000244140625,3705000
2024-09-10,194.61903381347656,205.32000732421875,205.8300018310547,202.8699951171875,204.1999969482422,3070600
2024-09-11,198.95083618164062,209.88999938964844,210.1199951171875,203.0399932861328,207.75999450683594,5554300
2024-09-12,200.5811767578125,211.61000061035156,212.64999389648438,208.27000427246094,210.0,4615300
2024-09-13,203.59544372558594,214.7899932861328,216.08999633789062,212.1300048828125,212.47999572753906,4572300
2024-09-16,205.84194946289062,217.16000366210938,217.89999389648438,215.52000427246094,215.8800048828125,4176100
2024-09-17,202.9698486328125,214.1300048828125,218.83999633789062,213.0,217.25,5635200
2024-09-18,203.73764038085938,214.94000244140625,216.86000061035156,213.58999633789062,214.1300048828125,3482800
2024-09-19,202.74237060546875,213.88999938964844,218.47999572753906,210.3699951171875,218.00999450683594,5279600
2024-09-20,206.353759765625,217.6999969482422,217.85000610351562,213.74000549316406,214.3300018310547,9958800
2024-09-23,209.0078582763672,220.5,220.6199951171875,217.27000427246094,218.0,4074800
2024-09-24,209.45335388183594,220.97000122070312,221.19000244140625,218.16000366210938,219.77999877929688,3183900
2024-09-25,209.6997833251953,221.22999572753906,221.85000610351562,220.16000366210938,221.1699981689453,2537800
2024-09-26,211.78514099121094,223.42999267578125,224.0,221.36000061035156,222.11000061035156,2673200
2024-09-27,209.3301239013672,220.83999633789062,224.14999389648438,220.77000427246094,223.0,3830300
2024-09-30,209.55763244628906,221.0800018310547,221.32000732421875,219.02000427246094,220.64999389648438,3543400
2024-10-01,207.91783142089844,219.35000610351562,221.10000610351562,215.89999389648438,220.6300048828125,3548400
2024-10-02,208.2779998779297,219.72999572753906,220.1999969482422,215.8000030517578,218.30999755859375,3343400
2024-10-03,211.11215209960938,222.72000122070312,222.8300018310547,219.27000427246094,219.5,3788300
2024-10-04,214.22122192382812,226.0,226.0800018310547,223.27000427246094,223.75,3553800
2024-10-07,215.2828369140625,227.1199951171875,227.6699981689453,225.02000427246094,225.3800048828125,3458000
2024-10-08,216.70465087890625,228.6199951171875,229.35000610351562,227.0399932861328,228.11000061035156,3245100
2024-10-09,222.088623046875,234.3000030517578,234.9499969482422,228.5,229.1999969482422,5083600
2024-10-10,220.8753204345703,233.02000427246094,235.8300018310547,231.80999755859375,235.10000610351562,3142000
2024-10-11,221.10284423828125,233.25999450683594,233.44000244140625,230.4600067138672,233.25,3469200
2024-10-14,222.9985809326172,235.25999450683594,236.1199951171875,233.1699981689453,233.57000732421875,2524400
2024-10-15,220.8184814453125,232.9600067138672,237.3699951171875,232.7100067138672,236.39999389648438,3350600
2024-10-16,221.491455078125,233.6699981689453,233.8800048828125,231.1199951171875,232.11000061035156,2846700
2024-10-17,220.74264526367188,232.8800048828125,233.14999389648438,230.66000366210938,232.0,5040100
2024-10-18,220.09808349609375,232.1999969482422,232.64999389648438,230.1699981689453,231.9199981689453,4715700
2024-10-21,219.67152404785156,231.75,232.4199981689453,230.25999450683594,231.2100067138672,2733300
2024-10-22,220.14547729492188,232.25,232.97000122070312,230.6699981689453,231.99000549316406,3180800
2024-10-23,220.61941528320312,232.75,233.33999633789062,230.25999450683594,230.41000366210938,5791000
2024-10-24,207.0078582763672,218.38999938964844,221.32000732421875,216.16000366210938,220.8000030517578,11193400
2024-10-25,203.481689453125,214.6699981689453,218.64999389648438,214.38999938964844,216.8000030517578,8482200
2024-10-28,201.8134307861328,212.91000366210938,216.25,212.6999969482422,215.5,4993300
2024-10-29,199.46267700195312,210.42999267578125,213.33999633789062,209.85000610351562,211.99000549316406,5258400
2024-10-30,194.22093200683594,204.89999389648438,211.1199951171875,204.25999450683594,209.47999572753906,6956600
2024-10-31,195.94606018066406,206.72000122070312,208.1300048828125,203.50999450683594,204.1300048828125,5925300
2024-11-01,197.3962860107422,208.25,209.83999633789062,207.41000366210938,207.77000427246094,3334100
2024-11-04,195.56690979003906,206.32000732421875,207.6999969482422,205.8000030517578,207.64999389648438,2593900
2024-11-05,196.7517547607422,207.57000732421875,208.1199951171875,205.57000732421875,206.1699981689453,2441500
2024-11-06,202.4674835205078,213.60000610351562,214.3300018310547,210.3699951171875,213.47999572753906,3934400
2024-11-07,202.5527801513672,213.69000244140625,214.52000427246094,211.92999267578125,213.63999938964844,3675800
2024-11-08,202.58123779296875,213.72000122070312,216.6999969482422,212.77999877929688,214.16000366210938,3201000
2024-11-11,202.43905639648438,213.57000732421875,215.41000366210938,213.47999572753906,214.39999389648438,3013000
2024-11-12,201.4454803466797,210.86000061035156,213.02999877929688,209.05999755859375,211.89999389648438,2817800
2024-11-13,201.5028076171875,210.9199981689453,211.41000366210938,209.07000732421875,209.5,3247800
2024-11-14,199.6589813232422,208.99000549316406,210.5,206.35000610351562,210.0,6372900
2024-11-15,195.83758544921875,204.99000549316406,208.49000549316406,204.07000732421875,207.4600067138672,3986500
2024-11-18,198.7991485595703,208.08999633789062,208.4199981689453,205.3699951171875,207.0,3405900
2024-11-19,200.86273193359375,210.25,210.3300018310547,206.19000244140625,206.5,2860700
2024-11-20,205.0185089111328,214.60000610351562,214.9600067138672,209.77000427246094,211.0,4562900
2024-11-21,212.47021484375,222.39999389648438,222.6300048828125,215.27000427246094,215.80999755859375,5236400
2024-11-22,213.01478576660156,222.97000122070312,227.1999969482422,220.88999938964844,223.35000610351562,5320700
2024-11-25,216.03369140625,226.1300048828125,226.4199981689453,222.64999389648438,223.35000610351562,7189300
2024-11-26,218.6131591796875,228.8300018310547,228.97999572753906,225.50999450683594,226.72999572753906,4449500
2024-11-27,216.78842163085938,226.9199981689453,229.19000244140625,224.27000427246094,228.8300018310547,2995100
2024-11-29,217.2565460205078,227.41000366210938,230.36000061035156,227.19000244140625,227.75,2640300
2024-12-02,217.23744201660156,227.38999938964844,228.3800048828125,225.50999450683594,227.5,2655900
2024-12-03,218.7755889892578,229.0,229.11000061035156,226.6699981689453,227.24000549316406,3163800
2024-12-04,223.0651092529297,233.49000549316406,233.74000549316406,229.35000610351562,230.0,4104200
2024-12-05,224.26882934570312,234.75,236.52000427246094,233.4600067138672,233.5500030517578,4791100
2024-12-06,227.41195678710938,238.0399932861328,238.3800048828125,234.22000122070312,234.42999267578125,4028400
2024-12-09,219.7309112548828,230.0,239.35000610351562,228.91000366210938,238.0,4970400
2024-12-10,221.37413024902344,231.72000122070312,234.38999938964844,227.8000030517578,228.39999389648438,4769500
2024-12-11,219.84556579589844,230.1199951171875,233.0,229.1300048828125,232.69000244140625,3872700
2024-12-12,221.88999938964844,232.25999450683594,233.88999938964844,230.3800048828125,230.66000366210938,4515700
2024-12-13,220.5143280029297,230.82000732421875,233.77999877929688,230.25999450683594,232.25,2757400
2024-12-16,219.0908203125,229.3300018310547,231.02999877929688,226.8800048828125,230.72999572753906,3610300
2024-12-17,218.74688720703125,228.97000122070312,230.1999969482422,227.6199951171875,229.22999572753906,3651300
2024-12-18,210.33981323242188,220.1699981689453,229.0399932861328,220.02999877929688,229.0399932861328,4152500
2024-12-19,213.92236328125,223.9199981689453,226.1999969482422,222.97999572753906,224.4199981689453,4427200
2024-12-20,213.38739013671875,223.36000061035156,227.67999267578125,221.67999267578125,222.72999572753906,12423200
2024-12-23,212.02122497558594,221.92999267578125,223.74000549316406,221.0800018310547,222.80999755859375,2988100
2024-12-24,214.3905029296875,224.41000366210938,224.44000244140625,221.5399932861328,222.27000427246094,1186200
2024-12-26,214.84909057617188,224.88999938964844,225.39999389648438,222.5500030517578,223.30999755859375,3286500
2024-12-27,212.83328247070312,222.77999877929688,224.4199981689453,221.41000366210938,223.13999938964844,1810800
2024-12-30,210.41622924804688,220.25,221.58999633789062,217.64999389648438,220.5399932861328,2095600
2024-12-31,210.01498413085938,219.8300018310547,221.0500030517578,218.44000244140625,220.72000122070312,2270200
2025-01-02,210.12008666992188,219.94000244140625,222.49000549316406,217.60000610351562,221.82000732421875,2579500
2025-01-03,212.70909118652344,222.64999389648438,223.66000366210938,220.5500030517578,220.5500030517578,3872100
2025-01-06,212.72817993164062,222.6699981689453,224.35000610351562,220.75,223.0,2846700
2025-01-07,213.96058654785156,223.9600067138672,226.7100067138672,222.8300018310547,223.35000610351562,3299300
2025-01-08,213.2154083251953,223.17999267578125,224.89999389648438,220.8300018310547,223.91000366210938,2619800
2025-01-10,209.93856811523438,219.75,222.42999267578125,216.8000030517578,222.0,3570300
2025-01-13,207.6934814453125,217.39999389648438,219.58999633789062,214.75,217.88999938964844,3716800
2025-01-14,208.02786254882812,217.75,218.1300048828125,214.61000061035156,218.0,3485500
2025-01-15,210.2060546875,220.02999877929688,221.67999267578125,218.00999450683594,220.8699951171875,2951600
2025-01-16,212.7186279296875,222.66000366210938,222.67999267578125,217.3800048828125,219.69000244140625,3329100
2025-01-17,214.7535400390625,224.7899932861328,225.9600067138672,223.63999938964844,225.9600067138672,5506800
2025-01-21,214.2471923828125,224.25999450683594,227.4499969482422,222.8300018310547,224.99000549316406,3982200
2025-01-22,213.29183959960938,223.25999450683594,224.39999389648438,220.35000610351562,221.97999572753906,4759500
2025-01-23,215.94772338867188,226.0399932861328,226.0399932861328,223.14999389648438,223.94000244140625,3619700
2025-01-24,214.76309204101562,224.8000030517578,226.80999755859375,223.8000030517578,225.27000427246094,3232900
2025-01-27,214.12301635742188,224.1300048828125,224.3000030517578,219.83999633789062,222.19000244140625,4898400
2025-01-28,215.58468627929688,225.66000366210938,225.77000427246094,221.77000427246094,224.32000732421875,4485400
2025-01-29,218.42210388183594,228.6300048828125,229.47000122070312,223.72999572753906,225.6199951171875,7079800
2025-01-30,246.7386932373047,258.2699890136719,261.79998779296875,247.00999450683594,250.0,15381900
2025-01-31,244.28347778320312,255.6999969482422,257.239990234375,251.88999938964844,256.04998779296875,7199800
2025-02-03,249.08888244628906,260.7300109863281,262.05999755859375,251.83999633789062,252.39999389648438,8408500
2025-02-04,252.65234375,264.4599914550781,265.25,258.1199951171875,260.0,6077700
2025-02-05,251.54412841796875,263.29998779296875,265.7200012207031,261.17999267578125,265.7099914550781,6165100
2025-02-06,242.12435913085938,253.44000244140625,263.3800048828125,252.72999572753906,262.9800109863281,6128300
2025-02-07,241.07347106933594,252.33999633789062,256.92999267578125,252.02000427246094,255.27999877929688,3370300
2025-02-10,239.72708129882812,249.27000427246094,251.9499969482422,246.8699951171875,250.86000061035156,3564400
2025-02-11,244.94920349121094,254.6999969482422,256.75,250.5800018310547,251.10000610351562,4801600
2025-02-12,246.01670837402344,255.80999755859375,256.3999938964844,252.02000427246094,252.72000122070312,3075300
2025-02-13,249.26730346679688,259.19000244140625,259.2799987792969,254.41000366210938,255.66000366210938,4531500
2025-02-14,251.27728271484375,261.2799987792969,261.94000244140625,257.9100036621094,259.0,3925300
2025-02-18,252.99880981445312,263.07000732421875,263.9599914550781,259.8299865722656,261.92999267578125,4262800
2025-02-19,254.20091247558594,264.32000732421875,264.3599853515625,260.0899963378906,262.0,3718700
2025-02-20,254.60482788085938,264.739990234375,265.0899963378906,262.1499938964844,263.6499938964844,4884800
2025-02-21,251.46963500976562,261.4800109863281,264.8299865722656,261.1000061035156,263.8500061035156,5667900
2025-02-24,251.84466552734375,261.8699951171875,263.8500061035156,259.5799865722656,261.5,4398100
2025-02-25,247.88246154785156,257.75,263.4800109863281,256.7699890136719,261.0799865722656,6292200
2025-02-26,246.0455322265625,255.83999633789062,258.3299865722656,254.41000366210938,258.1000061035156,3460100
2025-02-27,243.53546142578125,253.22999572753906,257.6300048828125,253.0500030517578,255.22000122070312,3402200
2025-02-28,242.77572631835938,252.44000244140625,252.80999755859375,246.5399932861328,250.86000061035156,7988800
2025-03-03,240.61187744140625,250.19000244140625,255.99000549316406,248.25,254.74000549316406,2977700
2025-03-04,243.51626586914062,253.2100067138672,255.47999572753906,248.10000610351562,248.75,5342100
2025-03-05,241.7274627685547,251.35000610351562,252.74000549316406,247.00999450683594,251.5800018310547,4009800
2025-03-06,239.16929626464844,248.69000244140625,252.10000610351562,246.8000030517578,249.75,3254400
2025-03-07,251.52735900878906,261.5400085449219,261.9599914550781,245.17999267578125,245.9499969482422,6700200
2025-03-10,247.0649871826172,256.8999938964844,266.45001220703125,254.75,261.55999755859375,8165500
2025-03-11,239.4193115234375,248.9499969482422,256.70001220703125,245.86000061035156,255.99000549316406,5630600
2025-03-12,240.0733184814453,249.6300048828125,253.1300048828125,245.52999877929688,250.35000610351562,3848800
2025-03-13,236.38990783691406,245.8000030517578,249.27000427246094,243.0399932861328,248.8000030517578,3862400
2025-03-14,238.84230041503906,248.35000610351562,248.9499969482422,241.67999267578125,242.75,4045200
2025-03-17,243.2854461669922,252.97000122070312,254.6300048828125,249.0,249.25,3233900
2025-03-18,237.4958953857422,246.9499969482422,252.57000732421875,245.1199951171875,252.50999450683594,4171900
2025-03-19,242.63145446777344,252.2899932861328,253.66000366210938,246.63999938964844,248.3300018310547,3853600
2025-03-20,234.00486755371094,243.32000732421875,246.8000030517578,237.22000122070312,244.24000549316406,7026800
2025-03-21,234.53379821777344,243.8699951171875,245.2100067138672,238.5,241.69000244140625,9580100
2025-03-24,238.93846130371094,248.4499969482422,248.82000732421875,245.97000122070312,247.30999755859375,4753300
2025-03-25,240.3329620361328,249.89999389648438,250.89999389648438,248.1999969482422,248.36000061035156,3133800
2025-03-26,240.75611877441406,250.33999633789062,254.32000732421875,249.52999877929688,251.25,4450100
2025-03-27,236.7842254638672,246.2100067138672,250.3000030517578,245.72999572753906,249.7100067138672,2889300
2025-03-28,234.65882873535156,244.0,247.57000732421875,242.07000732421875,246.27000427246094,3125300
2025-03-31,239.1404266357422,248.66000366210938,250.88999938964844,242.49000549316406,242.74000549316406,6795000
2025-04-01,240.75611877441406,250.33999633789062,250.6199951171875,243.49000549316406,248.02999877929688,4412900
2025-04-02,240.40989685058594,249.97999572753906,252.7899932861328,247.22999572753906,248.22000122070312,4080800
2025-04-03,234.16835021972656,243.49000549316406,250.61000061035156,242.52999877929688,242.7100067138672,5309600
2025-04-04,218.77125549316406,227.47999572753906,240.16000366210938,226.8800048828125,238.0,7407100
2025-04-07,217.13636779785156,225.77999877929688,232.2899932861328,214.5,219.24000549316406,7797900
2025-04-08,212.56820678710938,221.02999877929688,233.0500030517578,217.27999877929688,232.55999755859375,6850000
2025-04-09,226.30152893066406,235.30999755859375,236.3000030517578,215.16000366210938,217.1199951171875,7302800
2025-04-10,220.76202392578125,229.5500030517578,232.57000732421875,222.02000427246094,231.0,5656100
2025-04-11,226.46502685546875,235.47999572753906,237.5800018310547,227.50999450683594,229.72000122070312,4325900
2025-04-14,229.90797424316406,239.05999755859375,241.77000427246094,236.72999572753906,239.77000427246094,3321500
2025-04-15,231.48516845703125,240.6999969482422,241.52999877929688,238.27000427246094,239.5500030517578,3363700
2025-04-16,229.43673706054688,238.57000732421875,243.3000030517578,235.88999938964844,240.27999877929688,4869900
2025-04-17,229.6675262451172,238.80999755859375,241.77999877929688,237.39999389648438,239.67999267578125,4635200
2025-04-21,227.17669677734375,236.22000122070312,240.80999755859375,232.92999267578125,238.07000732421875,4908900
2025-04-22,231.67750549316406,240.89999389648438,242.63999938964844,238.02000427246094,238.5,4232700
2025-04-23,236.0821533203125,245.47999572753906,249.33999633789062,243.66000366210938,246.0,7948300
2025-04-24,220.5504608154297,229.3300018310547,232.77999877929688,224.44000244140625,231.17999267578125,15428100
2025-04-25,223.51255798339844,232.41000366210938,233.36000061035156,226.32000732421875,228.9499969482422,6700100
2025-04-28,227.11898803710938,236.16000366210938,236.6300048828125,232.07000732421875,232.86000061035156,3653500
2025-04-29,230.22532653808594,239.38999938964844,239.97999572753906,236.13999938964844,237.0,3426500
2025-04-30,232.5623016357422,241.82000732421875,242.47000122070312,234.33999633789062,236.72999572753906,5143000
2025-05-01,230.4849853515625,239.66000366210938,242.3699951171875,237.9499969482422,241.44000244140625,4243300
2025-05-02,236.1494903564453,245.5500030517578,245.69000244140625,241.3300018310547,243.1300048828125,3731900
2025-05-05,239.64051818847656,249.17999267578125,249.8000030517578,243.63999938964844,243.74000549316406,4137800
2025-05-06,239.58279418945312,249.1199951171875,250.19000244140625,246.11000061035156,247.75999450683594,2900600
2025-05-07,243.6701202392578,253.3699951171875,254.47000122070312,248.8300018310547,249.4499969482422,3399700
2025-05-08,244.41064453125,254.13999938964844,256.5199890136719,253.25,255.0,3637000
2025-05-09,241.2545623779297,249.1999969482422,253.0,247.63999938964844,252.50999450683594,2901300
2025-05-12,245.60140991210938,253.69000244140625,253.80999755859375,244.64999389648438,252.5,4609500
2025-05-13,250.34519958496094,258.5899963378906,259.5799865722656,252.8800048828125,254.42999267578125,3521400
2025-05-14,249.59974670410156,257.82000732421875,260.54998779296875,256.2200012207031,257.6000061035156,3634700
2025-05-15,258.17724609375,266.67999267578125,267.42999267578125,258.6099853515625,259.010009765625,4856300
2025-05-16,258.2547302246094,266.760009765625,267.9800109863281,264.5899963378906,266.3500061035156,3817900
2025-05-19,259.8520812988281,268.4100036621094,269.1400146484375,265.0799865722656,265.45001220703125,3198600
2025-05-20,258.4386901855469,266.95001220703125,269.2799987792969,265.6199951171875,267.3999938964844,2437900
2025-05-21,252.55250549316406,260.8699951171875,265.6499938964844,260.4100036621094,264.9700012207031,3753900
2025-05-22,250.13218688964844,258.3699951171875,261.2699890136719,257.9100036621094,260.7699890136719,3091300
2025-05-23,250.3839111328125,258.6300048828125,259.8699951171875,255.7899932861328,258.5799865722656,2722600
2025-05-27,254.83726501464844,263.2300109863281,263.7900085449219,259.6300048828125,261.0,3284200
2025-05-28,251.94259643554688,260.239990234375,265.0,259.94000244140625,263.1600036621094,2318400
2025-05-29,250.44200134277344,258.69000244140625,261.1300048828125,256.7699890136719,260.75,2295000
2025-05-30,250.80020141601562,259.05999755859375,260.1199951171875,257.1000061035156,258.75,9668900
2025-06-02,255.4858856201172,263.8999938964844,263.9800109863281,257.2200012207031,257.8500061035156,2831900
2025-06-03,256.74444580078125,265.20001220703125,265.55999755859375,262.5799865722656,263.3500061035156,2494700
2025-06-04,257.0541687011719,265.5199890136719,267.0,264.7900085449219,264.8999938964844,2588600
2025-06-05,258.3514709472656,266.8599853515625,267.510009765625,265.1000061035156,265.20001220703125,2658400
2025-06-06,260.29742431640625,268.8699951171875,270.1700134277344,267.5299987792969,267.989990234375,2495200
2025-06-09,263.4050598144531,272.0799865722656,273.4700012207031,266.7099914550781,268.1000061035156,4331500
2025-06-10,267.4324035644531,276.239990234375,277.4700012207031,272.55999755859375,273.19000244140625,5163500
2025-06-11,272.5440979003906,281.5199890136719,281.75,275.1099853515625,276.70001220703125,4656000
2025-06-12,272.0697326660156,281.0299987792969,283.05999755859375,279.8299865722656,281.5299987792969,3418000
2025-06-13,268.3811950683594,277.2200012207031,279.8399963378906,275.8299865722656,278.2099914550781,3243800
2025-06-16,272.84417724609375,281.8299865722656,284.5,278.6700134277344,279.30999755859375,3685300
2025-06-17,274.02532958984375,283.04998779296875,284.7900085449219,281.0,281.1499938964844,3069600
2025-06-18,274.18017578125,283.2099914550781,286.9100036621094,282.94000244140625,285.0,3534100
2025-06-20,272.0116271972656,280.9700012207031,284.1199951171875,277.20001220703125,279.2799987792969,7677000
2025-06-23,279.9598693847656,289.17999267578125,289.5799865722656,280.2099914550781,281.6499938964844,3786200
2025-06-24,284.4228820800781,293.7900085449219,294.3399963378906,288.4100036621094,290.4599914550781,4219100
2025-06-25,281.7799072265625,291.05999755859375,296.1600036621094,289.5,294.489990234375,3862300
2025-06-26,282.6221923828125,291.92999267578125,292.9100036621094,290.1700134277344,291.79998779296875,3621100
2025-06-27,280.46331787109375,289.70001220703125,293.1199951171875,288.5199890136719,292.9700012207031,3562500
2025-06-30,285.3813171386719,294.7799987792969,294.80999755859375,290.0,290.92999267578125,3495400
2025-07-01,281.91546630859375,291.20001220703125,295.1099853515625,290.0799865722656,294.54998779296875,3272800
2025-07-02,278.4786376953125,287.6499938964844,290.19000244140625,286.8999938964844,290.0,3257500
2025-07-03,282.6609191894531,291.9700012207031,292.32000732421875,287.8999938964844,287.94000244140625,1853300
2025-07-07,283.1449890136719,292.4700012207031,295.2200012207031,290.3599853515625,292.5,4488100
2025-07-08,281.16033935546875,290.4200134277344,295.6099853515625,289.489990234375,293.1000061035156,2925300
2025-07-09,280.8892822265625,290.1400146484375,291.6000061035156,288.6300048828125,291.3900146484375,2971300
2025-07-10,278.26568603515625,287.42999267578125,288.8999938964844,282.2099914550781,288.8999938964844,3487800
2025-07-11,274.5481262207031,283.5899963378906,287.42999267578125,282.9200134277344,285.010009765625,3790700
2025-07-14,274.7417297363281,283.7900085449219,284.92999267578125,281.7099914550781,282.8299865722656,2857100
2025-07-15,273.6864929199219,282.70001220703125,284.1499938964844,280.7300109863281,283.7699890136719,2864100
2025-07-16,272.9313659667969,281.9200134277344,283.8699951171875,279.8699951171875,282.75,2804800
2025-07-17,273.0087890625,282.0,283.4599914550781,280.8999938964844,281.5,3337200
2025-07-18,276.7554016113281,285.8699951171875,287.1600036621094,282.2200012207031,283.3800048828125,4478200
2025-07-21,275.63238525390625,284.7099914550781,287.7300109863281,284.3800048828125,286.2900085449219,3051800
2025-07-22,272.9700622558594,281.9599914550781,284.8800048828125,281.25,284.739990234375,4824200
2025-07-23,273.01849365234375,282.010009765625,288.0799865722656,281.44000244140625,284.29998779296875,8105900
2025-07-24,252.2039794921875,260.510009765625,262.04998779296875,252.75,261.25,22647700
2025-07-25,251.4391632080078,259.7200012207031,260.79998779296875,256.3500061035156,260.0199890136719,7758700
2025-07-28,254.81787109375,263.2099914550781,264.0,259.6099853515625,260.29998779296875,5192500
2025-07-29,254.04339599609375,262.4100036621094,265.79998779296875,261.0199890136719,264.29998779296875,4627300
2025-07-30,251.96197509765625,260.260009765625,262.0,258.8999938964844,261.6000061035156,3718300
2025-07-31,245.07862854003906,253.14999389648438,259.989990234375,252.22000122070312,259.57000732421875,6739100
2025-08-01,242.07748413085938,250.0500030517578,251.47999572753906,245.61000061035156,251.41000366210938,9683400
2025-08-04,243.94593811035156,251.97999572753906,252.0800018310547,248.11000061035156,251.0500030517578,5280600
2025-08-05,242.67770385742188,250.6699981689453,252.8000030517578,249.0,252.0,5823000
2025-08-06,244.23638916015625,252.27999877929688,254.32000732421875,249.27999877929688,251.52999877929688,3692100
2025-08-07,242.18397521972656,250.16000366210938,255.0,248.8800048828125,252.80999755859375,6251300
2025-08-08,236.13133239746094,242.27000427246094,249.47999572753906,241.64999389648438,248.8800048828125,6828400
2025-08-11,230.31259155273438,236.3000030517578,243.14999389648438,234.6999969482422,242.24000549316406,9382000
2025-08-12,228.8213653564453,234.77000427246094,237.9600067138672,233.36000061035156,236.52999877929688,8792800
2025-08-13,233.98707580566406,240.07000732421875,240.83999633789062,236.1999969482422,236.1999969482422,5663600
2025-08-14,231.10205078125,237.11000061035156,239.0,235.6199951171875,238.25,4556700
2025-08-15,233.64593505859375,239.72000122070312,240.6199951171875,236.77000427246094,237.61000061035156,4344300
2025-08-18,233.3827667236328,239.4499969482422,241.4199981689453,239.1199951171875,239.57000732421875,3569600
2025-08-19,235.16641235351562,241.27999877929688,242.8300018310547,239.49000549316406,240.0,3328300
2025-08-20,236.40423583984375,242.5500030517578,242.8800048828125,240.33999633789062,242.11000061035156,3240100
2025-08-21,233.3340301513672,239.39999389648438,242.5,238.64999389648438,242.2100067138672,2991900
2025-08-22,235.9558868408203,242.08999633789062,243.67999267578125,240.22000122070312,240.74000549316406,3134900
2025-08-25,233.36328125,239.42999267578125,242.57000732421875,239.42999267578125,242.57000732421875,3513300
2025-08-26,236.4822235107422,242.6300048828125,244.97999572753906,240.3800048828125,241.02000427246094,5386600
2025-08-27,238.6361846923828,244.83999633789062,245.9600067138672,242.0,242.8699951171875,3698400
2025-08-28,239.503662109375,245.72999572753906,245.8800048828125,243.36000061035156,245.42999267578125,2820800
2025-08-29,237.32040405273438,243.49000549316406,245.4600067138672,241.72000122070312,245.22999572753906,2967600
2025-09-02,235.38082885742188,241.5,241.5500030517578,238.25,240.89999389648438,3469500
2025-09-03,237.91494750976562,244.10000610351562,244.25,239.41000366210938,240.02000427246094,3163200
2025-09-04,240.9169158935547,247.17999267578125,249.27999877929688,242.85000610351562,245.4199981689453,4765100
2025-09-05,242.23269653320312,248.52999877929688,249.02999877929688,245.4499969482422,248.22999572753906,3147500
2025-09-08,249.6011505126953,256.0899963378906,257.1499938964844,247.02000427246094,248.6300048828125,6940300
2025-09-09,252.5446014404297,259.1099853515625,260.6600036621094,254.8800048828125,256.1199951171875,4931100
2025-09-10,250.3711395263672,256.8800048828125,260.0799865722656,254.55999755859375,259.6499938964844,5185400
2025-09-11,250.4978485107422,257.010009765625,258.54998779296875,255.66000366210938,257.55999755859375,3576000
2025-09-12,247.01829528808594,253.44000244140625,257.25,252.42999267578125,256.95001220703125,3433300
2025-09-15,249.74734497070312,256.239990234375,259.04998779296875,254.0,254.02000427246094,4028400
2025-09-16,250.99490356445312,257.5199890136719,258.0,254.41000366210938,256.260009765625,2719900
2025-09-17,252.515380859375,259.0799865722656,260.9599914550781,257.010009765625,257.5,3974800
2025-09-18,258.2853698730469,265.0,265.2300109863281,256.79998779296875,258.8599853515625,4988400
2025-09-19,259.6498718261719,266.3999938964844,267.8699951171875,263.6400146484375,266.04998779296875,9858100
2025-09-22,264.49395751953125,271.3699951171875,272.30999755859375,266.0,266.6199951171875,5030500
2025-09-23,265.3419189453125,272.239990234375,273.29998779296875,269.2699890136719,272.70001220703125,5394100
2025-09-24,260.75128173828125,267.5299987792969,273.6499938964844,267.29998779296875,272.6199951171875,3159900
2025-09-25,274.308837890625,281.44000244140625,284.2300109863281,271.1499938964844,272.94000244140625,11506200
2025-09-26,277.1061096191406,284.30999755859375,288.8500061035156,280.1099853515625,280.510009765625,9063900
2025-09-29,272.7103576660156,279.79998779296875,286.0,279.6600036621094,286.0,6022100
2025-09-30,275.0105895996094,282.1600036621094,286.0199890136719,280.5199890136719,280.8800048828125,5926900
2025-10-01,279.2308654785156,286.489990234375,286.5899963378906,280.1499938964844,280.20001220703125,4381300
2025-10-02,279.4550476074219,286.7200012207031,288.5400085449219,282.7900085449219,285.7900085449219,3814200
2025-10-03,281.063232421875,288.3699951171875,293.32000732421875,287.29998779296875,287.5,4375100
2025-10-06,282.0866394042969,289.4200134277344,291.45001220703125,287.79998779296875,288.6099853515625,2881900
2025-10-07,286.4238586425781,293.8699951171875,301.0400085449219,293.2900085449219,295.54998779296875,7190100
2025-10-08,282.1255798339844,289.4599914550781,294.20001220703125,286.4700012207031,294.1600036621094,5297000
2025-10-09,280.9267883300781,288.2300109863281,290.1300048828125,283.32000732421875,289.82000732421875,4912400
2025-10-10,270.7805480957031,277.82000732421875,290.3900146484375,277.5,288.9700012207031,4508500
2025-10-13,270.19573974609375,277.2200012207031,282.44000244140625,274.6400146484375,279.7900085449219,4333800
2025-10-14,269.15283203125,276.1499938964844,277.5299987792969,272.54998779296875,275.5199890136719,3058100
2025-10-15,273.63629150390625,280.75,285.45001220703125,277.0,278.3800048828125,3346800
2025-10-16,268.9774169921875,275.9700012207031,282.55999755859375,275.6000061035156,281.1099853515625,2956900
2025-10-17,274.15289306640625,281.2799987792969,283.3999938964844,275.3500061035156,276.1499938964844,5309600
2025-10-20,276.46282958984375,283.6499938964844,285.5,280.9599914550781,281.25,3494300
2025-10-21,274.90338134765625,282.04998779296875,285.30999755859375,281.6000061035156,283.30999755859375,4081000
2025-10-22,280.2250061035156,287.510009765625,289.1700134277344,281.3500061035156,281.989990234375,10538500
2025-10-23,277.77862548828125,285.0,285.5799865722656,263.55999755859375,264.95001220703125,16676400
2025-10-24,299.6695556640625,307.4599914550781,310.75,282.2099914550781,283.7699890136719,16914200
2025-10-27,305.1568908691406,313.0899963378906,313.5,302.8800048828125,307.79998779296875,9868200
2025-10-28,304.6500549316406,312.57000732421875,319.3500061035156,311.4100036621094,312.6000061035156,6044800
2025-10-29,300.4005126953125,308.2099914550781,314.3299865722656,307.5199890136719,312.7900085449219,4135900
2025-10-30,302.20367431640625,310.05999755859375,313.75,305.0199890136719,306.6499938964844,4694300
2025-10-31,299.62078857421875,307.4100036621094,313.5,301.6300048828125,312.0,7697500
2025-11-03,297.00872802734375,304.7300109863281,312.1400146484375,304.2300109863281,308.0,4958000
2025-11-04,293.22698974609375,300.8500061035156,303.1700134277344,296.0,300.0,5677300
2025-11-05,298.99700927734375,306.7699890136719,307.20001220703125,299.7099914550781,301.3800048828125,4650400
2025-11-06,304.5038757324219,312.4200134277344,315.44000244140625,301.0899963378906,306.75,6818500
2025-11-07,298.6169128417969,306.3800048828125,310.0,302.6300048828125,309.67999267578125,5070800
2025-11-10,302.95843505859375,309.1300048828125,309.94000244140625,304.2300109863281,306.82000732421875,2975200
2025-11-11,307.4568176269531,313.7200012207031,317.9100036621094,308.42999267578125,309.0,4381900
2025-11-12,308.6916809082031,314.9800109863281,324.8999938964844,314.5299987792969,319.8900146484375,6042700
2025-11-13,298.773681640625,304.8599853515625,314.6000061035156,303.67999267578125,312.2900085449219,5310200
2025-11-14,299.5871276855469,305.69000244140625,307.7200012207031,297.5899963378906,300.0,3592500
2025-11-17,291.2372131347656,297.1700134277344,306.0,296.510009765625,305.5899963378906,3909700
2025-11-18,284.161376953125,289.95001220703125,297.0,289.9200134277344,297.0,4861900
2025-11-19,282.76971435546875,288.5299987792969,291.1099853515625,288.07000732421875,290.5,3595900
2025-11-20,284.6023864746094,290.3999938964844,300.7099914550781,290.1600036621094,294.6400146484375,5597000
2025-11-21,291.5018615722656,297.44000244140625,300.4800109863281,291.8900146484375,293.4800109863281,5710900
2025-11-24,298.0484924316406,304.1199951171875,307.17999267578125,297.510009765625,299.17999267578125,6050600
2025-11-25,298.40130615234375,304.4800109863281,306.0,297.05999755859375,304.1300048828125,2825300
2025-11-26,297.1566162109375,303.2099914550781,306.6000061035156,301.6400146484375,305.17999267578125,2196400
2025-11-28,302.41943359375,308.5799865722656,309.17999267578125,303.6000061035156,304.05999755859375,1689000
2025-12-01,299.5675354003906,305.6700134277344,307.1199951171875,302.79998779296875,306.510009765625,3166600
2025-12-02,295.75518798828125,301.7799987792969,310.4700012207031,301.57000732421875,307.0,4261100
2025-12-03,296.57843017578125,302.6199951171875,303.9700012207031,298.9100036621094,302.8800048828125,3953400
2025-12-04,301.8411865234375,307.989990234375,309.6099853515625,302.5400085449219,302.8800048828125,2962500
2025-12-05,301.7922058105469,307.94000244140625,311.8299865722656,307.17999267578125,308.5899963378906,2344700
2025-12-08,303.0074462890625,309.17999267578125,315.3500061035156,307.95001220703125,309.6199951171875,3630200
2025-12-09,304.2815246582031,310.4800109863281,313.9700012207031,308.75,309.6300048828125,2935300
2025-12-10,306.42779541015625,312.6700134277344,314.69000244140625,306.6499938964844,310.2300109863281,3411500
2025-12-11,304.5362854003906,310.739990234375,313.44000244140625,308.3999938964844,312.0,2755700
2025-12-12,303.0662536621094,309.239990234375,311.04998779296875,303.3299865722656,310.57000732421875,2953400
2025-12-15,302.4978332519531,308.6600036621094,311.3599853515625,306.3500061035156,308.989990234375,3566700
2025-12-16,297.12725830078125,303.17999267578125,307.3800048828125,300.4200134277344,307.32000732421875,3366900
2025-12-17,297.2644348144531,303.32000732421875,306.25,303.0799865722656,303.7900085449219,3131000
2025-12-18,294.4517517089844,300.45001220703125,304.45001220703125,295.70001220703125,303.1499938964844,5411700
2025-12-19,294.9711608886719,300.9800109863281,306.8599853515625,299.1000061035156,300.3500061035156,11031000
2025-12-22,296.7450256347656,302.7900085449219,303.17999267578125,298.32000732421875,301.0299987792969,2612100
2025-12-23,297.71527099609375,303.7799987792969,305.1300048828125,300.6499938964844,301.3399963378906,2923000
2025-12-24,298.47967529296875,304.55999755859375,305.1499938964844,302.29998779296875,303.760009765625,1210600
2025-12-26,298.99908447265625,305.0899963378906,305.75,303.6700134277344,304.69000244140625,2814700
2025-12-29,299.6361389160156,305.739990234375,310.0,303.75,304.6499938964844,4664500
2025-12-30,296.0198059082031,302.04998779296875,306.239990234375,302.0,306.1499938964844,1883700
2025-12-31,290.29638671875,296.2099914550781,301.8500061035156,295.8699951171875,301.760009765625,3430100
2026-01-02,285.680419921875,291.5,297.57000732421875,289.0,297.55999755859375,4662800
2026-01-05,289.0811462402344,294.9700012207031,299.19000244140625,294.25,295.7699890136719,4190000
2026-01-06,296.4314270019531,302.4700012207031,303.0400085449219,294.4200134277344,295.0,4147300
2026-01-07,290.8060302734375,296.7300109863281,304.30999755859375,296.3500061035156,302.5,2833300
2026-01-08,296.6764221191406,302.7200012207031,303.6700134277344,295.0,295.0,3343300
2026-01-09,298.146484375,304.2200012207031,307.0,302.0,302.6099853515625,2718800
2026-01-12,305.94757080078125,312.17999267578125,312.3299865722656,299.9599914550781,302.6199951171875,3895200
2026-01-13,297.10760498046875,303.1600036621094,312.80999755859375,301.8699951171875,311.6000061035156,4507800
2026-01-14,302.8604431152344,309.0299987792969,309.19000244140625,301.5,303.5,3779000
2026-01-15,292.00164794921875,297.95001220703125,311.8800048828125,297.0400085449219,309.0,4932500
2026-01-16,299.5675354003906,305.6700134277344,307.45001220703125,300.7799987792969,301.0,6199600
2026-01-20,285.533447265625,291.3500061035156,301.6000061035156,290.1600036621094,301.3500061035156,7275500
2026-01-21,291.5998229980469,297.5400085449219,297.6700134277344,292.510009765625,292.760009765625,5185000
2026-01-22,288.7871398925781,294.6700134277344,300.92999267578125,293.5299987792969,299.4200134277344,3670200
2026-01-23,286.6016540527344,292.44000244140625,294.3399963378906,289.7900085449219,294.07000732421875,3298400
2026-01-26,290.41400146484375,296.3299865722656,296.82000732421875,293.1400146484375,293.1600036621094,3726900
2026-01-27,287.9932861328125,293.8599853515625,297.3299865722656,293.2699890136719,297.1600036621094,2954900
2026-01-28,288.2873229980469,294.1600036621094,295.95001220703125,291.260009765625,294.1700134277344,5790300
2026-01-29,303.0662536621094,309.239990234375,319.8999938964844,303.4700012207031,317.8599853515625,10124900
2026-01-30,300.57696533203125,306.70001220703125,307.7799987792969,299.7300109863281,307.6000061035156,5940700
2026-02-02,308.4466552734375,314.7300109863281,316.6400146484375,306.4100036621094,307.510009765625,4581200
2026-02-03,288.434326171875,294.30999755859375,312.9800109863281,283.8500061035156,312.3999938964844,11466500
2026-02-04,283.279296875,289.04998779296875,291.4100036621094,278.9599914550781,291.4100036621094,8708000
2026-02-05,284.1025695800781,289.8900146484375,291.80999755859375,285.1000061035156,286.1000061035156,5532800
2026-02-06,292.9620666503906,298.92999267578125,299.8900146484375,290.6600036621094,292.5,3744300
2026-02-09,290.42376708984375,296.3399963378906,297.7200012207031,291.4200134277344,295.9100036621094,4627800
2026-02-10,287.5655212402344,291.760009765625,297.6099853515625,290.3299865722656,294.989990234375,3837300
2026-02-11,268.887939453125,272.80999755859375,293.5,272.3599853515625,292.3399963378906,7628200
2026-02-12,255.78897094726562,259.5199890136719,271.29998779296875,257.2200012207031,270.29998779296875,12565400
2026-02-13,258.6078796386719,262.3800048828125,264.6600036621094,256.6400146484375,260.0,6842600
2026-02-17,254.5963897705078,258.30999755859375,260.70001220703125,254.64999389648438,259.20001220703125,4929700
2026-02-18,257.0407409667969,260.7900085449219,261.1099853515625,256.25,258.6400146484375,3949200
2026-02-19,252.59556579589844,256.2799987792969,258.2799987792969,253.50999450683594,256.0,4948700
2026-02-20,253.4629364013672,257.1600036621094,259.0400085449219,253.8000030517578,255.1999969482422,4708600
2026-02-23,220.1389923095703,223.35000610351562,255.19000244140625,220.72000122070312,254.3699951171875,19522900
2026-02-24,226.02317810058594,229.32000732421875,236.58999633789062,223.6300048828125,227.8000030517578,13379800
2026-02-25,234.12498474121094,237.5399932861328,239.5500030517578,231.22000122070312,233.22000122070312,8569700
2026-02-26,238.5307159423828,242.00999450683594,247.49000549316406,238.9499969482422,239.7100067138672,7343100
2026-02-27,236.75662231445312,240.2100067138672,240.2100067138672,234.57000732421875,238.07000732421875,6642200
2026-03-02,235.92868041992188,239.3699951171875,240.77999877929688,233.77999877929688,235.6999969482422,6220300
2026-03-03,241.7537078857422,245.27999877929688,246.08999633789062,234.2899932861328,236.35000610351562,6960400
2026-03-04,246.46498107910156,250.05999755859375,250.85000610351562,244.9600067138672,245.75,6085000
2026-03-05,252.86167907714844,256.54998779296875,260.3800048828125,249.0,249.32000732421875,9894600
2026-03-06,255.12863159179688,258.8500061035156,259.3999938964844,252.2100067138672,256.44000244140625,6234400
2026-03-09,249.68797302246094,253.3300018310547,258.0799865722656,251.57000732421875,255.3800048828125,6126600
2026-03-10,246.6029815673828,250.1999969482422,253.44000244140625,246.5500030517578,253.25999450683594,4938000
2026-03-11,245.29209899902344,248.8699951171875,253.72000122070312,247.1999969482422,250.00999450683594,4008500
2026-03-12,244.11920166015625,247.67999267578125,250.0500030517578,245.63999938964844,247.10000610351562,5547700
2026-03-13,242.7393341064453,246.27999877929688,249.72000122070312,244.7100067138672,247.6699981689453,4338400
2026-03-16,245.66664123535156,249.25,252.1999969482422,246.10000610351562,247.8699951171875,5674200
2026-03-17,252.42799377441406,256.1099853515625,256.3900146484375,250.0,250.50999450683594,5840100
2026-03-18,247.9828643798828,251.60000610351562,258.2799987792969,250.16000366210938,254.16000366210938,5177000
2026-03-19,246.77053833007812,250.3699951171875,252.19000244140625,248.25,249.42999267578125,4249500
2026-03-20,238.294189453125,241.77000427246094,250.27999877929688,241.77000427246094,249.0,11314100
2026-03-23,244.8682861328125,248.44000244140625,251.35000610351562,244.7100067138672,246.5,4972000
2026-03-24,237.13113403320312,240.58999633789062,247.11000061035156,238.0,246.4499969482422,4151500
2026-03-25,237.91964721679688,241.38999938964844,246.19000244140625,238.0,243.60000610351562,4207900
2026-03-26,238.1956024169922,241.6699981689453,246.6699981689453,239.8000030517578,240.55999755859375,3606800
2026-03-27,232.94224548339844,236.33999633789062,239.44000244140625,233.75,238.85000610351562,4853700
2026-03-30,233.8391571044922,237.25,240.2100067138672,236.1300048828125,237.8000030517578,3882600
2026-03-31,238.90525817871094,242.38999938964844,242.85000610351562,236.3800048828125,240.27000427246094,4750300
2026-04-01,239.6444854736328,243.13999938964844,246.25999450683594,240.13999938964844,242.1199951171875,4228700
2026-04-02,244.59231567382812,248.16000366210938,248.2100067138672,241.49000549316406,243.0,3350900
2026-04-06,243.19273376464844,246.74000549316406,248.89999389648438,244.74000549316406,248.13999938964844,3376000
2026-04-07,241.5467529296875,245.07000732421875,245.75999450683594,241.10000610351562,245.32000732421875,2356100
2026-04-08,238.26461791992188,241.74000549316406,250.0,240.8000030517578,248.6300048828125,4771500
2026-04-09,233.77015686035156,237.17999267578125,241.74000549316406,233.75999450683594,240.8800048828125,5078600
2026-04-10,227.44244384765625,230.75999450683594,239.27000427246094,230.50999450683594,239.19000244140625,5869400
2026-04-13,234.40097045898438,237.82000732421875,238.07000732421875,231.6999969482422,233.6300048828125,5349600
2026-04-14,236.8157501220703,240.27000427246094,241.5399932861328,238.1199951171875,238.75,3777300
2026-04-15,241.28062438964844,244.8000030517578,246.05999755859375,240.99000549316406,242.25,3879500
2026-04-16,247.3914794921875,251.0,251.22000122070312,246.1300048828125,248.75,4817500
2026-04-17,249.82595825195312,253.47000122070312,255.64999389648438,251.0399932861328,254.6699981689453,5671500
2026-04-20,250.06251525878906,253.7100067138672,258.5,252.55999755859375,255.0,5157700
2026-04-21,252.00418090820312,255.67999267578125,258.0899963378906,251.8699951171875,254.0,5584900
2026-04-22,248.23910522460938,251.86000061035156,257.5400085449219,247.2100067138672,254.50999450683594,12190200
2026-04-23,227.7578582763672,231.0800018310547,232.91000366210938,221.72999572753906,232.27000427246094,22297800
2026-04-24,228.64491271972656,231.97999572753906,232.8000030517578,225.0,231.92999267578125,9816900
2026-04-27,224.77142333984375,228.0500030517578,231.32000732421875,227.1199951171875,229.9499969482422,8060700
2026-04-28,229.68968200683594,233.0399932861328,233.55999755859375,228.4600067138672,230.5,5162900
2026-04-29,223.8350830078125,227.10000610351562,231.47999572753906,226.82000732421875,230.33999633789062,6443700
2026-04-30,227.65928649902344,230.97999572753906,231.60000610351562,224.89999389648438,226.52999877929688,6283300
2026-05-01,228.86175537109375,232.1999969482422,235.9499969482422,231.75,234.5500030517578,3582100
2026-05-04,226.18084716796875,229.47999572753906,234.08999633789062,228.6199951171875,232.0,4003100
2026-05-05,225.73733520507812,229.02999877929688,231.0,227.14999389648438,230.16000366210938,4221900
2026-05-06,222.49462890625,225.74000549316406,229.0,224.3800048828125,228.75,7673200
2026-05-07,227.9845428466797,231.30999755859375,231.82000732421875,227.41000366210938,227.5,5485500
2026-05-08,228.12355041503906,229.75999450683594,230.7100067138672,224.8300018310547,229.72999572753906,5332800
2026-05-11,221.95779418945312,223.5500030517578,230.22999572753906,222.5500030517578,228.66000366210938,6677200
2026-05-12,217.65863037109375,219.22000122070312,224.42999267578125,219.22000122070312,224.42999267578125,6045200
2026-05-13,213.1112518310547,214.63999938964844,218.30999755859375,212.33999633789062,218.27000427246094,8361200
2026-05-14,216.81468200683594,218.3699951171875,220.9600067138672,215.0,215.5500030517578,5906200
2026-05-15,217.73806762695312,219.3000030517578,220.91000366210938,217.6199951171875,218.1999969482422,6154500
2026-05-18,221.16348266601562,222.75,223.3300018310547,217.75,218.5500030517578,5946400
2026-05-19,220.74647521972656,222.3300018310547,227.35000610351562,221.9199981689453,224.5,5937800
2026-05-20,223.3974609375,225.0,225.0,216.77999877929688,221.0500030517578,4873400
2026-05-21,251.16824340820312,252.97000122070312,253.6300048828125,230.94000244140625,232.5800018310547,25707800
2026-05-22,252.03204345703125,253.83999633789062,264.3800048828125,253.38999938964844,262.04998779296875,19072900
2026-05-26,248.9044952392578,250.69000244140625,254.5500030517578,245.4499969482422,254.5500030517578,9256100
2026-05-27,253.38235473632812,255.1999969482422,257.6199951171875,250.4600067138672,250.4600067138672,9275500
2026-05-28,262.338134765625,264.2200012207031,268.8900146484375,257.0,261.0,12432900
2026-05-29,295.6789245605469,297.79998779296875,301.0,273.3299865722656,277.29998779296875,28481000
2026-06-01,318.1378479003906,320.4200134277344,327.9800109863281,308.0,322.54998779296875,32880200
2026-06-02,326.8851013183594,329.2300109863281,332.4599914550781,310.1099853515625,313.75,17210700
2026-06-03,303.45318603515625,305.6300048828125,318.29998779296875,302.5299987792969,318.29998779296875,13926600
2026-06-04,299.62066650390625,301.7699890136719,310.44000244140625,300.17999267578125,307.42999267578125,9608100
2026-06-05,282.8112487792969,284.8399963378906,302.29998779296875,281.07000732421875,300.0,12509500
2026-06-08,278.81988525390625,280.82000732421875,290.5,279.42999267578125,286.44000244140625,6790600
2026-06-09,275.51361083984375,277.489990234375,283.5899963378906,271.2900085449219,281.1400146484375,9007900
2026-06-10,270.4201354980469,272.3599853515625,280.510009765625,271.3299865722656,273.82000732421875,5497100
2026-06-11,272.8924255371094,274.8500061035156,276.4800109863281,266.5,268.0,7558300
2026-06-12,270.3009948730469,272.239990234375,278.94000244140625,267.67999267578125,278.94000244140625,5748900
2026-06-15,266.796142578125,268.7099914550781,272.25,264.79998779296875,272.0,7178800
2026-06-16,268.8811950683594,270.80999755859375,276.6199951171875,268.6099853515625,270.8699951171875,4917600
2026-06-17,260.4814453125,262.3500061035156,268.8699951171875,261.8800048828125,266.3500061035156,5537000
2026-06-18,247.32582092285156,249.10000610351562,252.47000122070312,243.67999267578125,251.3800048828125,16619700
2026-06-22,250.423583984375,252.22000122070312,253.30999755859375,243.80999755859375,248.42999267578125,9615400
2026-06-23,263.0530090332031,264.94000244140625,267.5299987792969,255.25999450683594,261.5799865722656,15686100
2026-06-24,261.08709716796875,262.9599914550781,265.07000732421875,256.17999267578125,261.8399963378906,8149900
2026-06-25,256.43048095703125,258.2699890136719,268.760009765625,256.0,267.6700134277344,8520700
2026-06-26,269.6953430175781,271.6300048828125,273.1400146484375,258.2799987792969,258.94000244140625,9719900
2026-06-29,276.01995849609375,278.0,278.1499938964844,269.05999755859375,274.29998779296875,6464200
2026-06-30,279.20709228515625,281.2099914550781,282.57000732421875,271.1199951171875,273.2099914550781,7458400
2026-07-01,284.2112121582031,286.25,294.489990234375,278.9599914550781,279.6600036621094,6905800
2026-07-02,287.4579162597656,289.5199890136719,290.92999267578125,282.2799987792969,283.1400146484375,5944100
2026-07-06,297.3866882324219,299.5199890136719,300.82000732421875,287.6499938964844,288.3500061035156,7181500
2026-07-07,303.9496154785156,306.1300048828125,311.79998779296875,300.489990234375,305.6600036621094,8618600
2026-07-08,299.898681640625,302.04998779296875,303.82000732421875,295.5899963378906,300.7699890136719,7416700
2026-07-09,293.1967468261719,295.29998779296875,297.2799987792969,284.44000244140625,285.8399963378906,10842000
2026-07-10,285.5118713378906,287.55999755859375,298.7699890136719,287.5,297.260009765625,3640100
2026-07-13,288.1628723144531,290.2300109863281,297.5,289.1000061035156,290.5,5024200
2026-07-14,215.52394104003906,217.07000732421875,229.9199981689453,213.22000122070312,226.3699951171875,67440900
2026-07-15,209.69573974609375,211.1999969482422,223.80999755859375,211.02999877929688,220.97000122070312,29590400
2026-07-16,217.48983764648438,219.0500030517578,219.9499969482422,204.44000244140625,208.82000732421875,22533300
2026-07-17,211.1552734375,212.6699981689453,217.1699981689453,210.22000122070312,215.6199951171875,13150200
2026-07-20,211.48292541503906,213.0,216.27999877929688,208.82000732421875,210.07000732421875,9585000
2026-07-21,209.000732421875,210.5,214.97000122070312,209.17999267578125,210.72000122070312,11954400
2026-07-22,204.30442810058594,205.77000427246094,212.33999633789062,204.72999572753906,207.67999267578125,14606700
2026-07-23,205.1781463623047,206.64999389648438,207.5500030517578,199.19000244140625,202.63999938964844,15306000
2026-07-24,212.66445922851562,214.19000244140625,216.10000610351562,206.8000030517578,209.27999877929688,10578800
2026-07-27,214.73956298828125,216.27999877929688,219.6300048828125,215.2899932861328,217.75,8362300
2026-07-28,225.92930603027344,227.5500030517578,228.97999572753906,215.11000061035156,219.72999572753906,13263000
2026-07-29,224.82720947265625,226.44000244140625,230.97000122070312,223.9499969482422,227.6999969482422,8806700
2026-07-30,220.1606903076172,221.74000549316406,224.86000061035156,220.1999969482422,222.0,9675200
2026-07-31,222.05706787109375,223.64999389648438,224.75999450683594,216.58999633789062,221.14999389648438,9093600
2026-08-03,224.69813537597656,226.30999755859375,228.5500030517578,224.8699951171875,228.3300018310547,7974700
2026-08-04,233.47515869140625,235.14999389648438,235.30999755859375,223.3000030517578,224.75999450683594,7537900
2026-08-05,234.23968505859375,235.9199981689453,238.9600067138672,233.4600067138672,236.10000610351562,5726900
2026-08-06,231.7674102783203,233.42999267578125,234.47000122070312,228.44000244140625,229.61000061035156,4250100
2026-08-07,235.58999633789062,237.27999877929688,237.32000732421875,232.72000122070312,235.3800048828125,4763300
2026-08-10,236.30999755859375,236.30999755859375,240.74000549316406,234.1300048828125,235.0,7348900
2026-08-11,238.4199981689453,238.4199981689453,241.8000030517578,235.44000244140625,236.30999755859375,4469000
2026-08-12,235.97999572753906,235.97999572753906,237.4600067138672,231.67999267578125,236.9499969482422,5696200
2026-08-13,237.13999938964844,237.13999938964844,239.7100067138672,233.61000061035156,238.9199981689453,5395200
2026-08-14,234.32000732421875,234.32000732421875,239.14999389648438,233.72999572753906,238.3699951171875,4523500
2026-08-17,228.85000610351562,228.85000610351562,233.64999389648438,227.39999389648438,231.58999633789062,7564300
2026-08-18,232.6699981689453,232.6699981689453,234.4499969482422,229.4199981689453,229.72999572753906,4650100
2026-08-19,237.16000366210938,237.16000366210938,238.6199951171875,230.50999450683594,232.25999450683594,5342600
2026-08-20,233.69000244140625,233.69000244140625,237.5,233.02999877929688,236.0,4986900
2026-08-21,235.67999267578125,235.67999267578125,238.72000122070312,233.1199951171875,233.7100067138672,3888700
2026-08-24,231.0399932861328,231.0399932861328,234.49000549316406,230.47000122070312,234.3699951171875,4078300
2026-08-25,234.19000244140625,234.19000244140625,234.44000244140625,229.50999450683594,230.0,3022800
2026-08-26,229.8699951171875,229.8699951171875,234.22999572753906,228.9600067138672,230.6999969482422,4632000
2026-08-27,238.7899932861328,238.7899932861328,240.80999755859375,231.4499969482422,232.8000030517578,5501300
2026-08-28,235.58999633789062,235.58999633789062,239.0800018310547,235.08999633789062,238.3000030517578,3943300
2026-08-31,233.8699951171875,233.8699951171875,235.94000244140625,232.17999267578125,232.72999572753906,6096600
2026-09-01,231.39999389648438,231.39999389648438,233.08999633789062,229.89999389648438,231.0,3236800
2026-09-02,231.6999969482422,231.6999969482422,232.8800048828125,229.10000610351562,230.5500030517578,4653600
2026-09-03,234.7100067138672,234.7100067138672,238.2899932861328,232.82000732421875,234.3800048828125,4371500
2026-09-04,234.88999938964844,234.88999938964844,236.1699981689453,231.67999267578125,233.3300018310547,3721100
2026-09-08,232.08999633789062,232.08999633789062,233.39999389648438,230.1999969482422,232.9499969482422,4785300
2026-09-09,239.94000244140625,239.94000244140625,241.5,230.36000061035156,232.64999389648438,6397500
2026-09-10,234.02000427246094,234.02000427246094,242.30999755859375,231.8300018310547,238.17999267578125,5817600
2026-09-11,243.2899932861328,243.2899932861328,243.6300048828125,235.0,235.77999877929688,4914700
2026-09-14,249.08999633789062,249.08999633789062,251.3699951171875,244.1199951171875,249.41000366210938,6959400
2026-09-15,248.3699951171875,248.3699951171875,251.82000732421875,246.14999389648438,246.19000244140625,4516800
2026-09-16,237.49000549316406,237.49000549316406,243.33999633789062,235.41000366210938,240.5,6181800
2026-09-17,237.75,237.75,243.3699951171875,237.35000610351562,238.5800018310547,5901300
2026-09-18,229.5500030517578,229.5500030517578,237.88999938964844,229.3800048828125,237.85000610351562,13413800
2026-09-21,231.92999267578125,231.92999267578125,234.6999969482422,228.35000610351562,231.99000549316406,8200100
2026-09-22,231.3800048828125,231.3800048828125,236.1999969482422,230.0800018310547,234.47000122070312,4801500
2026-09-23,232.75999450683594,232.75999450683594,237.86000061035156,232.52999877929688,233.47000122070312,4536600
2026-09-24,227.05999755859375,227.05999755859375,232.6199951171875,226.00999450683594,232.0,4142400
2026-09-25,225.50999450683594,225.50999450683594,228.99000549316406,225.19000244140625,226.14999389648438,4143500
2026-09-28,220.6699981689453,220.6699981689453,223.13999938964844,219.22999572753906,222.5,5285800
2026-09-29,219.99000549316406,219.99000549316406,223.1199951171875,219.91000366210938,220.8699951171875,3762100
2026-09-30,219.92999267578125,219.92999267578125,222.3300018310547,218.60000610351562,220.6999969482422,4569800
2026-10-01,225.6199951171875,225.6199951171875,234.27000427246094,224.5,230.75999450683594,8880700
2026-10-02,222.63999938964844,222.63999938964844,225.9199981689453,221.6300048828125,225.50999450683594,7748800
