Ticker,Fiscal Year,Sector,Industry,Net Income,Dividends,EOY Stock Price,Market Cap,Total Assets,Total Liabilities,"Cash, Cash Equivalents & Short Term Investments"
A,2021,Healthcare,Medical Diagnostics & Research,1210000000,236000000.0,159.65,48329673946.200005,10705000000,5316000000.0,1575000000.0
A,2022,Healthcare,Medical Diagnostics & Research,1254000000,250000000.0,149.65,45493600000.0,10532000000,5227000000.0,1053000000.0
A,2023,Healthcare,Medical Diagnostics & Research,1240000000,265000000.0,139.03,40596760000.0,10763000000,4918000000.0,1590000000.0
A,2024,Healthcare,Medical Diagnostics & Research,1289000000,274000000.0,134.34,38366872870.68,11846000000,5948000000.0,1329000000.0
AAPL,2021,Technology,Computer Hardware,94680000000,14467000000.0,177.57,2963222636670.0,351002000000,287912000000.0,62639000000.0
AAPL,2022,Technology,Computer Hardware,99803000000,14841000000.0,129.93,2082827533260.0,352755000000,302083000000.0,48304000000.0
AAPL,2023,Technology,Computer Hardware,96995000000,15025000000.0,192.53,3031236794430.0,352583000000,290437000000.0,61555000000.0
AAPL,2024,Technology,Computer Hardware,93736000000,15234000000.0,250.42,3785304395660.0,364980000000,308030000000.0,65171000000.0
ABBV,2021,Healthcare,Drug Manufacturers,11542000000,9261000000.0,135.4,239371014961.0,146529000000,131093000000.0,9830000000.0
ABBV,2022,Healthcare,Drug Manufacturers,11836000000,10043000000.0,161.61,285781055050.56,138805000000,121518000000.0,9229000000.0
ABBV,2023,Healthcare,Drug Manufacturers,4863000000,10539000000.0,154.97,275139719222.12,134711000000,124314000000.0,12816000000.0
ABBV,2024,Healthcare,Drug Manufacturers,4278000000,11025000000.0,177.7,314020835397.1,135161000000,131797000000.0,5555000000.0
ABNB,2021,Consumer Cyclical,Travel & Leisure,-352000000,,166.49,103392287880.0,13708000000,8933000000.0,8322000000.0
ABNB,2022,Consumer Cyclical,Travel & Leisure,1893000000,,85.5,54583798500.0,16038000000,10478000000.0,9622000000.0
ABNB,2023,Consumer Cyclical,Travel & Leisure,4792000000,,136.14,86448899999.99998,20645000000,12480000000.0,10071000000.0
ABNB,2024,Consumer Cyclical,Travel & Leisure,2648000000,,131.41,83445350000.0,20959000000,12547000000.0,10611000000.0
ABT,2021,Healthcare,Medical Devices,7071000000,3202000000.0,140.74,248868708017.06003,75196000000,39172000000.0,10249000000.0
ABT,2022,Healthcare,Medical Devices,6933000000,3309000000.0,109.79,192266415583.97,74438000000,37533000000.0,10170000000.0
ABT,2023,Healthcare,Medical Devices,5723000000,3556000000.0,110.07,191010852858.59998,73214000000,34387000000.0,7279000000.0
ABT,2024,Healthcare,Medical Devices,13402000000,3836000000.0,113.11,196184229142.43,81414000000,33513000000.0,7967000000.0
ACN,2021,Business Services,Consulting,5906809000,2236094000.0,414.55,272251353921.30002,43175843000,23078729000.0,8172468000.0
ACN,2022,Business Services,Consulting,6877169000,2457306000.0,266.84,168145826992.08,47263390000,26607684000.0,7893806000.0
ACN,2023,Business Services,Consulting,6871557000,2827394000.0,350.91,233997312492.72003,51245305000,27190086000.0,9049607000.0
ACN,2024,Business Services,Consulting,7264787000,3241479000.0,351.79,237521948263.51,55932363000,29378723000.0,5009865000.0
ADBE,2021,Technology,Application Software,4822000000,,567.06,269807147999.99997,27241000000,12444000000.0,5798000000.0
ADBE,2022,Technology,Application Software,4756000000,,336.53,156486450000.0,27165000000,13114000000.0,6096000000.0
ADBE,2023,Technology,Application Software,5428000000,,596.6,273242800000.0,29779000000,13261000000.0,7842000000.0
ADBE,2024,Technology,Application Software,5560000000,,444.68,195748136000.0,30230000000,16125000000.0,7886000000.0
ADI,2021,Technology,Semiconductors,1390422000,1109344000.0,175.77,64828707376.86,52322071000,14329529000.0,1977964000.0
ADI,2022,Technology,Semiconductors,2748561000,1544552000.0,164.03,84021250930.0,50302350000,13837027000.0,1470572000.0
ADI,2023,Technology,Semiconductors,3314579000,1679106000.0,198.56,99723185920.0,48794478000,13229356000.0,958061000.0
ADI,2024,Technology,Semiconductors,1635273000,1795459000.0,212.46,105443229600.84,48228277000,13051960000.0,2363164000.0
ADM,2021,Consumer Defensive,Consumer Packaged Goods,2709000000,834000000.0,67.59,37820091968.1,56136000000,33369000000.0,943000000.0
ADM,2022,Consumer Defensive,Consumer Packaged Goods,4340000000,899000000.0,92.85,52553100000.0,59774000000,35158000000.0,1037000000.0
ADP,2021,Industrials,Business Services,2598500000,1575500000.0,246.58,103908812000.0,48772500000,43102400000.0,2575200000.0
ADP,2022,Industrials,Business Services,2948900000,1659000000.0,238.86,99341874000.0,63068200000,59842900000.0,1436300000.0
ADP,2023,Industrials,Business Services,3412000000,1903600000.0,232.97,95913749000.0,50971000000,47461900000.0,2083500000.0
ADP,2024,Industrials,Business Services,3752000000,2183100000.0,292.73,119274858629.73001,54362700000,49815100000.0,3297400000.0
ADSK,2021,Technology,Application Software,497000000,,281.19,61865544044.85,8607000000,7758000000.0,1764000000.0
ADSK,2022,Technology,Application Software,823000000,,186.87,40550790000.0,9438000000,8293000000.0,2072000000.0
ADSK,2023,Technology,Application Software,906000000,,243.48,52104720000.0,9912000000,8057000000.0,2246000000.0
ADSK,2024,Technology,Application Software,1112000000,,295.57,63547550000.0,10833000000,8212000000.0,1886000000.0
AEE,2021,Utilities,Utilities - Regulated,990000000,565000000.0,89.01,22902273000.0,35735000000,25906000000.0,8000000.0
AEE,2022,Utilities,Utilities - Regulated,1074000000,610000000.0,88.92,22976928000.0,37904000000,27267000000.0,10000000.0
AEE,2023,Utilities,Utilities - Regulated,1152000000,662000000.0,72.34,18996484000.0,40830000000,29352000000.0,25000000.0
AEE,2024,Utilities,Utilities - Regulated,1182000000,714000000.0,89.14,23793941150.38,44598000000,32355000000.0,7000000.0
AEP,2021,Utilities,Utilities - Regulated,2488100000,1519500000.0,88.97,44594760509.6,87668700000,64945200000.0,671800000.0
AEP,2022,Utilities,Utilities - Regulated,2307200000,1645200000.0,94.95,48778682110.200005,93403300000,69280900000.0,697000000.0
AEP,2023,Utilities,Utilities - Regulated,2208100000,1760400000.0,81.22,41818484075.68,96684000000,71398100000.0,330100000.0
AJG,2021,Financial Services,"Brokers, Exchanges & Other",906800000,392000000.0,169.67,35256916990.0,33345000000,24784900000.0,402600000.0
AJG,2022,Financial Services,"Brokers, Exchanges & Other",1114200000,429500000.0,188.54,39640723540.0,38358400000,29168200000.0,738400000.0
AJG,2023,Financial Services,"Brokers, Exchanges & Other",970000000,474000000.0,224.88,48329860320.0,51615800000,40800500000.0,971500000.0
AJG,2024,Financial Services,"Brokers, Exchanges & Other",1463000000,525000000.0,283.85,62276690000.00001,64255000000,44075000000.0,14987000000.0
AKAM,2021,Technology,Application Software,651642000,,117.04,18932039280.0,8138673000,3608659000.0,1078195000.0
AKAM,2022,Technology,Application Software,523672000,,84.3,13379674500.0,8303400000,3943213000.0,1425847000.0
AKAM,2023,Technology,Application Software,547629000,,118.35,18593850150.0,9900037000,5302882000.0,2295793000.0
AKAM,2024,Technology,Application Software,504918000,,95.65,14369211210.900002,10368785000,5490428000.0,1872175000.0
ALB,2021,Basic Materials,Chemicals,123672000,177853000.0,233.77,27342908050.0,2294391221,1182859421.0,17421917.0
ALB,2022,Basic Materials,Chemicals,2689816000,184429000.0,216.86,25402112960.0,15456522000,7265675000.0,1499142000.0
ALGN,2021,Healthcare,Medical Devices,772020000,,657.18,51854130719.99999,5942110000,2319396000.0,1171342000.0
ALGN,2022,Healthcare,Medical Devices,361573000,,210.9,16469813700.0,5947947000,2346589000.0,999584000.0
ALGN,2023,Healthcare,Medical Devices,445053000,,274.0,20979906000.0,6083877000,2453388000.0,972742000.0
ALGN,2024,Healthcare,Medical Devices,421362000,,208.51,15565909540.599998,6214600000,2362615000.0,1043887000.0
ALLE,2021,Industrials,Consulting & Outsourcing,483000000,129000000.0,132.44,11879319963.28,3051000000,2288600000.0,397900000.0
ALLE,2022,Industrials,Consulting & Outsourcing,458000000,143900000.0,105.26,9252354000.0,3991200000,3046700000.0,288000000.0
ALLE,2023,Industrials,Consulting & Outsourcing,540400000,158700000.0,126.69,11136051000.0,4311500000,2993200000.0,468100000.0
ALLE,2024,Industrials,Consulting & Outsourcing,597500000,167000000.0,130.68,11359918441.08,4487800000,2987100000.0,503800000.0
AMAT,2021,Technology,Semiconductors,5888000000,838000000.0,,,25825000000,13578000000.0,5459000000.0
AMAT,2022,Technology,Semiconductors,6525000000,873000000.0,,,26726000000,14532000000.0,2581000000.0
AMAT,2023,Technology,Semiconductors,6856000000,975000000.0,,,30729000000,14380000000.0,6869000000.0
AMAT,2024,Technology,Semiconductors,7177000000,1192000000.0,,,34409000000,15408000000.0,9471000000.0
AMCR,2021,Consumer Cyclical,Packaging & Containers,939000000,742000000.0,60.05,18255200000.0,17188000000,12367000000.0,850000000.0
AMCR,2022,Consumer Cyclical,Packaging & Containers,805000000,732000000.0,59.55,17555340000.0,17426000000,13285000000.0,775000000.0
AMCR,2023,Consumer Cyclical,Packaging & Containers,1048000000,723000000.0,48.2,14170800000.0,17003000000,12913000000.0,689000000.0
AMCR,2024,Consumer Cyclical,Packaging & Containers,730000000,722000000.0,47.05,13600679606.099998,16524000000,12571000000.0,588000000.0
AMD,2021,Technology,Semiconductors,3162000000,,143.9,174694600000.0,12419000000,4922000000.0,3608000000.0
AMD,2022,Technology,Semiconductors,1320000000,,64.77,104603550000.0,67580000000,12830000000.0,5855000000.0
AMD,2023,Technology,Semiconductors,854000000,,147.41,237624920000.0,67885000000,11993000000.0,5773000000.0
AMD,2024,Technology,Semiconductors,1641000000,,120.79,196018899323.34,69226000000,11658000000.0,5132000000.0
AME,2021,Industrials,Industrial Products,990053000,184595000.0,147.04,33991383840.0,11898187000,5026303000.0,346772000.0
AME,2022,Industrials,Industrial Products,1159542000,202169000.0,139.72,32235360080.0,12431120000,4954608000.0,345386000.0
AME,2023,Industrials,Industrial Products,1313188000,230329000.0,164.89,38003517420.0,15023533000,6293342000.0,409804000.0
AME,2024,Industrials,Industrial Products,1376124000,258782000.0,180.26,41695522396.799995,14631169000,4975865000.0,373999000.0
AMGN,2021,Healthcare,Biotechnology,5893000000,4013000000.0,224.97,127557990000.0,61165000000,54465000000.0,8037000000.0
AMGN,2022,Healthcare,Biotechnology,6552000000,4196000000.0,262.64,140512400000.0,65121000000,61460000000.0,9305000000.0
AMGN,2023,Healthcare,Biotechnology,6717000000,4556000000.0,288.02,154090700000.0,97154000000,90922000000.0,10944000000.0
AMGN,2024,Healthcare,Biotechnology,4090000000,4832000000.0,260.64,140102528922.72,91839000000,85962000000.0,11973000000.0
AMP,2021,Financial Services,Asset Management,3417000000,511000000.0,301.66,34570236000.0,175910000000,169969000000.0,45242000000.0
AMP,2022,Financial Services,Asset Management,3149000000,534000000.0,311.37,34966851000.0,158852000000,155049000000.0,53975000000.0
AMP,2023,Financial Services,Asset Management,2556000000,550000000.0,379.83,40413912000.0,175191000000,170462000000.0,9576000000.0
AMP,2024,Financial Services,Asset Management,3401000000,574000000.0,532.43,51653465375.38,181403000000,176175000000.0,10909000000.0
AMT,2021,Business Services,Communication Services,2567700000,2271000000.0,292.5,133153020000.0,69887900000,60818300000.0,1949900000.0
AMZN,2021,Consumer Cyclical,Retail - Apparel & Specialty,33364000000,,166.72,1683872000000.0,420549000000,282304000000.0,96049000000.0
AMZN,2022,Consumer Cyclical,Retail - Apparel & Specialty,-2722000000,,84.0,856044000000.0,462675000000,316632000000.0,70026000000.0
AMZN,2023,Consumer Cyclical,Retail - Apparel & Specialty,30425000000,,151.94,1577838461444.96,527854000000,325979000000.0,86780000000.0
AMZN,2024,Consumer Cyclical,Retail - Apparel & Specialty,59248000000,,219.39,2306888265045.1196,624894000000,338924000000.0,101202000000.0
ANET,2021,Technology,Computer Hardware,840854000,,35.94,44199874560.0,5734429000,1755829000.0,3408315000.0
ANET,2022,Technology,Computer Hardware,1352446000,,30.34,37227665440.0,6775410000,1889590000.0,3023729000.0
ANET,2023,Technology,Computer Hardware,2087300000,,58.88,73054771200.0,9956635000,2737576000.0,5007968000.0
ANET,2024,Technology,Computer Hardware,2852100000,,110.53,139241221071.96,14043900000,4049100000.0,8303500000.0
AON,2021,Financial Services,"Brokers, Exchanges & Other",1255000000,447000000.0,300.56,67746224000.0,31917000000,30759000000.0,836000000.0
AON,2022,Financial Services,"Brokers, Exchanges & Other",2589000000,463000000.0,300.14,63029.399999999994,32704000000,33133000000.0,1142000000.0
AON,2023,Financial Services,"Brokers, Exchanges & Other",2564000000,489000000.0,291.02,59571794000.0,33959000000,34701000000.0,1147000000.0
AON,2024,Financial Services,"Brokers, Exchanges & Other",2654000000,562000000.0,359.16,77674196406.48001,48965000000,42535000000.0,1304000000.0
AOS,2021,Industrials,Industrial Products,487100000,170100000.0,85.85,13664066456.699999,3474400000,1642200000.0,631400000.0
AOS,2022,Industrials,Industrial Products,235700000,177200000.0,57.24,8911823817.6,3332300000,1584600000.0,481800000.0
AOS,2023,Industrials,Industrial Products,556600000,183500000.0,82.44,12440196000.0,3213900000,1369500000.0,363400000.0
AOS,2024,Industrials,Industrial Products,533600000,190400000.0,68.21,1765645384.9299998,3240000000,1356500000.0,276100000.0
APA,2021,Energy,Oil & Gas - E&P,1062000000,9000000.0,26.89,10191310000.0,14393000000,13421000000.0,279000000.0
APA,2022,Energy,Oil & Gas - E&P,3536000000,,46.68,15357720000.0,14255000000,11013000000.0,185000000.0
APA,2023,Energy,Oil & Gas - E&P,2526000000,,35.88,11051040000.0,16944000000,11000000000.0,84000000.0
APD,2021,Basic Materials,Chemicals,2099100000,1256700000.0,304.26,67381535827.32,26859200000,12771200000.0,5800800000.0
APD,2022,Basic Materials,Chemicals,2256100000,1383300000.0,308.26,68464546000.0,27192600000,13490200000.0,3301700000.0
APD,2023,Basic Materials,Chemicals,2300200000,1496600000.0,273.8,60893120000.0,32002500000,16342200000.0,1949200000.0
APD,2024,Basic Materials,Chemicals,3828200000,1564900000.0,290.04,64526842166.64001,39574600000,20900900000.0,2984700000.0
APH,2021,Technology,Computer Hardware,1590800000,346700000.0,43.73,52274842000.0,14678400000,8299300000.0,1241400000.0
APH,2022,Technology,Computer Hardware,1902300000,477400000.0,38.07,45326142000.0,15326200000,8232100000.0,1434200000.0
APH,2023,Technology,Computer Hardware,1928000000,500600000.0,49.56,59244024000.0,16526400000,8099900000.0,1660200000.0
APH,2024,Technology,Computer Hardware,2424000000,595100000.0,69.45,83729816530.05,21440200000,11584100000.0,3335400000.0
APO,2021,Financial Services,Asset Management,1838491000,853314000.0,72.43,17859751881.260002,30501894000,18537494000.0,27471080000.0
APO,2022,Financial Services,Asset Management,933867000,1215423000.0,63.79,37272497000.0,13793947000,9295046000.0,9325364000.0
APP,2021,Technology,Application Software,35446000,,94.26,34949677649.46,6163579000,4025288000.0,1520504000.0
APP,2022,Technology,Application Software,-192746000,,10.53,3889667960.1,5847846000,3945169000.0,1080484000.0
APP,2023,Technology,Application Software,356711000,,39.85,14870427155.65,5359187000,4102858000.0,502152000.0
APP,2024,Technology,Application Software,1579776000,,323.83,108674693889.31999,5869259000,4779441000.0,697030000.0
APTV,2021,Consumer Cyclical,Autos,590000000,,164.95,44620624500.0,18007000000,9446000000.0,3139000000.0
APTV,2022,Consumer Cyclical,Autos,594000000,,93.13,25247543000.0,21884000000,12790000000.0,1531000000.0
APTV,2023,Consumer Cyclical,Autos,2938000000,,89.72,24350008000.0,24427000000,12583000000.0,1640000000.0
APTV,2024,Consumer Cyclical,Autos,1787000000,,60.48,14214961494.72,23458000000,14373000000.0,1573000000.0
ARE,2021,Real Estate,REITs,571247000,655968000.0,222.96,33634407840.0,30219373000,11186123000.0,361348000.0
ARE,2022,Real Estate,REITs,521660000,757742000.0,145.67,23533571179.999996,35523399000,12840152000.0,825193000.0
ARE,2023,Real Estate,REITs,103639000,847483000.0,126.77,21650287680.0,36771402000,14148409000.0,618190000.0
ARE,2024,Real Estate,REITs,322949000,898557000.0,97.55,17048058365.449999,37527449000,15128988000.0,552146000.0
ATO,2021,Utilities,Utilities - Regulated,665563000,323904000.0,104.77,13762377660.0,19608662000,11701773000.0,116723000.0
ATO,2022,Utilities,Utilities - Regulated,774398000,375914000.0,112.07,14544332530.0,22192989000,12773898000.0,51554000.0
ATO,2023,Utilities,Utilities - Regulated,885862000,430345000.0,115.9,16927310900.0,22516968000,11646904000.0,19248000.0
ATO,2024,Utilities,Utilities - Regulated,1042895000,492950000.0,139.27,21642492960.91,25194465000,13036796000.0,308856000.0
AVB,2021,Real Estate,REITs,1004299000,888344000.0,252.59,35279367048.38,19902016000,8965555000.0,420251000.0
AVB,2022,Real Estate,REITs,1136775000,889607000.0,161.52,22553084602.32,20457764000,9201526000.0,613189000.0
AVB,2023,Real Estate,REITs,928825000,922657000.0,187.22,26602838867.22,20678214000,8893423000.0,397890000.0
AVB,2024,Real Estate,REITs,1081994000,961914000.0,219.97,31287924143.01,21000737000,9059645000.0,108576000.0
AVGO,2021,Technology,Semiconductors,6736000000,6212000000.0,66.54,273889478035.2,75570000000,50581000000.0,12163000000.0
AVGO,2022,Technology,Semiconductors,11495000000,7032000000.0,55.91,229790100000.0,73249000000,50540000000.0,12416000000.0
AVGO,2023,Technology,Semiconductors,14082000000,7645000000.0,111.62,460990600000.0,72861000000,48873000000.0,14189000000.0
AVGO,2024,Technology,Semiconductors,5895000000,9814000000.0,231.84,1086716651207.04,165645000000,97967000000.0,9348000000.0
AVY,2021,Industrials,Industrial Products,740100000,220600000.0,216.57,17976983869.53,7971600000,6047200000.0,162700000.0
AVY,2022,Industrials,Industrial Products,757100000,238900000.0,181.0,14823900000.0,7950500000,5918300000.0,167200000.0
AVY,2023,Industrials,Industrial Products,503000000,256700000.0,202.16,16290626125.76,8209800000,6081900000.0,215000000.0
AVY,2024,Industrials,Industrial Products,704900000,277500000.0,187.13,15035224264.69,8404200000,6091900000.0,329100000.0
AWK,2021,Utilities,Utilities - Regulated,1263000000,428000000.0,188.86,34372520000.0,26075000000,18774000000.0,116000000.0
AWK,2022,Utilities,Utilities - Regulated,820000000,467000000.0,152.42,27740439999.999996,27787000000,20091000000.0,85000000.0
AWK,2023,Utilities,Utilities - Regulated,942000000,532000000.0,131.99,25738050000.0,30298000000,20501000000.0,330000000.0
AWK,2024,Utilities,Utilities - Regulated,1051000000,585000000.0,124.49,24262340241.61,32830000000,22498000000.0,96000000.0
AXON,2021,Industrials,Aerospace & Defense,-60018000,,157.0,10392144000.0,1688210000,640361000.0,443022000.0
AXON,2022,Industrials,Aerospace & Defense,146930000,,165.93,11798784510.0,2851894000,1583403000.0,974693000.0
AZO,2021,Consumer Cyclical,Retail - Apparel & Specialty,2170314000,,2096.39,43257741430.439995,14516199000,16313735000.0,1171335000.0
AZO,2022,Consumer Cyclical,Retail - Apparel & Specialty,2429604000,,2466.18,47777305140.0,15275043000,18813956000.0,264380000.0
AZO,2023,Consumer Cyclical,Retail - Apparel & Specialty,2528426000,,2585.61,50091022530.0,15985878000,20335772000.0,277054000.0
AZO,2024,Consumer Cyclical,Retail - Apparel & Specialty,2662427000,,3202.0,53736476320.0,17176538000,21926152000.0,298172000.0
BA,2021,Industrials,Aerospace & Defense,-4202000000,,201.32,118496952000.0,138552000000,153398000000.0,16244000000.0
BA,2022,Industrials,Aerospace & Defense,-4935000000,,190.49,113589187000.0,137100000000,152948000000.0,17220000000.0
BALL,2021,Consumer Cyclical,Packaging & Containers,878000000,229000000.0,96.27,31066329000.0,19714000000,16029000000.0,563000000.0
BALL,2022,Consumer Cyclical,Packaging & Containers,719000000,254000000.0,51.14,16502878000.0,19909000000,16382000000.0,548000000.0
BALL,2023,Consumer Cyclical,Packaging & Containers,707000000,252000000.0,57.52,18136125829.280003,19303000000,15466000000.0,695000000.0
BALL,2024,Consumer Cyclical,Packaging & Containers,4008000000,244000000.0,55.13,16452223285.060001,17628000000,11698000000.0,885000000.0
BAX,2021,Healthcare,Medical Instruments & Equipment,1284000000,530000000.0,85.84,42920000000.0,33521000000,24400000000.0,2951000000.0
BAX,2022,Healthcare,Medical Instruments & Equipment,-2433000000,573000000.0,50.97,25688880000.0,28287000000,22392000000.0,1718000000.0
BAX,2023,Healthcare,Medical Instruments & Equipment,2656000000,586000000.0,38.66,19561960000.0,28276000000,19808000000.0,3078000000.0
BAX,2024,Healthcare,Medical Instruments & Equipment,-649000000,590000000.0,29.16,14888733861.960001,25782000000,18758000000.0,1764000000.0
BBY,2021,Consumer Cyclical,Retail - Apparel & Specialty,2454000000,688000000.0,101.6,24989964752.0,17504000000,14484000000.0,2936000000.0
BBY,2022,Consumer Cyclical,Retail - Apparel & Specialty,1419000000,789000000.0,80.21,18087355000.0,15803000000,13008000000.0,1874000000.0
BBY,2023,Consumer Cyclical,Retail - Apparel & Specialty,1241000000,801000000.0,78.28,17112008000.0,14967000000,11914000000.0,1447000000.0
BBY,2024,Consumer Cyclical,Retail - Apparel & Specialty,927000000,807000000.0,85.8,18343662737.399998,14782000000,11974000000.0,1578000000.0
BDX,2021,Healthcare,Medical Instruments & Equipment,2092000000,1048000000.0,192.88,71918633829.84,53868000000,30191000000.0,2295000000.0
BDX,2022,Healthcare,Medical Instruments & Equipment,1780000000,1082000000.0,199.92,72587143923.84,52932000000,27651000000.0,1014000000.0
BDX,2023,Healthcare,Medical Instruments & Equipment,1484000000,1114000000.0,191.69,69812582488.56,52781000000,26983000000.0,1424000000.0
BDX,2024,Healthcare,Medical Instruments & Equipment,1705000000,1100000000.0,178.36,65143538620.16,57287000000,31396000000.0,2162000000.0
BEN,2021,Financial Services,Asset Management,1831200000,559700000.0,33.49,16373261000.000002,24168400000,11424800000.0,6157500000.0
BEN,2022,Financial Services,Asset Management,1291900000,583100000.0,26.38,12923562000.0,28060600000,14235900000.0,6433800000.0
BG,2021,Consumer Defensive,Consumer Packaged Goods,2078000000,323000000.0,93.36,13111313899.68,23819000000,15613000000.0,902000000.0
BG,2022,Consumer Defensive,Consumer Packaged Goods,1610000000,349000000.0,99.77,15145053774.289999,24580000000,14620000000.0,1104000000.0
BIIB,2021,Healthcare,Biotechnology,1556100000,,239.92,35508160000.0,23877300000,12917600000.0,3802500000.0
BIIB,2022,Healthcare,Biotechnology,3046900000,,276.92,40402628000.0,24554100000,11165700000.0,5598500000.0
BIIB,2023,Healthcare,Biotechnology,1161100000,,258.77,37366388000.0,26844800000,12045400000.0,1049900000.0
BIIB,2024,Healthcare,Biotechnology,1632200000,,152.92,22283401472.8,28049300000,11333300000.0,2375000000.0
BKNG,2021,Consumer Cyclical,Travel & Leisure,1165000000,,2399.23,98531577640.0,23641000000,17463000000.0,11152000000.0
BKNG,2022,Consumer Cyclical,Travel & Leisure,3058000000,,2015.28,79732537920.0,25361000000,22579000000.0,12396000000.0
BKNG,2023,Consumer Cyclical,Travel & Leisure,4289000000,,3547.22,130104935160.0,24342000000,27086000000.0,12683000000.0
BKNG,2024,Consumer Cyclical,Travel & Leisure,5882000000,1174000000.0,4968.42,164438370803.46,27708000000,31728000000.0,16164000000.0
BKR,2021,Energy,Oil & Gas - Services,-219000000,592000000.0,24.06,21557760000.0,35308000000,18562000000.0,3853000000.0
BKR,2022,Energy,Oil & Gas - Services,-601000000,726000000.0,29.53,29766240000.0,34181000000,19656000000.0,2488000000.0
BKR,2023,Energy,Oil & Gas - Services,1943000000,786000000.0,34.18,34521800000.0,36945000000,21426000000.0,2646000000.0
BKR,2024,Energy,Oil & Gas - Services,2979000000,836000000.0,41.02,40590348685.18,38363000000,21308000000.0,3364000000.0
BLDR,2021,Basic Materials,Building Materials,1725416000,,85.71,17507810280.0,10714343000,5911862000.0,42603000.0
BLDR,2022,Basic Materials,Building Materials,2749369000,,64.88,10076447920.0,10595160000,5632594000.0,80445000.0
BLDR,2023,Basic Materials,Building Materials,1540555000,,166.94,21197540380.0,10499452000,5767101000.0,66156000.0
BLDR,2024,Basic Materials,Building Materials,1077898000,,142.93,16449096191.400002,10583086000,6286616000.0,153624000.0
BLK,2021,Financial Services,Asset Management,5901000000,2547000000.0,915.56,139002357236.56,152648000000,113755000000.0,16585000000.0
BLK,2022,Financial Services,Asset Management,5178000000,2990000000.0,708.63,107210460965.4,117628000000,78843000000.0,7416000000.0
BLK,2023,Financial Services,Asset Management,5502000000,3035000000.0,811.8,122257080000.0,123211000000,81971000000.0,8736000000.0
BMY,2021,Healthcare,Drug Manufacturers,6994000000,4396000000.0,62.35,138354650000.0,109314000000,73308000000.0,16966000000.0
BMY,2022,Healthcare,Drug Manufacturers,6327000000,4634000000.0,71.95,153469350000.0,96820000000,65702000000.0,9253000000.0
BMY,2023,Healthcare,Drug Manufacturers,8025000000,4744000000.0,51.31,107699690000.0,95159000000,65674000000.0,12280000000.0
BMY,2024,Healthcare,Drug Manufacturers,-8948000000,4863000000.0,56.56,114713672681.44,92603000000,76215000000.0,10859000000.0
BR,2021,Industrials,Business Services,547400000,261700000.0,182.82,21243684000.0,8119700000,6310700000.0,274500000.0
BR,2022,Industrials,Business Services,539100000,290700000.0,134.13,15760275000.0,8168900000,6249800000.0,224700000.0
BR,2023,Industrials,Business Services,630600000,331000000.0,205.75,24216775000.0,8233200000,5992600000.0,252300000.0
BR,2024,Industrials,Business Services,698000000,368200000.0,226.09,26427516306.760002,8242400000,6074300000.0,304400000.0
BRO,2021,Financial Services,"Brokers, Exchanges & Other",587100000,107200000.0,70.28,19412390200.0,9795400000,5598500000.0,706100000.0
BRO,2022,Financial Services,"Brokers, Exchanges & Other",672000000,120000000.0,56.97,15823645380.0,13973500000,9366900000.0,662000000.0
BRO,2023,Financial Services,"Brokers, Exchanges & Other",871000000,135000000.0,71.11,19903689000.0,14883000000,9304000000.0,711000000.0
BRO,2024,Financial Services,"Brokers, Exchanges & Other",993000000,154000000.0,102.02,29173474947.8,17612000000,11175000000.0,675000000.0
BSX,2021,Healthcare,Medical Devices,1039000000,55000000.0,42.48,60542495999.99999,32230000000,15608000000.0,1925000000.0
BSX,2022,Healthcare,Medical Devices,696000000,55000000.0,46.27,66240132000.00001,32470000000,14897000000.0,928000000.0
BSX,2023,Healthcare,Medical Devices,1593000000,,57.81,84662745000.0,35134000000,15605000000.0,865000000.0
BSX,2024,Healthcare,Medical Devices,1856000000,,89.32,131642270960.2,39396000000,17391000000.0,414000000.0
BX,2021,Financial Services,Asset Management,5857397000,4602574000.0,129.39,93994745204.34,41196408000,19490362000.0,2119738000.0
BX,2022,Financial Services,Asset Management,1747631000,6518785000.0,74.19,52480692317.67,42524227000,22843160000.0,31805254000.0
BX,2023,Financial Services,Asset Management,1390880000,4268447000.0,130.92,99231946719.84,40287530000,22212316000.0,29102488000.0
BX,2024,Financial Services,Asset Management,2776508000,4424183000.0,172.42,124487705361.57999,43469875000,23974860000.0,1972140000.0
BXP,2021,Real Estate,REITs,505195000,683753000.0,115.18,17989157940.0,22365258000,14322462000.0,
BXP,2022,Real Estate,REITs,848947000,685019000.0,67.58,10591137600.0,24207669000,15837237000.0,690333000.0
BXP,2023,Real Estate,REITs,190215000,687809000.0,70.17,11008269600.0,26026149000,17833785000.0,1531477000.0
BXP,2024,Real Estate,REITs,14272000,689870000.0,74.36,11757111428.92,26084980000,18137324000.0,1254882000.0
CAG,2021,Consumer Defensive,Consumer Packaged Goods,1298800000,474600000.0,34.15,16390185439.75,22195600000,13564200000.0,79200000.0
CAG,2022,Consumer Defensive,Consumer Packaged Goods,888200000,581800000.0,38.7,18599220000.0,22435100000,13572900000.0,83300000.0
CAG,2023,Consumer Defensive,Consumer Packaged Goods,683600000,623800000.0,28.66,13699624102.48,22052600000,13245300000.0,93300000.0
CAG,2024,Consumer Defensive,Consumer Packaged Goods,347200000,659300000.0,27.75,13245642820.5,20862300000,12351000000.0,77700000.0
CAH,2021,Healthcare,Medical Distribution,611000000,573000000.0,51.49,14777630000.0,44453000000,42659000000.0,3407000000.0
CAH,2022,Healthcare,Medical Distribution,-936000000,559000000.0,76.87,20831770000.0,43878000000,44584000000.0,4717000000.0
CAH,2023,Healthcare,Medical Distribution,330000000,525000000.0,100.8,26308800000.0,43349000000,46306000000.0,4076000000.0
CAH,2024,Healthcare,Medical Distribution,852000000,499000000.0,118.27,28622582189.809998,45121000000,48333000000.0,5133000000.0
CARR,2021,Industrials,Industrial Products,1664000000,417000000.0,54.24,47058624000.0,26172000000,19078000000.0,2987000000.0
CARR,2022,Industrials,Industrial Products,3534000000,509000000.0,41.25,34633500000.0,26086000000,18010000000.0,3520000000.0
CAT,2021,Industrials,Farm & Construction Machinery,6489000000,2332000000.0,206.74,111370838000.0,82793000000,66277000000.0,9254000000.0
CAT,2022,Industrials,Farm & Construction Machinery,6705000000,2440000000.0,239.56,125769000000.0,81943000000,66052000000.0,7004000000.0
CAT,2023,Industrials,Farm & Construction Machinery,10335000000,2563000000.0,295.67,152979658000.0,87476000000,67973000000.0,6978000000.0
CAT,2024,Industrials,Farm & Construction Machinery,10792000000,2646000000.0,362.76,173374621026.24,87764000000,68270000000.0,6889000000.0
CBOE,2021,Financial Services,"Brokers, Exchanges & Other",529000000,193300000.0,130.4,13926720000.0,6814500000,3209700000.0,379000000.0
CBOE,2022,Financial Services,"Brokers, Exchanges & Other",235000000,209400000.0,125.47,13337461000.0,6998900000,3533600000.0,524400000.0
CBOE,2023,Financial Services,"Brokers, Exchanges & Other",761400000,223500000.0,178.56,18873792000.0,7487500000,3502500000.0,600700000.0
CBOE,2024,Financial Services,"Brokers, Exchanges & Other",764900000,249400000.0,195.4,20455607860.2,7789100000,3509500000.0,1030600000.0
CBRE,2021,Real Estate,Real Estate Services,1837000000,,108.51,36390449856.42,22073491000,12714374000.0,2430951000.0
CBRE,2022,Real Estate,Real Estate Services,1407000000,,76.96,25043961872.8,20513000000,11907000000.0,1318000000.0
CBRE,2023,Real Estate,Real Estate Services,986000000,,93.09,29772767016.210003,22548000000,13481000000.0,1265000000.0
CBRE,2024,Real Estate,Real Estate Services,968000000,,131.29,40177101119.36,24383000000,15191000000.0,1114000000.0
CCI,2021,Business Services,Communication Services,1096000000,2373000000.0,208.74,90175680000.0,39040000000,30782000000.0,292000000.0
CCI,2022,Business Services,Communication Services,1675000000,2602000000.0,135.64,58732119999.99999,38921000000,31472000000.0,156000000.0
CCL,2021,Consumer Cyclical,Travel & Leisure,-9501000000,,20.12,19738694874.36,53345000000,41200000000.0,9139000000.0
CCL,2022,Consumer Cyclical,Travel & Leisure,-6093000000,,8.06,9188400000.0,51703000000,44638000000.0,4029000000.0
CCL,2023,Consumer Cyclical,Travel & Leisure,-50000000,,18.54,23416020000.0,49120000000,42239000000.0,2415000000.0
CCL,2024,Consumer Cyclical,Travel & Leisure,1914000000,,24.92,28761787463.920002,49057000000,39804000000.0,1210000000.0
CDNS,2021,Technology,Application Software,695955000,,186.35,51854682750.0,4386299000,1645624000.0,1088940000.0
CDNS,2022,Technology,Application Software,848952000,,160.64,43554483840.0,5137071000,2391958000.0,882325000.0
CDNS,2023,Technology,Application Software,1041144000,,272.37,73329902730.0,5669491000,2265220000.0,1008152000.0
CDNS,2024,Technology,Application Software,1055484000,,300.46,82405060980.0,8974482000,4300904000.0,2644030000.0
CDW,2021,Technology,Application Software,988600000,234800000.0,204.78,28116294000.0,13199400000,12493700000.0,258100000.0
CDW,2022,Technology,Application Software,1114500000,282600000.0,178.58,24161874000.0,13131500000,11528200000.0,315200000.0
CDW,2023,Technology,Application Software,1104300000,321500000.0,227.32,30597272000.0,13284600000,11242100000.0,588700000.0
CDW,2024,Technology,Application Software,1077800000,332100000.0,174.04,23193277350.48,14678400000,12325700000.0,717700000.0
CEG,2021,Energy,Alternative Energy Sources & Other,-205000000,,,,48086000000,36472000000.0,504000000.0
CEG,2022,Energy,Alternative Energy Sources & Other,-158000000,185000000.0,86.21,28190669999.999996,46909000000,35537000000.0,422000000.0
CEG,2023,Energy,Alternative Energy Sources & Other,1623000000,366000000.0,116.89,37872360000.0,50758000000,39472000000.0,368000000.0
CEG,2024,Energy,Alternative Energy Sources & Other,3749000000,444000000.0,223.71,69969015862.29001,52926000000,39387000000.0,3022000000.0
CF,2021,Basic Materials,Agriculture,917000000,260000000.0,70.78,15210622000.0,12375000000,6339000000.0,1628000000.0
CF,2022,Basic Materials,Agriculture,3346000000,306000000.0,85.2,17057040000.0,13313000000,5460000000.0,2323000000.0
CF,2023,Basic Materials,Agriculture,1525000000,311000000.0,79.5,15470700000.0,14376000000,6003000000.0,2032000000.0
CF,2024,Basic Materials,Agriculture,1218000000,364000000.0,85.32,14847380342.279999,13466000000,5874000000.0,
CHD,2021,Consumer Defensive,Consumer Packaged Goods,827500000,247500000.0,102.5,25143250000.0,7996500000,4763300000.0,240600000.0
CHD,2022,Consumer Defensive,Consumer Packaged Goods,413900000,255000000.0,80.61,19572108000.0,8345600000,4855700000.0,270300000.0
CHD,2023,Consumer Defensive,Consumer Packaged Goods,755600000,266500000.0,94.56,23167200000.0,8569200000,4713800000.0,344500000.0
CHD,2024,Consumer Defensive,Consumer Packaged Goods,585300000,277000000.0,104.71,25653691889.85,8883100000,4522300000.0,964100000.0
CHRW,2021,Industrials,Transportation & Logistics,844245000,277321000.0,107.63,14029355240.0,7028112000,5006178000.0,257413000.0
CHRW,2022,Industrials,Transportation & Logistics,940524000,285317000.0,91.56,11756761800.0,5954564000,4601142000.0,217482000.0
CHRW,2023,Industrials,Transportation & Logistics,325129000,291569000.0,86.39,10237215000.0,5225280000,3806583000.0,145524000.0
CHRW,2024,Industrials,Transportation & Logistics,465690000,294772000.0,103.32,12212961160.679998,5297926000,3575875000.0,145762000.0
CHTR,2021,Business Services,Communication Services,4654000000,,651.97,116892400863.81,142491000000,124335000000.0,601000000.0
CHTR,2022,Business Services,Communication Services,5055000000,,339.1,53568003061.9,144523000000,131974000000.0,645000000.0
CHTR,2023,Business Services,Communication Services,4557000000,,388.68,58337711918.4,147193000000,132475000000.0,709000000.0
CHTR,2024,Business Services,Communication Services,5083000000,,342.77,48654976782.79,150020000000,129241000000.0,459000000.0
CIEN,2021,Technology,Communication Equipment,500196000,,76.97,11930604924.64,4865227000,1845209000.0,1604029000.0
CIEN,2022,Technology,Communication Equipment,152902000,,50.98,7572977040.0,5069632000,2356771000.0,1148341000.0
CIEN,2023,Technology,Communication Equipment,254827000,,45.01,6636139370.0,5601495000,2753134000.0,1115371000.0
CIEN,2024,Technology,Communication Equipment,83956000,,84.81,12052823611.95,5641337000,2825199000.0,1251206000.0
CL,2021,Consumer Defensive,Consumer Packaged Goods,2166000000,1679000000.0,85.34,71864814000.0,15040000000,14069000000.0,832000000.0
CL,2022,Consumer Defensive,Consumer Packaged Goods,1785000000,1691000000.0,78.79,66349059000.00001,15731000000,14925000000.0,775000000.0
CL,2023,Consumer Defensive,Consumer Packaged Goods,2300000000,1749000000.0,79.71,66270893999.99999,16393000000,15436000000.0,966000000.0
CL,2024,Consumer Defensive,Consumer Packaged Goods,2889000000,1789000000.0,90.91,74274466100.87,16046000000,15502000000.0,1096000000.0
CLX,2021,Consumer Defensive,Consumer Packaged Goods,710000000,558000000.0,174.36,21442792800.0,6334000000,5742000000.0,319000000.0
CLX,2022,Consumer Defensive,Consumer Packaged Goods,462000000,571000000.0,140.33,17308161870.0,6158000000,5429000000.0,183000000.0
CLX,2023,Consumer Defensive,Consumer Packaged Goods,149000000,583000000.0,142.59,17655921570.0,5945000000,5557000000.0,367000000.0
CLX,2024,Consumer Defensive,Consumer Packaged Goods,280000000,595000000.0,162.41,20103323856.38,5751000000,5259000000.0,202000000.0
CMCSA,2021,Business Services,Communication Services,14159000000,4532000000.0,47.17,230915829320.0,275905000000,177897000000.0,8711000000.0
CMCSA,2022,Business Services,Communication Services,5370000000,4741000000.0,32.77,155841634630.0,257276000000,175236000000.0,4749000000.0
CMCSA,2023,Business Services,Communication Services,15389000000,4766000000.0,41.1,182650660500.0,264811000000,181345000000.0,6215000000.0
CMCSA,2024,Business Services,Communication Services,16193000000,4814000000.0,35.17,143596232496.11002,266210000000,179936000000.0,7322000000.0
CME,2021,Financial Services,"Brokers, Exchanges & Other",2636400000,2189300000.0,228.46,81871610980.0,196780300000,169381000000.0,2949900000.0
CME,2022,Financial Services,"Brokers, Exchanges & Other",2691000000,2633500000.0,168.16,60321514400.0,174175700000,147297000000.0,2816100000.0
CME,2023,Financial Services,"Brokers, Exchanges & Other",3226200000,3235500000.0,210.6,75609612000.0,129706100000,102968200000.0,3023700000.0
CME,2024,Financial Services,"Brokers, Exchanges & Other",3525800000,3584200000.0,232.23,83375214600.0,137447000000,110960100000.0,3005600000.0
CMG,2021,Consumer Cyclical,Restaurants,652984000,,34.97,49220275000.0,6652958000,4355584000.0,815374000.0
CMG,2022,Consumer Cyclical,Restaurants,899101000,,27.75,38535037500.0,6927504000,4559481000.0,384000000.0
CMG,2023,Consumer Cyclical,Restaurants,1228737000,,45.74,63006850000.0,8044362000,4982155000.0,560609000.0
CMG,2024,Consumer Cyclical,Restaurants,1534110000,,60.3,82164357900.0,9204374000,5548828000.0,748537000.0
CMI,2021,Industrials,Industrial Products,2131000000,809000000.0,218.14,31303089999.999996,23710000000,14309000000.0,3187000000.0
CMI,2022,Industrials,Industrial Products,2151000000,855000000.0,242.29,34211348000.0,30299000000,20074000000.0,2573000000.0
CMI,2023,Industrials,Industrial Products,735000000,921000000.0,239.57,33947069000.0,32005000000,22101000000.0,2741000000.0
CMI,2024,Industrials,Industrial Products,3946000000,969000000.0,348.6,47821593607.200005,31540000000,20232000000.0,2264000000.0
CMS,2021,Utilities,Utilities - Regulated,1353000000,509000000.0,65.05,18805955000.0,28753000000,21565000000.0,452000000.0
CMS,2022,Utilities,Utilities - Regulated,825000000,771000000.0,63.33,18334035000.0,31353000000,23758000000.0,164000000.0
CNC,2021,Healthcare,Health Care Plans,1347000000,,82.4,48059305600.0,78375000000,51353000000.0,14657000000.0
CNC,2022,Healthcare,Health Care Plans,1202000000,,82.01,47070541610.0,76870000000,52633000000.0,14395000000.0
CNC,2023,Healthcare,Health Care Plans,2702000000,,74.21,40736243720.0,84641000000,58685000000.0,19652000000.0
CNC,2024,Healthcare,Health Care Plans,3305000000,,60.58,30584721700.0,82445000000,55935000000.0,16685000000.0
CNP,2021,Utilities,Utilities - Regulated,1486000000,492000000.0,27.91,16885550000.0,37679000000,28261000000.0,1669000000.0
CNP,2022,Utilities,Utilities - Regulated,1057000000,489000000.0,29.99,18893700000.0,38546000000,28501000000.0,510000000.0
CNP,2023,Utilities,Utilities - Regulated,917000000,535000000.0,28.57,18027670000.0,39715000000,30048000000.0,631000000.0
CNP,2024,Utilities,Utilities - Regulated,1019000000,522000000.0,31.73,20679306467.48,43768000000,33102000000.0,585000000.0
COIN,2021,Financial Services,"Brokers, Exchanges & Other",3624120000,,252.37,52897761480.0,21274425000,14892736000.0,7123478000.0
COIN,2022,Financial Services,"Brokers, Exchanges & Other",-2624949000,,35.39,7820765320.0,89724873000,84270316000.0,79838209000.0
COIN,2023,Financial Services,"Brokers, Exchanges & Other",94871000,,173.92,40804066880.0,14753901000,8472252000.0,5258666000.0
COIN,2024,Financial Services,"Brokers, Exchanges & Other",2579066000,,248.3,62162014996.9,22541951000,12265109000.0,9652099000.0
COO,2021,Healthcare,Medical Instruments & Equipment,2944700000,3000000.0,104.73,20654469382.8,9606200000,2664200000.0,95900000.0
COO,2022,Healthcare,Medical Instruments & Equipment,385800000,3000000.0,82.67,16302524000.0,11492300000,4317600000.0,138200000.0
COO,2023,Healthcare,Medical Instruments & Equipment,294200000,3000000.0,94.61,18741918947.56,11658900000,4107900000.0,120800000.0
COO,2024,Healthcare,Medical Instruments & Equipment,392300000,,91.93,18347630808.18,12315200000,4231600000.0,107600000.0
COP,2021,Energy,Oil & Gas - E&P,8079000000,2359000000.0,72.18,94932940500.00002,90661000000,45255000000.0,5474000000.0
COP,2022,Energy,Oil & Gas - E&P,18680000000,5726000000.0,118.0,152195338000.0,93829000000,45826000000.0,9243000000.0
COR,2021,Healthcare,Medical Distribution,1539932000,366648000.0,132.89,27396070839.999996,57337805000,56753394000.0,2547142000.0
COR,2022,Healthcare,Medical Distribution,1698820000,391687000.0,165.71,34338757620.0,56560616000,56489343000.0,3388189000.0
COR,2023,Healthcare,Medical Distribution,1745293000,398752000.0,205.38,41558437620.0,62558746000,61892459000.0,2592051000.0
COR,2024,Healthcare,Medical Distribution,1509120000,416168000.0,224.68,43426181855.200005,67101667000,66314925000.0,3132648000.0
COST,2021,Consumer Defensive,Retail - Defensive,5007000000,5748000000.0,567.7,250823377504.7,59268000000,41190000000.0,12175000000.0
COST,2022,Consumer Defensive,Retail - Defensive,5844000000,1498000000.0,456.5,202611590500.0,64166000000,43519000000.0,11049000000.0
COST,2023,Consumer Defensive,Retail - Defensive,6292000000,1251000000.0,660.08,292961326160.0,68994000000,43936000000.0,15234000000.0
COST,2024,Consumer Defensive,Retail - Defensive,7367000000,9041000000.0,916.27,406731217614.89996,69831000000,46209000000.0,11144000000.0
CPB,2021,Consumer Defensive,Consumer Packaged Goods,1002000000,439000000.0,43.46,13168786351.0,11734000000,8580000000.0,69000000.0
CPB,2022,Consumer Defensive,Consumer Packaged Goods,757000000,451000000.0,56.75,16968250000.0,11892000000,8559000000.0,109000000.0
CPB,2023,Consumer Defensive,Consumer Packaged Goods,858000000,447000000.0,43.23,12882540000.0,12058000000,8395000000.0,189000000.0
CPB,2024,Consumer Defensive,Consumer Packaged Goods,567000000,445000000.0,41.88,12484815138.720001,15235000000,11439000000.0,108000000.0
CPRT,2021,Consumer Cyclical,Autos,936495000,,37.91,35874763436.71999,4562143000,1032942000.0,1048260000.0
CPRT,2022,Consumer Cyclical,Autos,1090130000,,30.45,58728062400.0,5308864000,683265000.0,1384236000.0
CPRT,2023,Consumer Cyclical,Autos,1237741000,,49.0,93665754000.0,6737879000,750439000.0,2363984000.0
CPRT,2024,Consumer Cyclical,Autos,1363020000,,57.39,55296894990.78,8427764000,879209000.0,3422158000.0
CPT,2021,Real Estate,REITs,303907000,343039000.0,178.68,18416726280.0,7976784000,3710529000.0,613391000.0
CRH,2022,Basic Materials,Building Materials,3862000000,917000000.0,39.79,30803044049.02,45319000000,22279000000.0,5936000000.0
CRH,2023,Basic Materials,Building Materials,3178000000,940000000.0,69.16,52018025776.079994,47469000000,25848000000.0,6341000000.0
CRH,2024,Basic Materials,Building Materials,3492000000,1706000000.0,92.52,62852227598.159996,50613000000,27763000000.0,3720000000.0
CRL,2021,Healthcare,Medical Diagnostics & Research,390982000,,376.78,18999131500.0,7024292000,4432300000.0,241214000.0
CRL,2022,Healthcare,Medical Diagnostics & Research,486226000,,217.9,11084573000.0,7602770000,4579265000.0,233912000.0
CRL,2023,Healthcare,Medical Diagnostics & Research,474624000,,236.4,12025668000.0,8195001000,4536003000.0,276771000.0
CRL,2024,Healthcare,Medical Diagnostics & Research,10297000,,184.6,9439738458.8,7528345000,4020267000.0,194606000.0
CRM,2021,Technology,Application Software,1444000000,,254.13,234053730000.0,95209000000,37078000000.0,10537000000.0
CRM,2022,Technology,Application Software,208000000,0.0,132.59,132192230000.0,98849000000,40490000000.0,12508000000.0
CRM,2023,Technology,Application Software,4136000000,0.0,263.14,255772080000.0,99823000000,40177000000.0,14194000000.0
CRM,2024,Technology,Application Software,6197000000,1537000000.0,334.33,319953810000.0,102928000000,41755000000.0,14032000000.0
CRWD,2021,Technology,Application Software,-234802000,,204.75,46234724035.5,3618381000,2580738000.0,1996633000.0
CRWD,2022,Technology,Application Software,-183245000,,105.29,24615222650.0,5026540000,3539106000.0,2705369000.0
CRWD,2023,Technology,Application Software,72181000,,255.32,61097310040.0,6646520000,4309431000.0,3474660000.0
CRWD,2024,Technology,Application Software,-15241000,,342.16,84277912729.92001,8701578000,5382661000.0,4323295000.0
CSCO,2021,Technology,Communication Equipment,10591000000,6163000000.0,63.37,267277925060.28998,97497000000,56222000000.0,24518000000.0
CSCO,2022,Technology,Communication Equipment,11812000000,6224000000.0,47.64,195705120000.0,94002000000,54229000000.0,19267000000.0
CSCO,2023,Technology,Communication Equipment,12613000000,6302000000.0,50.52,205666920000.0,101852000000,57499000000.0,26146000000.0
CSCO,2024,Technology,Communication Equipment,10320000000,6384000000.0,59.2,235779288992.0,124413000000,78956000000.0,17854000000.0
CSGP,2021,Real Estate,Real Estate Services,292600000,,79.03,31012873570.0,7256871000,1545199000.0,3827126000.0
CSGP,2022,Real Estate,Real Estate Services,369500000,,77.28,30503343360.0,8402500000,1532500000.0,4968000000.0
CSGP,2023,Real Estate,Real Estate Services,375000000,,87.39,35449666110.0,8919700000,1581100000.0,5215900000.0
CSGP,2024,Real Estate,Real Estate Services,139000000,,71.59,29349001822.030003,9257000000,1704000000.0,4681000000.0
CSX,2021,Industrials,Transportation & Logistics,3781000000,839000000.0,37.6,83396176253.6,40531000000,27031000000.0,2316000000.0
CSX,2022,Industrials,Transportation & Logistics,4114000000,852000000.0,30.98,66335650393.28,41912000000,29287000000.0,2087000000.0
CSX,2023,Industrials,Transportation & Logistics,3668000000,882000000.0,34.67,72890510634.43001,42212000000,30227000000.0,1436000000.0
CSX,2024,Industrials,Transportation & Logistics,3470000000,930000000.0,32.27,62230086067.310005,42764000000,30257000000.0,1005000000.0
CTAS,2021,Industrials,Business Services,1110968000,451327000.0,110.79,45826122651.840004,8236823000,4548976000.0,493640000.0
CTAS,2022,Industrials,Business Services,1235757000,375119000.0,112.91,45808941920.0,8147256000,4839060000.0,90471000.0
CTAS,2023,Industrials,Business Services,1348010000,449917000.0,150.66,61406002800.0,8546356000,4682370000.0,124149000.0
CTAS,2024,Industrials,Business Services,1571592000,530909000.0,182.7,73727476376.4,9168817000,4852445000.0,342015000.0
CTRA,2021,Energy,Oil & Gas - E&P,1158000000,780000000.0,19.0,7588975212.0,19900000000,8112000000.0,1036000000.0
CTRA,2022,Energy,Oil & Gas - E&P,4061000000,1992000000.0,24.57,9813743208.36,20154000000,7484000000.0,673000000.0
CTSH,2021,Technology,Application Software,2137000000,509000000.0,88.72,46578000000.0,17852000000,5861000000.0,2719000000.0
CTSH,2022,Technology,Application Software,2290000000,564000000.0,57.19,29510040000.0,17852000000,5543000000.0,2501000000.0
CTSH,2023,Technology,Application Software,2126000000,591000000.0,75.53,38218180000.0,18483000000,5256000000.0,2635000000.0
CTSH,2024,Technology,Application Software,2240000000,600000000.0,76.9,38128885594.0,19966000000,5558000000.0,2243000000.0
CTVA,2021,Basic Materials,Agriculture,1759000000,397000000.0,47.28,34694064000.0,42344000000,16721000000.0,4545000000.0
CTVA,2022,Basic Materials,Agriculture,1147000000,418000000.0,58.78,42733060000.0,42618000000,17077000000.0,3315000000.0
CTVA,2023,Basic Materials,Agriculture,735000000,439000000.0,47.92,34162168000.0,42996000000,17717000000.0,2742000000.0
CTVA,2024,Basic Materials,Agriculture,907000000,458000000.0,56.96,39148209280.0,40825000000,16795000000.0,3169000000.0
CVNA,2021,Consumer Cyclical,Retail - Apparel & Specialty,-135000000,,231.79,19650924410.0,7015000000,6490000000.0,403000000.0
CVNA,2022,Consumer Cyclical,Retail - Apparel & Specialty,-1587000000,,4.74,480873000.0,8698000000,9751000000.0,434000000.0
CVNA,2023,Consumer Cyclical,Retail - Apparel & Specialty,450000000,,52.94,5623392680.0,7071000000,7455000000.0,530000000.0
CVNA,2024,Consumer Cyclical,Retail - Apparel & Specialty,210000000,,203.36,42223590433.920006,8484000000,7109000000.0,1716000000.0
CVS,2021,Healthcare,Health Care Plans,8001000000,2625000000.0,103.16,136274360000.0,232999000000,157618000000.0,12525000000.0
CVS,2022,Healthcare,Health Care Plans,4311000000,2907000000.0,93.19,122544850000.0,228275000000,156506000000.0,15723000000.0
CVS,2023,Healthcare,Health Care Plans,8344000000,3132000000.0,78.96,101613354114.71999,249728000000,173092000000.0,11455000000.0
CVS,2024,Healthcare,Health Care Plans,4614000000,3373000000.0,44.89,56489919184.05,253215000000,177485000000.0,10993000000.0
CVX,2021,Energy,Oil & Gas - Integrated,15625000000,10179000000.0,117.35,224776884000.0,239535000000,99595000000.0,5675000000.0
CVX,2022,Energy,Oil & Gas - Integrated,35465000000,10968000000.0,179.49,346817398620.0,257709000000,97467000000.0,17901000000.0
D,2021,Utilities,Utilities - Regulated,3399000000,2036000000.0,78.56,63633600000.0,99590000000,70672000000.0,283000000.0
D,2022,Utilities,Utilities - Regulated,1191000000,2209000000.0,61.32,49669200000.0,104243000000,76362000000.0,120000000.0
DAL,2021,Industrials,Airlines,280000000,,39.08,24893960000.0,72459000000,68572000000.0,11319000000.0
DAL,2022,Industrials,Airlines,1318000000,,32.86,20964680000.0,72288000000,65706000000.0,6534000000.0
DAL,2023,Industrials,Airlines,4609000000,128000000.0,40.23,25706969999.999996,73644000000,62539000000.0,3868000000.0
DAL,2024,Industrials,Airlines,3457000000,321000000.0,60.5,39039513870.5,75372000000,60079000000.0,3069000000.0
DASH,2021,Technology,Application Software,-468000000,,148.9,50651164100.0,6809000000,2142000000.0,3757000000.0
DASH,2022,Technology,Application Software,-1365000000,,48.82,18783787920.0,9789000000,3021000000.0,3521000000.0
DASH,2023,Technology,Application Software,-558000000,,98.89,33310799830.0,10839000000,4026000000.0,4078000000.0
DASH,2024,Technology,Application Software,123000000,,167.75,56506084250.0,12845000000,5035000000.0,5341000000.0
DD,2021,Basic Materials,Chemicals,6467000000,635000000.0,80.78,42126770000.0,45707000000,18657000000.0,1972000000.0
DD,2022,Basic Materials,Chemicals,5868000000,652000000.0,68.63,34685602000.0,41355000000,14338000000.0,4964000000.0
DD,2023,Basic Materials,Chemicals,423000000,651000000.0,76.93,35326256000.0,38552000000,13827000000.0,2392000000.0
DDOG,2021,Technology,Application Software,-20745000,,178.11,55258093170.00001,2380794000,1339591000.0,1554446000.0
DDOG,2022,Technology,Application Software,-50160000,,73.5,23225265000.0,3004852000,1594347000.0,1884326000.0
DDOG,2023,Technology,Application Software,48568000,,121.38,39110456700.0,3936072000,1910718000.0,2582898000.0
DDOG,2024,Technology,Application Software,183746000,,142.89,48543027328.95,5785339000,3070976000.0,4189059000.0
DE,2021,Industrials,Farm & Construction Machinery,5963000000,1040000000.0,342.89,106961823925.87999,84114000000,65680000000.0,8745000000.0
DE,2022,Industrials,Farm & Construction Machinery,7131000000,1313000000.0,428.76,128799504000.0,90030000000,69673000000.0,5508000000.0
DE,2023,Industrials,Farm & Construction Machinery,10166000000,1427000000.0,399.87,118001637000.0,104087000000,82201000000.0,8404000000.0
DE,2024,Industrials,Farm & Construction Machinery,7100000000,1605000000.0,423.7,115066446983.4,107320000000,84395000000.0,8478000000.0
DECK,2021,Consumer Cyclical,Retail - Apparel & Specialty,451949000,,61.05,10128561300.0,2332250000,793425000.0,843527000.0
DECK,2022,Consumer Cyclical,Retail - Apparel & Specialty,516822000,,66.53,10585056060.0,2556203000,790470000.0,981795000.0
DECK,2023,Consumer Cyclical,Retail - Apparel & Specialty,759563000,,111.41,17400682260.0,3135579000,1028111000.0,1502051000.0
DELL,2021,Technology,Computer Hardware,5563000000,,56.17,84792780904.22,92735000000,94315000000.0,9477000000.0
DELL,2022,Technology,Computer Hardware,2442000000,964000000.0,40.22,29722580000.0,89611000000,92636000000.0,8607000000.0
DELL,2023,Technology,Computer Hardware,3388000000,1072000000.0,76.5,55539000000.0,82126000000,84258000000.0,7366000000.0
DELL,2024,Technology,Computer Hardware,4592000000,1275000000.0,115.24,83664240000.0,79746000000,81133000000.0,3633000000.0
DG,2021,Consumer Defensive,Retail - Defensive,2399232000,392188000.0,235.83,55021548710.94,26327371000,20065385000.0,344829000.0
DG,2022,Consumer Defensive,Retail - Defensive,2415989000,493726000.0,246.25,55289773750.0,29083367000,23541595000.0,381576000.0
DG,2023,Consumer Defensive,Retail - Defensive,1661274000,517979000.0,135.95,29827837849.999996,30795591000,24046472000.0,537283000.0
DG,2024,Consumer Defensive,Retail - Defensive,1125253000,518983000.0,75.82,16674764299.399998,31132733000,23719026000.0,932576000.0
DGX,2021,Healthcare,Medical Diagnostics & Research,1995000000,309000000.0,173.01,21280230000.0,13611000000,7049000000.0,872000000.0
DGX,2022,Healthcare,Medical Diagnostics & Research,946000000,305000000.0,156.44,18147040000.0,12837000000,6830000000.0,315000000.0
DHI,2021,Consumer Cyclical,Homebuilding & Construction,4175800000,289300000.0,108.45,129248237882.25,24015900000,8799700000.0,3210400000.0
DHI,2022,Consumer Cyclical,Homebuilding & Construction,5857500000,316500000.0,89.14,31270312000.0,30351100000,10565500000.0,2540500000.0
DHI,2023,Consumer Cyclical,Homebuilding & Construction,4745700000,341200000.0,151.98,51658002000.0,32582400000,9444500000.0,3873600000.0
DHI,2024,Consumer Cyclical,Homebuilding & Construction,4756400000,395200000.0,139.82,44905923125.32,36104300000,10279900000.0,4516400000.0
DHR,2021,Healthcare,Medical Diagnostics & Research,6433000000,742000000.0,329.01,235275051000.0,83184000000,38007000000.0,2586000000.0
DHR,2022,Healthcare,Medical Diagnostics & Research,7209000000,818000000.0,265.42,189934552000.0,84350000000,34260000000.0,5995000000.0
DHR,2023,Healthcare,Medical Diagnostics & Research,4764000000,821000000.0,231.34,170566982000.0,84488000000,30998000000.0,9786000000.0
DHR,2024,Healthcare,Medical Diagnostics & Research,3899000000,768000000.0,229.55,165798258616.55002,77542000000,27992000000.0,2078000000.0
DIS,2021,Consumer Cyclical,Entertainment,1995000000,,154.89,281536729785.72,203609000000,101385000000.0,15959000000.0
DIS,2022,Consumer Cyclical,Entertainment,3145000000,,86.88,158469120000.0,203631000000,95253000000.0,11615000000.0
DIS,2023,Consumer Cyclical,Entertainment,2354000000,,90.29,165140410000.0,205579000000,92567000000.0,14182000000.0
DIS,2024,Consumer Cyclical,Entertainment,4972000000,1366000000.0,111.35,201648091723.09998,196219000000,90697000000.0,6002000000.0
DLR,2021,Real Estate,REITs,1748359000,1580448000.0,,,36369560000,17845778000.0,142698000.0
DLR,2022,Real Estate,REITs,385784000,1450637000.0,,,41484998000,21862854000.0,141773000.0
DLR,2023,Real Estate,REITs,969548000,1520644000.0,,,44113258000,23116937000.0,1625495000.0
DLR,2024,Real Estate,REITs,615190000,1633247000.0,,,45283616000,22107836000.0,3870891000.0
DLTR,2021,Consumer Defensive,Retail - Defensive,1327900000,,140.52,31604615691.36,21721800000,14003300000.0,984900000.0
DLTR,2022,Consumer Defensive,Retail - Defensive,1615400000,,141.44,31710848000.0,23022100000,14270600000.0,642800000.0
DLTR,2023,Consumer Defensive,Retail - Defensive,-998400000,,142.05,31094745000.000004,22023500000,14710400000.0,425200000.0
DLTR,2024,Consumer Defensive,Retail - Defensive,-3030100000,,74.94,16114995531.72,18644000000,14666600000.0,1256500000.0
DOC,2021,Real Estate,REITs,83965000,198844000.0,36.09,7846206251.130001,5182709000,2188595000.0,9876000.0
DOC,2022,Real Estate,REITs,104366000,209417000.0,25.07,5679083057.87,5096877000,2099768000.0,7730000.0
DOC,2023,Real Estate,REITs,41876000,220429000.0,19.8,4721909920.2,5155621000,2266095000.0,156779000.0
DOV,2021,Industrials,Industrial Products,1123818000,286896000.0,181.6,26146041600.0,10403627000,6214099000.0,385504000.0
DOV,2022,Industrials,Industrial Products,1065376000,287551000.0,135.41,19296737460.0,10896519000,6610153000.0,380868000.0
DOV,2023,Industrials,Industrial Products,1056828000,284297000.0,153.81,21514635180.0,11348513000,6241908000.0,398561000.0
DOV,2024,Industrials,Industrial Products,2697126000,283117000.0,187.6,25737212821.6,12509160000,5555164000.0,1844877000.0
DOW,2021,Basic Materials,Chemicals,6311000000,3264000000.0,56.72,42228040000.0,62990000000,44251000000.0,2988000000.0
DOW,2022,Basic Materials,Chemicals,4582000000,4375000000.0,50.39,35993577000.0,60603000000,39356000000.0,3886000000.0
DOW,2023,Basic Materials,Chemicals,589000000,2510000000.0,54.84,38771880000.0,57967000000,38859000000.0,2987000000.0
DOW,2024,Basic Materials,Chemicals,1116000000,2485000000.0,40.13,28094679519.7,57312000000,39461000000.0,2189000000.0
DPZ,2021,Consumer Cyclical,Restaurants,510467000,139399000.0,564.33,21912027021.690002,1671816000,5881352000.0,148160000.0
DPZ,2022,Consumer Cyclical,Restaurants,452263000,157531000.0,346.4,12518297767.199999,1602221000,5791286000.0,60356000.0
DPZ,2023,Consumer Cyclical,Restaurants,519118000,169772000.0,412.23,14601070351.140001,1674899000,5745266000.0,114098000.0
DPZ,2024,Consumer Cyclical,Restaurants,584170000,209945000.0,419.76,14495143085.279999,1737013000,5699304000.0,186126000.0
DRI,2021,Consumer Cyclical,Restaurants,629300000,202600000.0,150.64,19710140411.359997,10656100000,7843000000.0,1214700000.0
DRI,2022,Consumer Cyclical,Restaurants,952800000,563000000.0,138.33,17000757000.000002,10135800000,7937600000.0,420600000.0
DRI,2023,Consumer Cyclical,Restaurants,981900000,589800000.0,164.3,19619196575.9,10241500000,8040000000.0,367800000.0
DRI,2024,Consumer Cyclical,Restaurants,1027600000,628400000.0,186.69,21870133478.34,11323000000,9080500000.0,194800000.0
DTE,2021,Utilities,Utilities - Regulated,909000000,791000000.0,119.54,23071220000.0,39719000000,31006000000.0,28000000.0
DTE,2022,Utilities,Utilities - Regulated,1083000000,685000000.0,117.53,22683290000.0,42683000000,32282000000.0,33000000.0
DTE,2023,Utilities,Utilities - Regulated,1397000000,752000000.0,110.26,22713560000.0,44755000000,33700000000.0,26000000.0
DTE,2024,Utilities,Utilities - Regulated,1404000000,810000000.0,120.75,25007395759.5,48846000000,37142000000.0,24000000.0
DUK,2021,Utilities,Utilities - Regulated,3908000000,3114000000.0,104.9,80668100000.0,169587000000,118451000000.0,341000000.0
DUK,2022,Utilities,Utilities - Regulated,2550000000,3179000000.0,102.99,79302300000.0,178086000000,126233000000.0,409000000.0
DUK,2023,Utilities,Utilities - Regulated,2841000000,3244000000.0,97.04,74817840000.0,176893000000,126706000000.0,253000000.0
DUK,2024,Utilities,Utilities - Regulated,4524000000,3213000000.0,107.74,83227254314.7,186343000000,135087000000.0,314000000.0
DVA,2021,Healthcare,Health Care Providers,978450000,,113.76,11921251680.0,17121488000,14750508000.0,484210000.0
DVA,2022,Healthcare,Health Care Providers,560400000,,74.67,7053104190.0,16928252000,14703452000.0,321779000.0
DVA,2023,Healthcare,Health Care Providers,691535000,,104.76,11023894800.0,16893578000,14150228000.0,391673000.0
DVA,2024,Healthcare,Health Care Providers,936342000,,149.55,12263100000.0,17285268000,15193917000.0,845997000.0
DVN,2021,Energy,Oil & Gas - E&P,2813000000,1315000000.0,44.05,29821849999.999996,21025000000,11626000000.0,2271000000.0
DVN,2022,Energy,Oil & Gas - E&P,6015000000,3379000000.0,61.51,40104520000.0,23721000000,12425000000.0,1454000000.0
DVN,2023,Energy,Oil & Gas - E&P,3747000000,1858000000.0,45.3,29490300000.0,24490000000,12273000000.0,875000000.0
DVN,2024,Energy,Oil & Gas - E&P,2891000000,937000000.0,32.73,21500336999.999996,30489000000,15785000000.0,846000000.0
DXCM,2021,Healthcare,Medical Diagnostics & Research,216900000,,134.24,52031424000.0,4933300000,2891200000.0,2731200000.0
DXCM,2022,Healthcare,Medical Diagnostics & Research,341200000,,113.24,44140952000.0,5391700000,3259900000.0,2456200000.0
DXCM,2023,Healthcare,Medical Diagnostics & Research,541500000,,124.09,48320646000.0,6264500000,4195900000.0,2724100000.0
DXCM,2024,Healthcare,Medical Diagnostics & Research,576200000,,77.77,30376603480.3,6484500000,4381900000.0,2579400000.0
EA,2021,Technology,Application Software,789000000,193000000.0,131.9,37302394061.700005,13800000000,6175000000.0,3062000000.0
EA,2022,Technology,Application Software,802000000,210000000.0,122.18,33966040000.0,13459000000,6166000000.0,2767000000.0
EA,2023,Technology,Application Software,1273000000,205000000.0,136.81,37075510000.0,13420000000,5907000000.0,3262000000.0
EBAY,2021,Consumer Cyclical,Retail - Apparel & Specialty,13608000000,466000000.0,66.5,40299000000.0,26626000000,16848000000.0,7323000000.0
EBAY,2022,Consumer Cyclical,Retail - Apparel & Specialty,-1269000000,489000000.0,41.47,22725560000.0,20850000000,15697000000.0,4779000000.0
EBAY,2023,Consumer Cyclical,Retail - Apparel & Specialty,2767000000,528000000.0,43.62,23293080000.0,21620000000,15224000000.0,4518000000.0
EBAY,2024,Consumer Cyclical,Retail - Apparel & Specialty,1975000000,533000000.0,61.95,29674050000.0,19365000000,14207000000.0,5890000000.0
ECL,2021,Basic Materials,Chemicals,1129900000,566400000.0,234.59,67186576000.0,21206400000,13953300000.0,359900000.0
ECL,2022,Basic Materials,Chemicals,1091700000,602800000.0,145.56,41499156000.0,21464300000,14205700000.0,598600000.0
ECL,2023,Basic Materials,Chemicals,1372300000,617300000.0,198.35,56549585000.0,21846600000,13774400000.0,919500000.0
ECL,2024,Basic Materials,Chemicals,2112400000,664300000.0,234.32,66350476959.439995,22387800000,13598600000.0,1256800000.0
ED,2021,Utilities,Utilities - Regulated,1346000000,1030000000.0,85.32,30152087999.999996,63116000000,42780000000.0,992000000.0
ED,2022,Utilities,Utilities - Regulated,1660000000,1089000000.0,95.31,33768333000.0,69065000000,48176000000.0,1282000000.0
ED,2023,Utilities,Utilities - Regulated,1606000000,1056000000.0,90.97,32148798000.0,66331000000,45173000000.0,1189000000.0
EFX,2021,Industrials,Business Services,744200000,190000000.0,292.79,35691101000.0,11040900000,7439700000.0,224700000.0
EFX,2022,Industrials,Business Services,696200000,191100000.0,194.36,23789664000.0,11547900000,7574600000.0,285200000.0
EFX,2023,Industrials,Business Services,545300000,191800000.0,247.29,30342483000.0,12280000000,7592500000.0,216800000.0
EFX,2024,Industrials,Business Services,604100000,193200000.0,254.85,31589171022.75,11759400000,6839800000.0,169900000.0
EG,2021,Financial Services,Insurance - Specialty,1378000000,247000000.0,273.92,10726981120.0,38185283000,28046103000.0,29673343000.0
EG,2022,Financial Services,Insurance - Specialty,597000000,255000000.0,331.27,13029851191.75,39965000000,31525000000.0,24947000000.0
EIX,2021,Utilities,Utilities - Regulated,925000000,1081000000.0,68.25,25896647117.25,74745000000,56956000000.0,390000000.0
EIX,2022,Utilities,Utilities - Regulated,824000000,1149000000.0,63.62,24366460000.0,78041000000,60519000000.0,914000000.0
EL,2021,Consumer Defensive,Consumer Packaged Goods,2870000000,753000000.0,370.2,134086440000.0,21971000000,15023000000.0,4958000000.0
EL,2022,Consumer Defensive,Consumer Packaged Goods,2390000000,840000000.0,248.11,88798569000.0,20910000000,14478000000.0,3957000000.0
EL,2023,Consumer Defensive,Consumer Packaged Goods,1006000000,925000000.0,146.25,52342875000.0,23415000000,16998000000.0,4029000000.0
EL,2024,Consumer Defensive,Consumer Packaged Goods,390000000,947000000.0,74.98,26916172389.48,21677000000,16363000000.0,3395000000.0
EME,2021,Industrials,Engineering & Construction,383532000,28163000.0,127.39,6840919816.17,5441446000,3188357000.0,821345000.0
EME,2022,Industrials,Engineering & Construction,406122000,27187000.0,148.11,7480595324.64,5524607000,3550316000.0,456439000.0
EME,2023,Industrials,Engineering & Construction,632994000,32684000.0,215.43,10292344687.17,6609721000,4138906000.0,789750000.0
EME,2024,Industrials,Engineering & Construction,1007145000,43384000.0,453.9,20880334580.1,7716473000,4777779000.0,1339550000.0
EMR,2021,Industrials,Industrial Products,2303000000,1210000000.0,92.97,55577466000.0,24715000000,14792000000.0,2354000000.0
EMR,2022,Industrials,Industrial Products,3231000000,1223000000.0,96.06,56953974000.0,35672000000,19356000000.0,1804000000.0
EMR,2023,Industrials,Industrial Products,13219000000,1198000000.0,97.33,55565697000.0,42746000000,16148000000.0,8051000000.0
EMR,2024,Industrials,Industrial Products,1968000000,1201000000.0,123.93,69884127000.0,44246000000,16737000000.0,3588000000.0
EOG,2021,Energy,Oil & Gas - E&P,4664000000,2684000000.0,88.83,51610230000.0,38236000000,16056000000.0,5209000000.0
EOG,2022,Energy,Oil & Gas - E&P,7759000000,5148000000.0,129.52,75510160000.0,41371000000,16592000000.0,5972000000.0
EPAM,2021,Industrials,Business Services,481652000,,668.45,37867024050.0,3523227000,1027390000.0,1446625000.0
EPAM,2022,Industrials,Business Services,419416000,,327.74,18759837600.0,4009151000,1006141000.0,1741680000.0
EPAM,2023,Industrials,Business Services,417083000,,297.34,17243638620.0,4352365000,880895000.0,2096974000.0
EPAM,2024,Industrials,Business Services,454533000,,233.82,13262604061.14,4750473000,1119322000.0,1286267000.0
EQIX,2021,Real Estate,REITs,500191000,1042909000.0,845.84,76005490720.0,27918698000,17036934000.0,1536358000.0
EQIX,2022,Real Estate,REITs,705000000,1375000000.0,655.03,60194636880.0,30310742000,18804910000.0,1906421000.0
EQIX,2023,Real Estate,REITs,969000000,1375000000.0,805.39,75332153650.0,32651000000,20137000000.0,2096000000.0
EQIX,2024,Real Estate,REITs,813000000,1643000000.0,942.89,90977746640.43,35085000000,21533000000.0,3608000000.0
EQR,2021,Real Estate,REITs,1332850000,,90.5,33874874000.0,21169241000,9483056000.0,123832000.0
EQR,2022,Real Estate,REITs,776911000,,59.0,22170371000.0,20218262000,8517310000.0,53869000.0
EQR,2023,Real Estate,REITs,835438000,,61.16,23170649480.0,20034564000,8456188000.0,50743000.0
EQR,2024,Real Estate,REITs,1035831000,,71.76,27227859197.760002,20834176000,9249829000.0,62302000.0
EQT,2021,Energy,Oil & Gas - E&P,-1142747000,,21.81,7781633520.0,21607388000,11636389000.0,113963000.0
EQT,2022,Energy,Oil & Gas - E&P,1770965000,203629000.0,33.83,12512566780.0,22669926000,11456598000.0,1458644000.0
EQT,2023,Energy,Oil & Gas - E&P,1735232000,228339000.0,38.66,12494757359.999998,25285098000,10504281000.0,80977000.0
EQT,2024,Energy,Oil & Gas - E&P,230577000,326581000.0,46.11,27513099240.0,39830255000,15552119000.0,202093000.0
ES,2021,Utilities,Utilities - Regulated,1220527000,812958000.0,90.98,31299289509.08,48492144000,33736730000.0,66773000.0
ES,2022,Utilities,Utilities - Regulated,1404875000,867552000.0,83.84,28999728981.760002,53230900000,37602172000.0,374603000.0
ES,2023,Utilities,Utilities - Regulated,-442240000,926514000.0,61.72,21568816797.48,55612245000,41282784000.0,53873000.0
ES,2024,Utilities,Utilities - Regulated,811653000,1009007000.0,57.43,21042471856.41,59594529000,44399574000.0,346928000.0
ESS,2021,Real Estate,REITs,505745000,,352.23,22912028223.780003,12997873000,6786699000.0,48420000.0
ESS,2022,Real Estate,REITs,422616000,,211.92,13830432602.64,12372905000,6450639000.0,33295000.0
ESS,2023,Real Estate,REITs,420109000,,247.94,16130896563.32,12361427000,6735244000.0,391749000.0
ESS,2024,Real Estate,REITs,767936000,,285.44,18344510918.4,12927359000,7176120000.0,66795000.0
ETN,2021,Industrials,Industrial Products,2144000000,1219000000.0,172.82,68937898000.0,34027000000,17576000000.0,568000000.0
ETN,2022,Industrials,Industrial Products,2462000000,1299000000.0,156.95,62827084999.99999,35014000000,17941000000.0,555000000.0
ETN,2023,Industrials,Industrial Products,3218000000,1379000000.0,240.82,96063098000.0,38430000000,19362000000.0,2609000000.0
ETN,2024,Industrials,Industrial Products,3794000000,1500000000.0,331.87,131155024000.0,38381000000,19850000000.0,2080000000.0
ETR,2021,Utilities,Utilities - Regulated,1118719000,,56.33,22640497100.34,59454242000,47529438000.0,442559000.0
ETR,2022,Utilities,Utilities - Regulated,1097138000,,56.25,22831158150.0,58595191000,45310889000.0,224164000.0
ETR,2023,Utilities,Utilities - Regulated,2362310000,,50.59,21395446307.920002,59703396000,44740880000.0,132548000.0
ETR,2024,Utilities,Utilities - Regulated,1061184000,,75.82,32512831242.959995,64790032000,49385638000.0,859703000.0
EVRG,2021,Utilities,Utilities - Regulated,879700000,497900000.0,68.61,15759717000.0,28520500000,19278800000.0,26200000.0
EVRG,2022,Utilities,Utilities - Regulated,752700000,534800000.0,62.93,14455021000.0,29489900000,19996600000.0,25200000.0
EVRG,2023,Utilities,Utilities - Regulated,731200000,569600000.0,52.2,12011220000.0,30976100000,21291100000.0,27700000.0
EVRG,2024,Utilities,Utilities - Regulated,873600000,596700000.0,61.55,14155033325.05,32282100000,22292900000.0,22000000.0
EW,2021,Healthcare,Medical Devices,1503100000,,129.55,80787380000.0,8502600000,2666700000.0,1466800000.0
EW,2022,Healthcare,Medical Devices,1521900000,,74.61,46243278000.0,8292500000,2485800000.0,1215300000.0
EW,2023,Healthcare,Medical Devices,1402400000,,76.25,46276125000.0,9363200000,2643800000.0,1632800000.0
EW,2024,Healthcare,Medical Devices,4174600000,,74.03,43662894000.0,13055300000,2992400000.0,3975900000.0
EXC,2021,Utilities,Utilities - Regulated,1706000000,1497000000.0,41.2,40334800000.0,133013000000,98218000000.0,672000000.0
EXC,2022,Utilities,Utilities - Regulated,2170000000,1433000000.0,43.23,42322170000.0,95349000000,70605000000.0,407000000.0
EXC,2023,Utilities,Utilities - Regulated,2328000000,1433000000.0,35.9,35397400000.0,101856000000,76101000000.0,445000000.0
EXE,2021,Energy,Oil & Gas - E&P,945000000,119000000.0,64.52,6337218920.0,11009000000,5338000000.0,905000000.0
EXE,2022,Energy,Oil & Gas - E&P,4936000000,1212000000.0,94.37,10490169200.0,15468000000,6344000000.0,130000000.0
EXE,2023,Energy,Oil & Gas - E&P,2419000000,487000000.0,76.94,10331118500.0,14376000000,3647000000.0,1079000000.0
EXE,2024,Energy,Oil & Gas - E&P,-714000000,388000000.0,99.55,22999513444.05,27894000000,10329000000.0,317000000.0
EXPD,2021,Industrials,Transportation & Logistics,1415492000,195766000.0,134.29,22780015570.0,7609929000,4111938000.0,1728692000.0
EXPD,2022,Industrials,Transportation & Logistics,1357399000,213799000.0,103.92,16838053680.0,5590434000,2476899000.0,2034131000.0
EXPD,2023,Industrials,Transportation & Logistics,752883000,202029000.0,127.2,20004616800.0,4523809000,2132396000.0,1512883000.0
EXPD,2024,Industrials,Transportation & Logistics,810073000,204087000.0,110.77,15505127230.67,4754458000,2528674000.0,1148320000.0
EXPE,2021,Consumer Cyclical,Travel & Leisure,12000000,67000000.0,180.72,27292153680.0,21548000000,17996000000.0,4311000000.0
EXPE,2022,Consumer Cyclical,Travel & Leisure,352000000,,87.6,13808212800.0,21561000000,17833000000.0,4144000000.0
EXPE,2023,Consumer Cyclical,Travel & Leisure,797000000,,151.79,22338630720.0,21642000000,18856000000.0,4253000000.0
EXPE,2024,Consumer Cyclical,Travel & Leisure,1234000000,,186.33,23914797755.100002,22388000000,19589000000.0,4483000000.0
EXR,2021,Real Estate,REITs,827649000,600994000.0,226.73,30338684617.5,10474477000,6688501000.0,71126000.0
EXR,2022,Real Estate,REITs,860688000,805311000.0,147.18,19709411301.36,12167458000,8089184000.0,92868000.0
EXR,2023,Real Estate,REITs,803198000,1046341000.0,160.33,21617651756.56,27456262000,12042313000.0,99062000.0
EXR,2024,Real Estate,REITs,854681000,1375003000.0,149.6,31712741922.399998,28847926000,13988564000.0,138222000.0
F,2021,Consumer Cyclical,Autos,17937000000,403000000.0,20.77,82976150000.0,257035000000,208413000000.0,49593000000.0
F,2022,Consumer Cyclical,Autos,-1981000000,2009000000.0,11.63,46764230000.0,255884000000,212717000000.0,44070000000.0
F,2023,Consumer Cyclical,Autos,4347000000,4995000000.0,12.19,48930660000.0,273310000000,230512000000.0,40171000000.0
F,2024,Consumer Cyclical,Autos,5879000000,3118000000.0,9.9,39345457070.700005,285196000000,240338000000.0,38348000000.0
FANG,2021,Energy,Oil & Gas - E&P,2182000000,312000000.0,107.85,19523761950.0,22898000000,9653000000.0,654000000.0
FANG,2022,Energy,Oil & Gas - E&P,4386000000,1572000000.0,136.78,23855252680.0,26209000000,10519000000.0,157000000.0
FANG,2023,Energy,Oil & Gas - E&P,3143000000,1444000000.0,155.08,27972244840.000004,29000000000,11572000000.0,582000000.0
FANG,2024,Energy,Oil & Gas - E&P,3338000000,1578000000.0,163.83,47836589653.020004,67292000000,27430000000.0,161000000.0
FAST,2021,Industrials,Industrial Distribution,925000000,643700000.0,32.03,36834500000.0,4299000000,1256800000.0,236200000.0
FAST,2022,Industrials,Industrial Distribution,1086900000,711300000.0,23.66,27114360000.0,4548600000,1385400000.0,230100000.0
FAST,2023,Industrials,Industrial Distribution,1155000000,1016800000.0,32.38,36984436000.0,4462900000,1114100000.0,221300000.0
FAST,2024,Industrials,Industrial Distribution,1150600000,893300000.0,35.95,41190538990.5,4698000000,1081700000.0,255800000.0
FCX,2021,Basic Materials,Metals & Mining,4306000000,,41.73,61279399822.67999,48022000000,25003000000.0,8068000000.0
FCX,2022,Basic Materials,Metals & Mining,3468000000,,38.0,54340000000.0,51093000000,26222000000.0,8146000000.0
FCX,2023,Basic Materials,Metals & Mining,1848000000,,42.57,61029868641.39,52506000000,25196000000.0,4758000000.0
FCX,2024,Basic Materials,Metals & Mining,1889000000,,38.08,54718207196.799995,54848000000,26070000000.0,3923000000.0
FDS,2021,Financial Services,"Brokers, Exchanges & Other",399590000,117927000.0,486.01,18293723558.32,2224940000,1208587000.0,717849000.0
FDS,2022,Financial Services,"Brokers, Exchanges & Other",396917000,125934000.0,401.21,15294927620.0,4014305000,2682897000.0,536492000.0
FDS,2023,Financial Services,"Brokers, Exchanges & Other",468173000,138601000.0,477.05,18169111395.4,3962922000,2342992000.0,457654000.0
FDS,2024,Financial Services,"Brokers, Exchanges & Other",537126000,150667000.0,480.28,18265070492.879997,4055040000,2142580000.0,492598000.0
FDX,2021,Industrials,Transportation & Logistics,5231000000,686000000.0,258.64,68628074278.0,82777000000,58609000000.0,7087000000.0
FDX,2022,Industrials,Transportation & Logistics,3826000000,793000000.0,173.2,45070067974.399994,85994000000,61055000000.0,6897000000.0
FDX,2023,Industrials,Transportation & Logistics,3972000000,1177000000.0,252.97,63215317867.56,87143000000,61055000000.0,6856000000.0
FDX,2024,Industrials,Transportation & Logistics,4331000000,1259000000.0,281.33,67758500141.99,87007000000,59425000000.0,6501000000.0
FE,2021,Utilities,Utilities - Regulated,1283000000,849000000.0,41.59,22624960000.0,45432000000,36757000000.0,1462000000.0
FE,2022,Utilities,Utilities - Regulated,406000000,891000000.0,41.94,23947740000.0,46108000000,35465000000.0,160000000.0
FFIV,2021,Technology,Application Software,331241000,,244.71,14811317460.0,4997280000,2637067000.0,910607000.0
FFIV,2022,Technology,Application Software,322160000,,143.51,8574866009.999999,5276194000,2807216000.0,884566000.0
FFIV,2023,Technology,Application Software,394948000,,178.98,10603670100.0,5248333000,2448101000.0,803323000.0
FFIV,2024,Technology,Application Software,566778000,,251.47,14739880101.55,5613004000,2483626000.0,1074602000.0
FICO,2021,Technology,Application Software,392084000,,433.67,11864496945.51,1567776000,1678718000.0,227238000.0
FICO,2022,Technology,Application Software,373541000,,598.58,15588220360.000002,1442034000,2243981000.0,157717000.0
FICO,2023,Technology,Application Software,429375000,,1164.01,29052525590.0,1575281000,2263271000.0,169792000.0
FICO,2024,Technology,Application Software,512811000,,1990.93,48474970519.79,1717884000,2680563000.0,195956000.0
FIS,2021,Industrials,Business Services,417000000,961000000.0,109.15,66908950000.0,82931000000,35399000000.0,2010000000.0
FIS,2022,Industrials,Business Services,-16752000000,1138000000.0,67.85,41049250000.0,63278000000,35872000000.0,456000000.0
FIX,2021,Industrials,Engineering & Construction,143348000,17384000.0,98.94,3591126240.0,2209114000,1403448000.0,58776000.0
FIX,2022,Industrials,Engineering & Construction,245947000,20077000.0,115.08,4125963240.0,2597478000,1597555000.0,57214000.0
FIX,2023,Industrials,Engineering & Construction,323398000,30379000.0,205.67,7367510740.0,3305579000,2027750000.0,205150000.0
FIX,2024,Industrials,Engineering & Construction,522433000,42766000.0,424.06,15093380145.48,4711088000,3006412000.0,549939000.0
FOX,2021,Consumer Cyclical,Entertainment,2150000000,330000000.0,34.27,19705250000.0,22926000000,11540000000.0,5886000000.0
FOX,2022,Consumer Cyclical,Entertainment,1205000000,307000000.0,28.45,15932000000.0,22185000000,10622000000.0,5200000000.0
FOX,2023,Consumer Cyclical,Entertainment,1239000000,299000000.0,27.65,13990900000.0,21866000000,11208000000.0,4272000000.0
FOX,2024,Consumer Cyclical,Entertainment,1501000000,281000000.0,45.74,20891112873.2,21972000000,10916000000.0,4319000000.0
FRT,2021,Real Estate,REITs,261498000,335656000.0,,,7622320000,4745464000.0,162132000.0
FRT,2022,Real Estate,REITs,385491000,347284000.0,,,8233991000,5021606000.0,85558000.0
FRT,2023,Real Estate,REITs,236985000,359194000.0,,,8436512000,5210990000.0,250825000.0
FRT,2024,Real Estate,REITs,295208000,371586000.0,,,8524757000,5100327000.0,123409000.0
FSLR,2021,Technology,Semiconductors,468693000,,87.16,9266851200.0,7413746000,1454195000.0,1826043000.0
FSLR,2022,Technology,Semiconductors,-44166000,,149.79,15967014840.0,8251228000,2415173000.0,2577981000.0
FSLR,2023,Technology,Semiconductors,830777000,,172.28,18404155560.0,10365132000,3677663000.0,2102489000.0
FSLR,2024,Technology,Semiconductors,1292044000,,176.24,18867854687.68,12124361000,4146784000.0,1792959000.0
FTNT,2021,Technology,Application Software,606800000,,71.88,58761900000.0,5919100000,5120700000.0,2551700000.0
FTNT,2022,Technology,Application Software,857300000,,48.89,38887106000.0,6228000000,6509600000.0,2211000000.0
FTNT,2023,Technology,Application Software,1147800000,,58.53,45946050000.0,7258900000,7722300000.0,3842400000.0
FTNT,2024,Technology,Application Software,1745200000,,94.48,72414450907.04001,9763100000,8269300000.0,4066500000.0
FTV,2021,Technology,Computer Hardware,573900000,97700000.0,57.49,27380204647.0,16465500000,6948500000.0,819300000.0
FTV,2022,Technology,Computer Hardware,755200000,99500000.0,48.42,22964143716.0,15890600000,6202000000.0,709200000.0
FTV,2023,Technology,Computer Hardware,865800000,102000000.0,55.49,25993236190.0,16911800000,6586500000.0,1888800000.0
FTV,2024,Technology,Computer Hardware,832900000,111200000.0,56.52,26021903349.24,17016100000,6820500000.0,813300000.0
GD,2021,Industrials,Aerospace & Defense,3257000000,1315000000.0,208.47,58017201000.0,50073000000,32432000000.0,1603000000.0
GD,2022,Industrials,Aerospace & Defense,3390000000,1369000000.0,248.11,67957329000.0,51585000000,33017000000.0,1242000000.0
GD,2023,Industrials,Aerospace & Defense,3315000000,1428000000.0,259.67,70915877000.0,54810000000,33511000000.0,1913000000.0
GD,2024,Industrials,Aerospace & Defense,3782000000,1529000000.0,263.49,72451481420.31,55880000000,33817000000.0,1697000000.0
GDDY,2021,Technology,Online Media,242300000,,84.86,14217614120.0,7417100000,7333900000.0,1255700000.0
GDDY,2022,Technology,Online Media,352200000,,74.82,11701324259.999998,6973500000,7302800000.0,774000000.0
GDDY,2023,Technology,Online Media,1374800000,,106.16,15444581440.0,7564900000,7502700000.0,498800000.0
GDDY,2024,Technology,Online Media,936900000,,197.37,27709049631.15,8235400000,7543300000.0,1089000000.0
GE,2021,Industrials,Industrial Products,-6337000000,575000000.0,58.86,103828875604.02,198874000000,157261000000.0,28067000000.0
GE,2022,Industrials,Industrial Products,337000000,639000000.0,52.2,92080654205.40001,188849000000,153939000000.0,23419000000.0
GE,2023,Industrials,Industrial Products,9482000000,589000000.0,101.86,138911341944.32,173302000000,144695000000.0,20910000000.0
GE,2024,Industrials,Industrial Products,6555000000,1008000000.0,166.79,180515816927.16,123141000000,103575000000.0,14601000000.0
GEHC,2024,Technology,Application Software,2108000000,55000000.0,78.18,35718329498.22,33088000000,24437000000.0,2889000000.0
GEN,2021,Technology,Application Software,836000000,303000000.0,25.98,15120360000.0,6943000000,7036000000.0,1891000000.0
GEN,2022,Technology,Application Software,1334000000,314000000.0,21.43,12643700000.0,15947000000,13747000000.0,750000000.0
GEN,2023,Technology,Application Software,607000000,323000000.0,22.82,14604800000.0,15793000000,13653000000.0,846000000.0
GILD,2021,Healthcare,Biotechnology,6225000000,3605000000.0,72.61,91198160000.0,67952000000,46888000000.0,6520000000.0
GILD,2022,Healthcare,Biotechnology,4592000000,3709000000.0,85.85,107741750000.0,63171000000,41962000000.0,6385000000.0
GILD,2023,Healthcare,Biotechnology,5664000000,3809000000.0,81.01,101181490000.0,62125000000,39376000000.0,7264000000.0
GILD,2024,Healthcare,Biotechnology,480000000,3918000000.0,92.37,115117577211.09001,58996000000,39749000000.0,9991000000.0
GIS,2021,Consumer Defensive,Consumer Packaged Goods,2339800000,1246400000.0,67.38,41099864105.21999,31841900000,22068700000.0,1505200000.0
GIS,2022,Consumer Defensive,Consumer Packaged Goods,2707300000,1244500000.0,83.85,49966215000.0,31090100000,20302100000.0,569400000.0
GIS,2023,Consumer Defensive,Consumer Packaged Goods,2593900000,1287900000.0,65.14,36992361114.0,31451700000,20751700000.0,585500000.0
GIS,2024,Consumer Defensive,Consumer Packaged Goods,2496600000,1363400000.0,63.77,35152016812.5,31469900000,21821400000.0,418000000.0
GLW,2021,Technology,Computer Hardware,1906000000,871000000.0,37.23,31608269999.999996,30154000000,17609000000.0,2148000000.0
GLW,2022,Technology,Computer Hardware,1316000000,932000000.0,31.94,26925420000.0,29499000000,17224000000.0,1671000000.0
GLW,2023,Technology,Computer Hardware,581000000,989000000.0,30.45,25882500000.0,28500000000,16632000000.0,1779000000.0
GLW,2024,Technology,Computer Hardware,506000000,986000000.0,47.52,40687040180.16,27735000000,16665000000.0,1768000000.0
GM,2021,Consumer Cyclical,Autos,10019000000,186000000.0,58.63,85130760000.0,244718000000,178903000000.0,28676000000.0
GM,2022,Consumer Cyclical,Autos,9934000000,397000000.0,33.64,48710720000.0,264036000000,191753000000.0,31303000000.0
GM,2023,Consumer Cyclical,Autos,10128000000,597000000.0,35.92,49749200000.0,273065000000,204759000000.0,26466000000.0
GM,2024,Consumer Cyclical,Autos,6009000000,653000000.0,53.27,58575470396.8,279762000000,214171000000.0,27137000000.0
GNRC,2021,Industrials,Engineering & Construction,550494000,,351.92,22062018589.04,4877780000,2605643000.0,147339000.0
GNRC,2022,Industrials,Engineering & Construction,399502000,,100.66,6366733021.46,5169462000,2597620000.0,132723000.0
GNRC,2023,Industrials,Engineering & Construction,214606000,,129.24,7931257185.6,5093312000,2541577000.0,200994000.0
GNRC,2024,Industrials,Engineering & Construction,316315000,,155.05,9225050007.95,5109331000,2409772000.0,281277000.0
GOOG,2021,Technology,Online Media,76033000000,,144.68,1926437348800.0,359268000000,107633000000.0,139649000000.0
GOOG,2022,Technology,Online Media,59972000000,0.0,88.73,1155087140000.0,365264000000,109120000000.0,113762000000.0
GOOG,2023,Technology,Online Media,73795000000,0.0,140.93,1773040330000.0,402392000000,119013000000.0,110916000000.0
GOOG,2024,Technology,Online Media,100118000000,7363000000.0,190.44,2395925640000.0,450256000000,125172000000.0,95657000000.0
GPC,2021,Consumer Cyclical,Retail - Apparel & Specialty,898790000,465649000.0,140.2,20030514200.0,14352102000,10848812000.0,714701000.0
GPC,2022,Consumer Cyclical,Retail - Apparel & Specialty,1182701000,495917000.0,173.51,24657332590.0,16495379000,12690932000.0,653463000.0
GPC,2023,Consumer Cyclical,Retail - Apparel & Specialty,1316524000,526674000.0,138.5,19436397500.0,17968454000,13551469000.0,1102007000.0
GPC,2024,Consumer Cyclical,Retail - Apparel & Specialty,904076000,554931000.0,116.76,16233900222.12,19282705000,14930854000.0,479991000.0
GPN,2021,Industrials,Business Services,965460000,259726000.0,135.18,39405240360.0,45279713000,19410296000.0,1979308000.0
GPN,2022,Industrials,Business Services,111493000,273955000.0,99.32,27315979600.0,44809014000,22268804000.0,1997566000.0
GPN,2023,Industrials,Business Services,986233000,260431000.0,127.0,33415605000.0,50570186000,26782671000.0,2088887000.0
GPN,2024,Industrials,Business Services,1570365000,252811000.0,112.06,28518691210.100002,46890255000,23873688000.0,2356470000.0
GRMN,2021,Technology,Computer Hardware,1082200000,491457000.0,136.17,26188486739.999996,7854427000,1740268000.0,1846038000.0
GRMN,2022,Technology,Computer Hardware,973585000,679096000.0,92.29,17752258370.0,7731170000,1526830000.0,1452482000.0
GRMN,2023,Technology,Computer Hardware,1289636000,558769000.0,128.54,24725054620.0,8603569000,1591509000.0,1968070000.0
GRMN,2024,Technology,Computer Hardware,1411436000,572355000.0,206.26,39607070105.939995,9630527000,1782129000.0,2500738000.0
GWW,2021,Industrials,Industrial Distribution,1043000000,357000000.0,518.24,26844832000.0,6592000000,4432000000.0,241000000.0
GWW,2022,Industrials,Industrial Distribution,1547000000,370000000.0,556.25,28368750000.0,7588000000,4853000000.0,325000000.0
GWW,2023,Industrials,Industrial Distribution,1829000000,392000000.0,828.69,41351631000.0,8147000000,4706000000.0,660000000.0
GWW,2024,Industrials,Industrial Distribution,1909000000,421000000.0,1054.05,51332408918.25,8829000000,5126000000.0,1036000000.0
HAL,2021,Energy,Oil & Gas - Services,1457000000,161000000.0,22.87,20445780000.0,22321000000,15593000000.0,3044000000.0
HAL,2022,Energy,Oil & Gas - Services,1572000000,435000000.0,39.35,35729800000.0,23255000000,15278000000.0,2346000000.0
HAL,2023,Energy,Oil & Gas - Services,2638000000,576000000.0,36.15,32462700000.0,24683000000,15250000000.0,2264000000.0
HAL,2024,Energy,Oil & Gas - Services,2501000000,600000000.0,27.19,23886468972.15,25587000000,15039000000.0,2618000000.0
HAS,2021,Consumer Cyclical,Travel & Leisure,428700000,374500000.0,101.78,14076174000.0,10037800000,6950800000.0,1019200000.0
HAS,2022,Consumer Cyclical,Travel & Leisure,203500000,385300000.0,61.01,8437683000.0,9295900000,6434000000.0,
HAS,2023,Consumer Cyclical,Travel & Leisure,-1489300000,388000000.0,51.06,7087128000.0,6540900000,5453900000.0,545400000.0
HAS,2024,Consumer Cyclical,Travel & Leisure,385600000,389900000.0,55.91,7799524280.379999,6340300000,5155300000.0,695000000.0
HCA,2021,Healthcare,Health Care Providers,6956000000,624000000.0,256.92,79907977776.0,50742000000,49253000000.0,1451000000.0
HCA,2022,Healthcare,Health Care Providers,5643000000,653000000.0,239.96,68618481680.0,52438000000,52511000000.0,908000000.0
HD,2021,Consumer Cyclical,Retail - Apparel & Specialty,16433000000,6985000000.0,415.01,437984412426.95996,71876000000,73572000000.0,2343000000.0
HD,2022,Consumer Cyclical,Retail - Apparel & Specialty,17105000000,7789000000.0,315.86,322177200000.0,76445000000,74883000000.0,2757000000.0
HD,2023,Consumer Cyclical,Retail - Apparel & Specialty,15143000000,8383000000.0,346.55,345163800000.0,76530000000,75486000000.0,3760000000.0
HD,2024,Consumer Cyclical,Retail - Apparel & Specialty,14806000000,8929000000.0,388.99,386408122441.88,96119000000,89479000000.0,1659000000.0
HII,2021,Industrials,Aerospace & Defense,544000000,186000000.0,186.74,7525622000.0,10627000000,7819000000.0,627000000.0
HII,2022,Industrials,Aerospace & Defense,579000000,213000000.0,230.68,9250268000.0,10857000000,7368000000.0,467000000.0
HII,2023,Industrials,Aerospace & Defense,681000000,200000000.0,259.64,10333672000.0,11215000000,7122000000.0,430000000.0
HII,2024,Industrials,Aerospace & Defense,550000000,206000000.0,188.97,7394272702.59,12141000000,7475000000.0,831000000.0
HLT,2021,Consumer Cyclical,Travel & Leisure,410000000,,155.99,43521210000.0,15441000000,16260000000.0,1427000000.0
HLT,2022,Consumer Cyclical,Travel & Leisure,1255000000,123000000.0,126.36,35128080000.0,15512000000,16610000000.0,1209000000.0
HLT,2023,Consumer Cyclical,Travel & Leisure,1141000000,158000000.0,182.09,48435940000.0,15401000000,17748000000.0,800000000.0
HLT,2024,Consumer Cyclical,Travel & Leisure,1535000000,150000000.0,247.16,60252616850.96,16522000000,20211000000.0,1301000000.0
HOLX,2021,Healthcare,Medical Instruments & Equipment,1871500000,,76.56,19513306560.0,8919900000,4701300000.0,1170300000.0
HOLX,2022,Healthcare,Medical Instruments & Equipment,1302000000,,74.81,18723297180.0,9071200000,4195000000.0,2339500000.0
HOLX,2023,Healthcare,Medical Instruments & Equipment,456000000,,71.45,17641576600.0,9139300000,4122400000.0,2722500000.0
HOLX,2024,Healthcare,Medical Instruments & Equipment,789500000,,72.09,16360192333.53,9156000000,4026000000.0,2333600000.0
HON,2023,Industrials,Industrial Products,5658000000,,197.65,139517834245.0,61525000000,45084000000.0,8095000000.0
HOOD,2021,Financial Services,"Brokers, Exchanges & Other",-3687000000,,17.76,15272405515.680002,19769000000,12476000000.0,6253000000.0
HOOD,2022,Financial Services,"Brokers, Exchanges & Other",-1028000000,,8.14,7182382520.500001,23337000000,16381000000.0,6339000000.0
HOOD,2023,Financial Services,"Brokers, Exchanges & Other",-541000000,,12.74,11529507154.62,17624000000,10928000000.0,9283000000.0
HOOD,2024,Financial Services,"Brokers, Exchanges & Other",1411000000,,37.26,32936934172.14,26187000000,18215000000.0,9056000000.0
HPE,2021,Technology,Communication Equipment,3427000000,625000000.0,15.77,20594477321.57,57699000000,37682000000.0,3996000000.0
HPE,2022,Technology,Communication Equipment,868000000,621000000.0,15.96,20684160000.0,57123000000,37214000000.0,4163000000.0
HPE,2023,Technology,Communication Equipment,2025000000,619000000.0,16.98,22074000000.0,57153000000,35915000000.0,4270000000.0
HPE,2024,Technology,Communication Equipment,2579000000,676000000.0,21.35,28082379661.7,71262000000,46382000000.0,14846000000.0
HPQ,2021,Technology,Computer Hardware,6541000000,938000000.0,37.67,45251294609.66,38610000000,40260000000.0,4299000000.0
HPQ,2022,Technology,Computer Hardware,3132000000,1037000000.0,26.87,27891060000.0,38494000000,41519000000.0,3145000000.0
HPQ,2023,Technology,Computer Hardware,3263000000,1037000000.0,30.09,29909460000.0,37004000000,38073000000.0,3232000000.0
HPQ,2024,Technology,Computer Hardware,2775000000,1075000000.0,32.63,30600340125.680004,39909000000,41232000000.0,3253000000.0
HRL,2021,Consumer Defensive,Consumer Packaged Goods,908839000,523114000.0,48.81,26482200287.79,12696331000,5717969000.0,634692000.0
HRL,2022,Consumer Defensive,Consumer Packaged Goods,999987000,557839000.0,45.55,24880002150.0,13306920000,5766699000.0,998256000.0
HRL,2023,Consumer Defensive,Consumer Packaged Goods,793572000,592932000.0,32.11,17545674640.0,13448772000,5709787000.0,753196000.0
HRL,2024,Consumer Defensive,Consumer Packaged Goods,805038000,614960000.0,31.37,17222535363.14,13434730000,5430720000.0,766623000.0
HSIC,2021,Healthcare,Medical Distribution,631000000,,77.53,11036395500.0,8481000000,3805000000.0,118000000.0
HSIC,2022,Healthcare,Medical Distribution,538000000,,79.87,10826184815.25,8607000000,3936000000.0,117000000.0
HSIC,2023,Healthcare,Medical Distribution,416000000,,75.71,9837631797.109999,10573000000,5421000000.0,171000000.0
HST,2021,Real Estate,REITs,-11000000,,17.39,12417074180.02,12352000000,5780000000.0,807000000.0
HST,2022,Real Estate,REITs,633000000,150000000.0,16.05,11472540000.0,12269000000,5390000000.0,667000000.0
HST,2023,Real Estate,REITs,740000000,547000000.0,19.47,13817859000.0,12243000000,5417000000.0,1144000000.0
HST,2024,Real Estate,REITs,697000000,737000000.0,17.52,12246992880.48,13048000000,6271000000.0,554000000.0
HSY,2021,Consumer Defensive,Consumer Packaged Goods,1477512000,685987000.0,193.47,77549573761.92,10412231000,7655002000.0,329266000.0
HSY,2022,Consumer Defensive,Consumer Packaged Goods,1644817000,775030000.0,231.57,47773122570.0,10948820000,7649276000.0,463889000.0
HSY,2023,Consumer Defensive,Consumer Packaged Goods,1861787000,889071000.0,186.44,38194098400.0,11902941000,7803855000.0,401902000.0
HSY,2024,Consumer Defensive,Consumer Packaged Goods,2221239000,1084802000.0,169.35,34268777251.199997,12946861000,8232207000.0,730746000.0
HUBB,2021,Industrials,Industrial Products,399500000,216900000.0,208.27,11309061000.0,5281500000,3040800000.0,295600000.0
HUBB,2022,Industrials,Industrial Products,545900000,229600000.0,234.68,12578848000.0,5402600000,3032000000.0,454800000.0
HUBB,2023,Industrials,Industrial Products,759600000,245500000.0,328.93,17630648000.0,6914000000,4024700000.0,348700000.0
HUBB,2024,Industrials,Industrial Products,777600000,267300000.0,418.89,22482056270.61,6847700000,3437100000.0,345000000.0
HWM,2021,Industrials,Industrial Products,258000000,19000000.0,31.83,13655070000.0,10219000000,6711000000.0,720000000.0
HWM,2022,Industrials,Industrial Products,469000000,44000000.0,39.41,16433969999.999998,10255000000,6654000000.0,791000000.0
HWM,2023,Industrials,Industrial Products,765000000,73000000.0,54.12,54877680000.0,10428000000,6391000000.0,610000000.0
HWM,2024,Industrials,Industrial Products,1155000000,109000000.0,109.37,44432727181.130005,10519000000,5965000000.0,564000000.0
IBM,2021,Technology,Application Software,5743000000,5869000000.0,133.66,119905994777.18,132002000000,113006000000.0,14471000000.0
IBM,2022,Technology,Application Software,1639000000,5948000000.0,140.89,127378648999.99998,127245000000,105222000000.0,8738000000.0
IBM,2023,Technology,Application Software,7501000000,6040000000.0,163.55,149288440000.0,135239000000,112626000000.0,13441000000.0
IBM,2024,Technology,Application Software,6024000000,6147000000.0,219.83,203264743764.16,137176000000,109784000000.0,20850000000.0
ICE,2021,Financial Services,"Brokers, Exchanges & Other",4058000000,747000000.0,136.77,77001510000.0,193502000000,165234000000.0,607000000.0
ICE,2022,Financial Services,"Brokers, Exchanges & Other",1446000000,853000000.0,102.59,57245220000.0,194338000000,171577000000.0,1799000000.0
ICE,2023,Financial Services,"Brokers, Exchanges & Other",2368000000,955000000.0,128.43,71920800000.0,136084000000,110298000000.0,899000000.0
ICE,2024,Financial Services,"Brokers, Exchanges & Other",2754000000,1039000000.0,149.01,85558039817.97,139428000000,111708000000.0,844000000.0
IDXX,2021,Healthcare,Medical Diagnostics & Research,744845000,,658.46,56050090580.0,2437203000,1747211000.0,144454000.0
IDXX,2022,Healthcare,Medical Diagnostics & Research,679089000,,407.96,34236819120.0,2746765000,2138028000.0,112546000.0
IDXX,2023,Healthcare,Medical Diagnostics & Research,845042000,,555.05,46116884300.0,3259925000,1775395000.0,453932000.0
IDXX,2024,Healthcare,Medical Diagnostics & Research,887867000,,413.44,33854395484.16,3293443000,1698130000.0,288266000.0
IEX,2021,Industrials,Industrial Products,449400000,161100000.0,236.32,17962683200.0,4917200000,2114100000.0,855400000.0
IEX,2022,Industrials,Industrial Products,586900000,177400000.0,228.33,17216082000.0,5511900000,2472300000.0,430200000.0
IEX,2023,Industrials,Industrial Products,596100000,190700000.0,217.11,16413516000.000002,5865200000,2324000000.0,534300000.0
IEX,2024,Industrials,Industrial Products,505000000,205300000.0,209.29,15848131131.32,6745300000,2951200000.0,620800000.0
IFF,2021,Basic Materials,Chemicals,270000000,667000000.0,150.65,38265100000.0,39658000000,18436000000.0,711000000.0
IFF,2022,Basic Materials,Chemicals,-1871000000,810000000.0,104.84,26734200000.0,35522000000,17778000000.0,483000000.0
IFF,2023,Basic Materials,Chemicals,-2591000000,826000000.0,80.97,20647350000.0,30978000000,16336000000.0,709000000.0
IFF,2024,Basic Materials,Chemicals,263000000,514000000.0,84.55,21617940916.95,28723000000,14854000000.0,469000000.0
INCY,2021,Healthcare,Biotechnology,948581000,,73.4,16210023000.000002,4933352000,1163348000.0,2348192000.0
INCY,2022,Healthcare,Biotechnology,340660000,,80.32,17803731200.0,5840984000,1470865000.0,2951422000.0
INCY,2023,Healthcare,Biotechnology,597599000,,62.79,13840674120.0,6782107000,1592270000.0,3213376000.0
INCY,2024,Healthcare,Biotechnology,32615000,,69.07,13306352698.429998,5444322000,1996694000.0,1687829000.0
INTC,2021,Technology,Semiconductors,19868000000,5644000000.0,51.5,209450500000.0,168406000000,73015000000.0,29253000000.0
INTC,2022,Technology,Semiconductors,8014000000,5997000000.0,26.43,108838740000.0,182103000000,78817000000.0,28338000000.0
INTC,2023,Technology,Semiconductors,1689000000,3088000000.0,50.25,210145500000.0,191572000000,81607000000.0,25034000000.0
INTC,2024,Technology,Semiconductors,-18756000000,1599000000.0,20.05,86475650000.0,196485000000,91453000000.0,22062000000.0
INTU,2021,Technology,Application Software,2062000000,646000000.0,643.22,175658190571.38,15516000000,5647000000.0,3870000000.0
INTU,2022,Technology,Application Software,2066000000,,389.22,109370820000.00002,27734000000,11293000000.0,3281000000.0
INTU,2023,Technology,Application Software,2384000000,,625.03,175008400000.0,27780000000,10511000000.0,3662000000.0
INTU,2024,Technology,Application Software,2963000000,,628.5,176001997500.0,32132000000,13696000000.0,4074000000.0
INVH,2021,Real Estate,Real Estate Services,261425000,393812000.0,45.34,26161686810.52,18537846000,8699042000.0,610166000.0
INVH,2022,Real Estate,Real Estate Services,383329000,539033000.0,29.64,18105470104.8,18536708000,8213077000.0,262870000.0
INVH,2023,Real Estate,Real Estate Services,519470000,638129000.0,34.11,20873762776.17,19220967000,9030532000.0,700618000.0
INVH,2024,Real Estate,Real Estate Services,453917000,689244000.0,31.97,19584997131.66,18700951000,8908442000.0,174491000.0
IP,2021,Consumer Cyclical,Packaging & Containers,1752000000,780000000.0,46.98,18190656000.0,25243000000,16161000000.0,1540000000.0
IP,2022,Consumer Cyclical,Packaging & Containers,1504000000,673000000.0,34.63,12729988000.0,23940000000,15443000000.0,804000000.0
IP,2023,Consumer Cyclical,Packaging & Containers,288000000,642000000.0,36.15,12583815000.0,23261000000,14906000000.0,1113000000.0
IP,2024,Consumer Cyclical,Packaging & Containers,557000000,643000000.0,53.82,18697513952.52,22800000000,14627000000.0,1062000000.0
IQV,2021,Healthcare,Medical Diagnostics & Research,966000000,,282.14,54029810000.0,24689000000,18647000000.0,1477000000.0
IQV,2022,Healthcare,Medical Diagnostics & Research,1091000000,,204.89,38211985000.0,25337000000,19572000000.0,1309000000.0
IQV,2023,Healthcare,Medical Diagnostics & Research,1358000000,,231.38,42990404000.0,26681000000,20569000000.0,1496000000.0
IQV,2024,Healthcare,Medical Diagnostics & Research,1373000000,,196.51,35666565000.0,26899000000,20832000000.0,1843000000.0
IRM,2021,Industrials,Business Services,450219000,718340000.0,52.33,15152125230.34,14450031000,13520552000.0,255828000.0
IRM,2022,Industrials,Business Services,556981000,724388000.0,49.85,14503209450.0,16140514000,15408561000.0,141797000.0
IRM,2023,Industrials,Business Services,184234000,737650000.0,69.98,20421913500.0,17473802000,17084082000.0,222789000.0
IRM,2024,Industrials,Business Services,180156000,789527000.0,105.11,30845619595.81,18717115000,18943618000.0,155716000.0
ISRG,2021,Healthcare,Medical Devices,1704600000,,359.3,128198239640.7,13555000000,1603500000.0,4204000000.0
ISRG,2022,Healthcare,Medical Devices,1322300000,,265.35,94278855000.00002,12974000000,1861400000.0,4117900000.0
ISRG,2023,Healthcare,Medical Devices,1798000000,,337.36,118379624000.0,15441500000,2044200000.0,5223200000.0
ISRG,2024,Healthcare,Medical Devices,2322600000,,521.96,185911423112.2,18743200000,2213600000.0,4013300000.0
IT,2021,Technology,Application Software,793560000,,334.32,27937785120.0,7416324000,7045266000.0,756493000.0
IT,2022,Technology,Application Software,807799000,,336.14,26642120260.0,7299736000,7071938000.0,697999000.0
IT,2023,Technology,Application Software,882466000,,451.11,35766256350.0,7835919000,7155285000.0,1318999000.0
IT,2024,Technology,Application Software,1253715000,,484.47,37369244631.6,8534671000,7175502000.0,1933147000.0
ITW,2021,Industrials,Industrial Products,2694000000,1463000000.0,246.8,77643280000.0,16077000000,12451000000.0,1527000000.0
ITW,2022,Industrials,Industrial Products,3034000000,1542000000.0,220.3,68425180000.0,15422000000,12333000000.0,708000000.0
ITW,2023,Industrials,Industrial Products,2957000000,1615000000.0,261.94,79446402000.0,15518000000,12505000000.0,1065000000.0
ITW,2024,Industrials,Industrial Products,3488000000,1695000000.0,253.56,74876268000.0,15067000000,11750000000.0,948000000.0
IVZ,2021,Financial Services,Asset Management,1629800000,544500000.0,23.02,10665166000.0,32685600000,16006800000.0,3073400000.0
IVZ,2022,Financial Services,Asset Management,920700000,571600000.0,17.99,8212434999.999999,29756800000,12914600000.0,2430700000.0
IVZ,2023,Financial Services,Asset Management,-96900000,594700000.0,17.84,8058328000.0,28933800000,13017800000.0,1469200000.0
IVZ,2024,Financial Services,Asset Management,774800000,608300000.0,17.48,7856210360.96,27008900000,11340100000.0,986500000.0
J,2021,Industrials,Engineering & Construction,477030000,107188000.0,115.16,18152849643.48,14632609000,8000050000.0,1014249000.0
J,2022,Industrials,Engineering & Construction,644039000,115948000.0,99.32,15340649177.359999,14660419000,7923505000.0,1140479000.0
J,2023,Industrials,Engineering & Construction,665777000,128420000.0,107.36,16582481833.28,14617109000,7384048000.0,770853000.0
J,2024,Industrials,Engineering & Construction,806093000,142779000.0,132.3,16564820743.800001,11759005000,6371520000.0,1894263000.0
JBHT,2021,Industrials,Transportation & Logistics,760806000,124442000.0,204.4,21481213600.0,6794348000,3676532000.0,355549000.0
JBHT,2022,Industrials,Transportation & Logistics,969351000,166724000.0,174.36,18177378720.0,7786582000,4119814000.0,51927000.0
JBHT,2023,Industrials,Transportation & Logistics,728287000,173898000.0,199.74,20642130300.0,8588148000,4484390000.0,53344000.0
JBHT,2024,Industrials,Transportation & Logistics,570886000,175543000.0,170.66,17207639949.64,8312270000,4297765000.0,46983000.0
JBL,2021,Technology,Computer Hardware,696000000,50000000.0,70.35,10467936697.05,16654000000,14517000000.0,1567000000.0
JBL,2022,Technology,Computer Hardware,996000000,48000000.0,68.2,9193360000.0,19717000000,17265000000.0,1478000000.0
JBL,2023,Technology,Computer Hardware,818000000,45000000.0,127.4,16714880000.0,19424000000,16557000000.0,1804000000.0
JBL,2024,Technology,Computer Hardware,1388000000,42000000.0,143.9,16238135616.6,17351000000,15614000000.0,2201000000.0
JCI,2021,Basic Materials,Building Materials,1637000000,762000000.0,81.31,58095995000.0,41890000000,23137000000.0,1336000000.0
JCI,2022,Basic Materials,Building Materials,1532000000,916000000.0,64.0,44236800000.0,42158000000,24756000000.0,2031000000.0
JCI,2023,Basic Materials,Building Materials,1849000000,980000000.0,57.64,39385412000.0,42242000000,24548000000.0,828000000.0
JCI,2024,Basic Materials,Building Materials,1705000000,1000000000.0,78.93,52140697127.73,42695000000,25334000000.0,606000000.0
JKHY,2021,Industrials,Business Services,311469000,133800000.0,166.99,12359931840.0,2336156000,1016864000.0,50992000.0
JKHY,2022,Industrials,Business Services,362916000,139070000.0,175.56,12797621760.0,2455564000,1073941000.0,48787000.0
JKHY,2023,Industrials,Business Services,366646000,147237000.0,163.41,11908553590.05,2773826000,1165316000.0,12243000.0
JKHY,2024,Industrials,Business Services,381816000,155877000.0,175.3,12789769672.5,2924481000,1082117000.0,38284000.0
JNJ,2021,Healthcare,Drug Manufacturers,20878000000,11032000000.0,171.07,450495054233.20996,182018000000,107995000000.0,31608000000.0
JNJ,2022,Healthcare,Drug Manufacturers,17941000000,11682000000.0,176.65,464521570302.4,187378000000,110574000000.0,22281000000.0
JNJ,2023,Healthcare,Drug Manufacturers,35153000000,11770000000.0,156.74,377432139124.92004,167558000000,98784000000.0,22927000000.0
JNJ,2024,Healthcare,Drug Manufacturers,14066000000,11823000000.0,144.62,348190434210.64,180104000000,108614000000.0,24522000000.0
KDP,2021,Consumer Defensive,Beverages - Non-Alcoholic,2146000000,955000000.0,36.86,52252736000.0,50598000000,25626000000.0,567000000.0
KDP,2022,Consumer Defensive,Beverages - Non-Alcoholic,1435000000,1080000000.0,35.66,50498125999.99999,51837000000,26712000000.0,535000000.0
KDP,2023,Consumer Defensive,Beverages - Non-Alcoholic,2181000000,1142000000.0,33.32,47207776000.0,52130000000,26454000000.0,267000000.0
KDP,2024,Consumer Defensive,Beverages - Non-Alcoholic,1441000000,1194000000.0,32.12,43569291205.88,53430000000,29187000000.0,510000000.0
KEYS,2021,Technology,Computer Hardware,894000000,,206.51,38038284776.99,7781000000,3997000000.0,2052000000.0
KEYS,2022,Technology,Computer Hardware,1124000000,,171.07,30621530000.0,8098000000,3937000000.0,2042000000.0
KEYS,2023,Technology,Computer Hardware,1057000000,,159.09,27999840000.0,8683000000,4029000000.0,2472000000.0
KEYS,2024,Technology,Computer Hardware,614000000,,160.63,27816741081.32,9269000000,4164000000.0,1796000000.0
KHC,2021,Consumer Defensive,Consumer Packaged Goods,1012000000,1959000000.0,35.9,43977500000.0,93394000000,43942000000.0,3445000000.0
KHC,2022,Consumer Defensive,Consumer Packaged Goods,2363000000,1960000000.0,40.71,49869750000.0,90513000000,41643000000.0,1040000000.0
KHC,2023,Consumer Defensive,Consumer Packaged Goods,2855000000,1965000000.0,36.98,45337479999.99999,90339000000,40617000000.0,1400000000.0
KHC,2024,Consumer Defensive,Consumer Packaged Goods,2744000000,1931000000.0,30.71,37133760994.74,88287000000,38962000000.0,1334000000.0
KIM,2021,Real Estate,REITs,844059000,,24.65,13479655300.0,18459199000,8335537000.0,334663000.0
KIM,2022,Real Estate,REITs,125976000,544740000.0,21.18,13043321760.0,17826122000,8086280000.0,149829000.0
KIM,2023,Real Estate,REITs,654273000,657460000.0,21.31,13149910870.0,18274022000,8548287000.0,783757000.0
KKR,2021,Financial Services,Asset Management,4732406000,419630000.0,74.5,43435772697.0,264285440000,206146220000.0,98867116000.0
KKR,2022,Financial Services,Asset Management,-521664000,444341000.0,46.42,31600277921.74,275346636000,219975946000.0,229398195000.0
KKR,2023,Financial Services,Asset Management,3732261000,563285000.0,82.85,62096486764.49999,317294194000,258915282000.0,118983368000.0
KLAC,2021,Technology,Semiconductors,2078292000,559353000.0,430.11,65214209388.15,10271124000,6895482000.0,2494522000.0
KLAC,2022,Technology,Semiconductors,3321807000,639130000.0,377.03,53473787869.99999,12597088000,11197998000.0,2708008000.0
KLAC,2023,Technology,Semiconductors,3387277000,732556000.0,581.3,79296295600.0,14072357000,11152604000.0,3243159000.0
KLAC,2024,Technology,Semiconductors,2761896000,773041000.0,630.12,84284711313.36,15433566000,12065238000.0,4503995000.0
KMB,2021,Consumer Defensive,Consumer Packaged Goods,1814000000,1516000000.0,142.92,48135455999.99999,17837000000,17074000000.0,270000000.0
KMB,2022,Consumer Defensive,Consumer Packaged Goods,1934000000,1558000000.0,135.75,45802050000.0,17970000000,17270000000.0,427000000.0
KMB,2023,Consumer Defensive,Consumer Packaged Goods,1764000000,1588000000.0,121.51,41419060843.15,17344000000,16276000000.0,1093000000.0
KMB,2024,Consumer Defensive,Consumer Packaged Goods,2545000000,1628000000.0,131.04,43699914367.2,16546000000,15571000000.0,1010000000.0
KMI,2021,Energy,Oil & Gas - Midstream,1784000000,,15.86,35954620000.0,70416000000,38495000000.0,1140000000.0
KMI,2022,Energy,Oil & Gas - Midstream,2548000000,2504000000.0,18.08,40951199999.99999,70078000000,37964000000.0,745000000.0
KMI,2023,Energy,Oil & Gas - Midstream,2391000000,2529000000.0,17.64,39337200000.0,71020000000,39291000000.0,83000000.0
KMI,2024,Energy,Oil & Gas - Midstream,2613000000,2557000000.0,27.4,60872939973.0,71407000000,39540000000.0,88000000.0
KO,2021,Consumer Defensive,Beverages - Non-Alcoholic,9771000000,7252000000.0,59.21,255668780000.0,94354000000,69494000000.0,12625000000.0
KO,2022,Consumer Defensive,Beverages - Non-Alcoholic,9542000000,7616000000.0,63.61,275494910000.0,92763000000,66937000000.0,11631000000.0
KO,2023,Consumer Defensive,Beverages - Non-Alcoholic,10714000000,7952000000.0,58.93,254813320000.0,97703000000,70223000000.0,13663000000.0
KO,2024,Consumer Defensive,Beverages - Non-Alcoholic,10631000000,8359000000.0,62.26,268203449811.88,100549000000,74177000000.0,14571000000.0
KR,2021,Consumer Defensive,Retail - Defensive,1655000000,589000000.0,45.26,33657078012.14,49086000000,39657000000.0,1821000000.0
KR,2022,Consumer Defensive,Retail - Defensive,2244000000,682000000.0,44.58,31919280000.0,49623000000,39609000000.0,1015000000.0
KR,2023,Consumer Defensive,Retail - Defensive,2164000000,796000000.0,45.71,32865490000.0,50505000000,38904000000.0,1883000000.0
KR,2024,Consumer Defensive,Retail - Defensive,2665000000,883000000.0,61.15,44248514849.5,52616000000,44335000000.0,3959000000.0
KVUE,2022,Consumer Defensive,Consumer Packaged Goods,2064000000,,,,27316000000,32771000000.0,1231000000.0
KVUE,2023,Consumer Defensive,Consumer Packaged Goods,1664000000,766000000.0,21.53,,27851000000,16640000000.0,1382000000.0
KVUE,2024,Consumer Defensive,Consumer Packaged Goods,1030000000,1552000000.0,21.35,40933446301.3,25601000000,15933000000.0,1070000000.0
LDOS,2021,Technology,Application Software,685000000,199000000.0,88.9,12534900000.0,13071000000,8718000000.0,516000000.0
LEN,2021,Consumer Cyclical,Homebuilding & Construction,4430111000,309776000.0,112.45,35948682491.15,33207778000,12211496000.0,2735213000.0
LEN,2022,Consumer Cyclical,Homebuilding & Construction,4614125000,438038000.0,87.61,26235825081.35,37984295000,13743928000.0,4616124000.0
LH,2021,Healthcare,Medical Diagnostics & Research,2377300000,,269.94,30258438408.0,20385400000,10091400000.0,1472700000.0
LH,2022,Healthcare,Medical Diagnostics & Research,1279100000,195200000.0,202.3,21240043440.0,20155100000,10039600000.0,320600000.0
LH,2023,Healthcare,Medical Diagnostics & Research,418000000,254000000.0,227.29,23387595504.0,16725100000,8834600000.0,536800000.0
LH,2024,Healthcare,Medical Diagnostics & Research,746000000,243100000.0,229.32,19180155332.52,18379000000,10312500000.0,1518700000.0
LHX,2023,Technology,Communication Equipment,1227000000,868000000.0,210.62,39849304000.0,41687000000,22858000000.0,560000000.0
LHX,2024,Technology,Communication Equipment,1502000000,886000000.0,210.28,39883463581.92,42001000000,22422000000.0,615000000.0
LII,2021,Industrials,Industrial Products,464000000,126500000.0,324.36,11936448000.0,2171900000,2440900000.0,36500000.0
LII,2022,Industrials,Industrial Products,497100000,142000000.0,239.23,8468742000.0,2567600000,2770700000.0,61100000.0
LII,2023,Industrials,Industrial Products,591200000,153400000.0,447.52,15842208000.0,2798300000,2513000000.0,69100000.0
LII,2024,Industrials,Industrial Products,811100000,160300000.0,609.3,21705264504.0,3620000000,2657900000.0,422300000.0
LIN,2021,Basic Materials,Chemicals,3826000000,2189000000.0,346.43,178469996670.0,81605000000,36164000000.0,2823000000.0
LIN,2022,Basic Materials,Chemicals,4415000000,2344000000.0,326.18,162172129480.0,79658000000,38271000000.0,5436000000.0
LIN,2023,Basic Materials,Chemicals,6483000000,2482000000.0,410.71,200065876620.0,80811000000,39716000000.0,4664000000.0
LIN,2024,Basic Materials,Chemicals,6909000000,2655000000.0,418.67,199353029249.01,80147000000,40659000000.0,4850000000.0
LLY,2021,Healthcare,Drug Manufacturers,5581700000,3086800000.0,276.22,264229013580.00003,48806000000,39651200000.0,3908600000.0
LLY,2022,Healthcare,Drug Manufacturers,6244800000,3535800000.0,365.84,329512088000.0,49489800000,38714400000.0,2211800000.0
LLY,2023,Healthcare,Drug Manufacturers,5240000000,4069000000.0,582.92,524511415999.99994,64006300000,53142600000.0,2927700000.0
LLY,2024,Healthcare,Drug Manufacturers,10590000000,4680000000.0,772.0,732871715768.0,78715000000,64443000000.0,3268000000.0
LMT,2021,Industrials,Aerospace & Defense,6315000000,2940000000.0,355.41,98017258640.40001,50873000000,39914000000.0,3604000000.0
LMT,2022,Industrials,Aerospace & Defense,5732000000,3016000000.0,486.49,129406340000.0,52880000000,43614000000.0,2547000000.0
LMT,2023,Industrials,Aerospace & Defense,6920000000,3056000000.0,453.24,114579072000.0,52456000000,45621000000.0,1442000000.0
LMT,2024,Industrials,Aerospace & Defense,5336000000,3059000000.0,485.94,115184920561.62,55617000000,49284000000.0,2483000000.0
LNT,2021,Utilities,Utilities - Regulated,674000000,403000000.0,61.47,15385941000.0,18553000000,12563000000.0,39000000.0
LNT,2022,Utilities,Utilities - Regulated,686000000,428000000.0,55.21,13857710000.0,20163000000,13887000000.0,20000000.0
LNT,2023,Utilities,Utilities - Regulated,703000000,456000000.0,51.3,12912210000.0,21237000000,14460000000.0,62000000.0
LNT,2024,Utilities,Utilities - Regulated,690000000,492000000.0,59.14,15175276806.28,22714000000,15710000000.0,81000000.0
LOW,2021,Consumer Cyclical,Retail - Apparel & Specialty,8442000000,1984000000.0,258.48,178980001711.2,44640000000,49456000000.0,1404000000.0
LOW,2022,Consumer Cyclical,Retail - Apparel & Specialty,6437000000,2370000000.0,199.24,123130320000.0,43708000000,57962000000.0,1732000000.0
LOW,2023,Consumer Cyclical,Retail - Apparel & Specialty,7726000000,2531000000.0,222.55,132639800000.0,41795000000,56845000000.0,1228000000.0
LOW,2024,Consumer Cyclical,Retail - Apparel & Specialty,6957000000,2566000000.0,246.8,139355621234.0,43102000000,57333000000.0,2133000000.0
LRCX,2021,Technology,Semiconductors,3908458000,726992000.0,71.92,101262422882.40001,15892152000,9864964000.0,5729135000.0
LRCX,2022,Technology,Semiconductors,4605286000,815290000.0,42.03,57168365400.0,17195632000,10917266000.0,3657732000.0
LRCX,2023,Technology,Semiconductors,4510931000,907907000.0,78.33,103853047200.0,18781643000,10571471000.0,5337056000.0
LRCX,2024,Technology,Semiconductors,3827772000,1018915000.0,72.23,92937257550.0,18744728000,10205274000.0,5847856000.0
LULU,2021,Consumer Cyclical,Retail - Apparel & Specialty,975322000,,391.45,48778791577.049995,4942478000,2202432000.0,1259871000.0
LULU,2022,Consumer Cyclical,Retail - Apparel & Specialty,854800000,,320.38,40851974180.0,5607038000,2458239000.0,1154867000.0
LULU,2023,Consumer Cyclical,Retail - Apparel & Specialty,1550190000,,511.29,64657733400.0,7091941000,2859860000.0,2243971000.0
LULU,2024,Consumer Cyclical,Retail - Apparel & Specialty,1814616000,,382.41,44614843149.240005,7603292000,3279245000.0,1984336000.0
LUV,2021,Industrials,Airlines,977000000,,42.84,25361280000.000004,36320000000,25906000000.0,15504000000.0
LUV,2022,Industrials,Airlines,539000000,,33.67,19966310000.0,35369000000,24682000000.0,12292000000.0
LUV,2023,Industrials,Airlines,465000000,428000000.0,28.88,17096960000.0,36487000000,25972000000.0,11474000000.0
LUV,2024,Industrials,Airlines,465000000,430000000.0,33.62,20163165302.78,33750000000,23400000000.0,8725000000.0
LVS,2021,Consumer Cyclical,Entertainment,-961000000,,37.64,28756960000.0,20059000000,17811000000.0,1854000000.0
LVS,2022,Consumer Cyclical,Entertainment,1832000000,,48.07,36725480000.0,22039000000,18383000000.0,6311000000.0
LVS,2023,Consumer Cyclical,Entertainment,1221000000,305000000.0,49.21,37596440000.0,21778000000,17674000000.0,5105000000.0
LVS,2024,Consumer Cyclical,Entertainment,1446000000,590000000.0,51.36,37237344502.08,20666000000,17506000000.0,3650000000.0
LW,2021,Consumer Defensive,Consumer Packaged Goods,317800000,135300000.0,63.38,9275985097.16,4209400000,3728800000.0,783500000.0
LW,2022,Consumer Defensive,Consumer Packaged Goods,200900000,138400000.0,89.36,12867840000.0,4139800000,3779300000.0,525000000.0
LW,2023,Consumer Defensive,Consumer Packaged Goods,1008900000,146100000.0,108.09,15605223308.82,6519800000,5108500000.0,304800000.0
LW,2024,Consumer Defensive,Consumer Packaged Goods,725500000,174000000.0,66.83,9532677780.51,7367000000,5579200000.0,71400000.0
LYB,2021,Basic Materials,Chemicals,5610000000,1486000000.0,92.23,30804820000.0,36742000000,24754000000.0,1481000000.0
LYB,2022,Basic Materials,Chemicals,3882000000,3246000000.0,83.03,27233840000.0,36365000000,23622000000.0,2151000000.0
LYB,2023,Basic Materials,Chemicals,2114000000,1610000000.0,95.08,30901000000.0,37000000000,23942000000.0,3390000000.0
LYB,2024,Basic Materials,Chemicals,1360000000,1720000000.0,74.27,24119688947.129997,35746000000,23158000000.0,3375000000.0
LYV,2021,Consumer Cyclical,Entertainment,-650904000,,119.69,25959367209.95,14402318000,14038851000.0,4884729000.0
LYV,2022,Consumer Cyclical,Entertainment,266440000,,69.74,15744626327.98,16460841000,15697278000.0,5606457000.0
LYV,2023,Consumer Cyclical,Entertainment,556893000,,93.6,21390986354.399998,19029640000,17617710000.0,6231866000.0
LYV,2024,Consumer Cyclical,Entertainment,896287000,,129.5,30089802207.5,19638771000,17693477000.0,6095424000.0
MA,2021,Financial Services,Credit Services,8687000000,1741000000.0,359.32,358215216043.36,37669000000,30257000000.0,7894000000.0
MA,2022,Financial Services,Credit Services,9930000000,1903000000.0,347.73,335559450000.0,38724000000,32347000000.0,7408000000.0
MA,2023,Financial Services,Credit Services,11195000000,2158000000.0,426.51,401345910000.0,42448000000,35451000000.0,9180000000.0
MA,2024,Financial Services,Credit Services,12874000000,2448000000.0,526.57,483302284413.96,48081000000,41566000000.0,8772000000.0
MAR,2021,Consumer Cyclical,Travel & Leisure,1099000000,,165.24,54083052000.0,25553000000,24139000000.0,1393000000.0
MAR,2022,Consumer Cyclical,Travel & Leisure,2358000000,321000000.0,148.89,48865697999.99999,24815000000,24247000000.0,507000000.0
MAR,2023,Consumer Cyclical,Travel & Leisure,3083000000,587000000.0,225.51,69817896000.0,25674000000,26356000000.0,338000000.0
MAR,2024,Consumer Cyclical,Travel & Leisure,2375000000,682000000.0,278.94,77515593922.08,26182000000,29174000000.0,396000000.0
MAS,2021,Basic Materials,Building Materials,410000000,254000000.0,70.22,17274120000.0,5575000000,5497000000.0,926000000.0
MAS,2022,Basic Materials,Building Materials,844000000,261000000.0,46.67,10525002672.210001,5187000000,5429000000.0,452000000.0
MAS,2023,Basic Materials,Building Materials,908000000,257000000.0,66.98,16155576000.000002,5365000000,5247000000.0,634000000.0
MAS,2024,Basic Materials,Building Materials,822000000,254000000.0,72.57,15656897165.009998,5017000000,5069000000.0,634000000.0
MCD,2021,Consumer Cyclical,Restaurants,7545200000,3918600000.0,268.07,200314081615.88998,53854300000,58455300000.0,4709200000.0
MCD,2022,Consumer Cyclical,Restaurants,6177000000,4168000000.0,263.53,194353374999.99997,50435600000,56439000000.0,2583800000.0
MCD,2023,Consumer Cyclical,Restaurants,8470000000,4533000000.0,296.51,216480141102.96,56146000000,60854000000.0,4579000000.0
MCD,2024,Consumer Cyclical,Restaurants,8224000000,4870000000.0,289.89,207740880774.53998,55182000000,58980000000.0,1085000000.0
MCHP,2021,Technology,Semiconductors,1285500000,503800000.0,87.06,47996178000.0,16199500000,10304700000.0,319400000.0
MCHP,2022,Technology,Semiconductors,2237700000,695300000.0,70.25,38904450000.0,16370300000,9856700000.0,234000000.0
MCHP,2023,Technology,Semiconductors,1906900000,911500000.0,90.18,49319442000.0,15873200000,9215400000.0,319700000.0
MCK,2021,Healthcare,Medical Distribution,1114000000,277000000.0,248.57,39320362873.89,63298000000,65090000000.0,3532000000.0
MCK,2022,Healthcare,Medical Distribution,3560000000,292000000.0,375.12,54054792000.0,62320000000,63810000000.0,4678000000.0
MCK,2023,Healthcare,Medical Distribution,3002000000,314000000.0,462.98,62085618000.0,67443000000,69042000000.0,4583000000.0
MCO,2021,Financial Services,"Brokers, Exchanges & Other",2214000000,463000000.0,390.58,72647880000.0,14680000000,11764000000.0,1902000000.0
MCO,2022,Financial Services,"Brokers, Exchanges & Other",1374000000,564000000.0,278.62,51293942000.0,14349000000,11660000000.0,1859000000.0
MCO,2023,Financial Services,"Brokers, Exchanges & Other",1607000000,564000000.0,390.56,71589648000.0,14622000000,11146000000.0,2193000000.0
MCO,2024,Financial Services,"Brokers, Exchanges & Other",2058000000,620000000.0,473.37,85774644000.0,15505000000,11778000000.0,2974000000.0
MDLZ,2021,Consumer Defensive,Consumer Packaged Goods,4300000000,1826000000.0,66.31,92500602072.92,67092000000,38769000000.0,3546000000.0
MDLZ,2022,Consumer Defensive,Consumer Packaged Goods,2717000000,1985000000.0,66.65,92110300000.00002,71161000000,44241000000.0,1923000000.0
MDLZ,2023,Consumer Defensive,Consumer Packaged Goods,4959000000,2160000000.0,72.43,99373960000.00002,71391000000,43025000000.0,1810000000.0
MDLZ,2024,Consumer Defensive,Consumer Packaged Goods,4611000000,2349000000.0,59.73,79870612791.42,68497000000,41539000000.0,1351000000.0
MDT,2021,Healthcare,Medical Devices,3606000000,3120000000.0,103.45,139026887421.0,93081000000,41479000000.0,10817000000.0
MDT,2022,Healthcare,Medical Devices,5040000000,3383000000.0,77.72,103320968000.0,90979000000,38260000000.0,10573000000.0
MDT,2023,Healthcare,Medical Devices,3758000000,3616000000.0,82.38,109581876000.0,90949000000,39284000000.0,7959000000.0
MDT,2024,Healthcare,Medical Devices,3677000000,3666000000.0,79.88,102428980198.28,89980000000,39561000000.0,8005000000.0
META,2021,Technology,Online Media,39370000000,,336.35,946488900000.0001,165987000000,41108000000.0,47998000000.0
META,2022,Technology,Online Media,23200000000,,120.34,322751880000.0,185727000000,60014000000.0,40738000000.0
META,2023,Technology,Online Media,39098000000,,353.96,908969280000.0,229623000000,76455000000.0,65403000000.0
META,2024,Technology,Online Media,62360000000,5072000000.0,585.51,1478113280956.83,276054000000,93417000000.0,77815000000.0
MGM,2021,Consumer Cyclical,Travel & Leisure,1254370000,4789000.0,44.88,21470816400.0,40899116000,29774803000.0,4703059000.0
MGM,2022,Consumer Cyclical,Travel & Leisure,1473093000,4048000.0,33.53,13187181350.0,45692206000,40323733000.0,5911893000.0
MGM,2023,Consumer Cyclical,Travel & Leisure,1142180000,,44.68,16131714000.0,42368548000,38001047000.0,2927833000.0
MGM,2024,Consumer Cyclical,Travel & Leisure,746558000,,34.65,10316707666.65,42231627000,38511671000.0,2415532000.0
MKC,2021,Consumer Defensive,Consumer Packaged Goods,755300000,363300000.0,96.61,25533686990.42,12905800000,8480300000.0,351700000.0
MKC,2022,Consumer Defensive,Consumer Packaged Goods,675800000,396700000.0,82.89,22239387000.0,13124900000,8425700000.0,334000000.0
MKC,2023,Consumer Defensive,Consumer Packaged Goods,675100000,418500000.0,68.42,1149212287.96,12862300000,7778800000.0,166600000.0
MKC,2024,Consumer Defensive,Consumer Packaged Goods,781000000,451000000.0,76.24,1192110749.6,13070300000,7753500000.0,186100000.0
MLM,2021,Basic Materials,Building Materials,702500000,147800000.0,440.52,27488448000.0,14393000000,7855400000.0,258400000.0
MLM,2022,Basic Materials,Building Materials,867000000,160000000.0,337.97,21055531000.0,14993600000,7820800000.0,358000000.0
MLM,2023,Basic Materials,Building Materials,1169000000,174000000.0,498.91,30882529000.0,15125000000,7089000000.0,1272000000.0
MLM,2024,Basic Materials,Building Materials,1995000000,189000000.0,516.5,31567476440.5,18170000000,8714000000.0,670000000.0
MMM,2021,Industrials,Industrial Products,5921000000,3420000000.0,177.63,102954348000.0,47072000000,31955000000.0,4765000000.0
MMM,2022,Industrials,Industrial Products,5777000000,3369000000.0,119.92,68210496000.0,46455000000,31685000000.0,3893000000.0
MMM,2023,Industrials,Industrial Products,-6995000000,3311000000.0,109.32,60596076000.0,50580000000,45712000000.0,5785000000.0
MMM,2024,Industrials,Industrial Products,4173000000,1982000000.0,129.09,70297070577.63,39868000000,35974000000.0,7728000000.0
MNST,2021,Consumer Defensive,Beverages - Non-Alcoholic,1377475000,,48.02,50804871880.0,7804784000,1237833000.0,3076189000.0
MNST,2022,Consumer Defensive,Beverages - Non-Alcoholic,1191624000,,50.77,53675770180.0,8293105000,1268064000.0,2669455000.0
MNST,2023,Consumer Defensive,Beverages - Non-Alcoholic,1630988000,,57.61,60318534150.0,9686522000,1457778000.0,3253280000.0
MNST,2024,Consumer Defensive,Beverages - Non-Alcoholic,1509048000,,52.56,51115633277.04,7719089000,1761371000.0,1533287000.0
MO,2021,Consumer Defensive,Tobacco Products,2475000000,6446000000.0,47.39,86400292537.02,39523000000,41129000000.0,4544000000.0
MO,2022,Consumer Defensive,Tobacco Products,5764000000,6599000000.0,45.71,82689390000.0,36954000000,40877000000.0,4030000000.0
MO,2023,Consumer Defensive,Tobacco Products,8130000000,6779000000.0,40.34,72008494882.24,38570000000,42060000000.0,3686000000.0
MOH,2021,Healthcare,Health Care Providers,659000000,,318.08,18448640000.0,12209000000,9579000000.0,7640000000.0
MOH,2022,Healthcare,Health Care Providers,792000000,,330.22,19152760000.0,12314000000,9350000000.0,7505000000.0
MOH,2023,Healthcare,Health Care Providers,1091000000,,361.31,20883718000.0,14892000000,10677000000.0,9107000000.0
MOH,2024,Healthcare,Health Care Providers,1179000000,,291.05,16648060000.0,15630000000,11134000000.0,8987000000.0
MOS,2021,Basic Materials,Agriculture,1630600000,103700000.0,39.29,14922342000.0,22036400000,11287900000.0,769500000.0
MOS,2022,Basic Materials,Agriculture,3582800000,197700000.0,43.87,15253599000.0,23386000000,11191800000.0,735400000.0
MOS,2023,Basic Materials,Agriculture,1164900000,351600000.0,35.73,11923100999.999998,23032800000,10600000000.0,348800000.0
MOS,2024,Basic Materials,Agriculture,174900000,270700000.0,24.58,7807720982.4,22924000000,11309300000.0,272800000.0
MPC,2021,Energy,Oil & Gas - Refining & Marketing,9738000000,1484000000.0,63.99,38713950000.0,85373000000,51792000000.0,10839000000.0
MPC,2022,Energy,Oil & Gas - Refining & Marketing,14516000000,1279000000.0,116.39,61919480000.0,89904000000,54817000000.0,11770000000.0
MPC,2023,Energy,Oil & Gas - Refining & Marketing,9681000000,1261000000.0,148.36,61866120000.00001,85987000000,54588000000.0,10224000000.0
MPC,2024,Energy,Oil & Gas - Refining & Marketing,3445000000,1154000000.0,139.5,44833758804.0,78858000000,54352000000.0,3210000000.0
MPWR,2022,Technology,Semiconductors,437672000,137965000.0,353.61,16559202690.0,2058885000,390283000.0,737873000.0
MPWR,2023,Technology,Semiconductors,427374000,185844000.0,630.78,30138668400.0,2434353000,384414000.0,1108476000.0
MPWR,2024,Technology,Semiconductors,1592058000,240623000.0,591.7,28863126000.000004,3515822000,564697000.0,862946000.0
MRK,2021,Healthcare,Drug Manufacturers,13049000000,6610000000.0,76.64,193899200000.0,105694000000,67437000000.0,8096000000.0
MRK,2022,Healthcare,Drug Manufacturers,14519000000,7012000000.0,110.95,281036350000.0,109160000000,63102000000.0,13192000000.0
MRK,2023,Healthcare,Drug Manufacturers,365000000,7445000000.0,109.02,276640557844.38,106675000000,69040000000.0,7093000000.0
MRK,2024,Healthcare,Drug Manufacturers,17117000000,7840000000.0,99.48,251648153964.6,117106000000,70734000000.0,13689000000.0
MRNA,2021,Healthcare,Biotechnology,12202000000,,253.98,102607920000.0,24669000000,10524000000.0,10727000000.0
MRNA,2022,Healthcare,Biotechnology,8362000000,,179.62,70051800000.0,25858000000,6735000000.0,9902000000.0
MRNA,2023,Healthcare,Biotechnology,-4714000000,,99.45,37890450000.0,18426000000,4572000000.0,8604000000.0
MRNA,2024,Healthcare,Biotechnology,-3561000000,,41.58,16000724581.38,14142000000,3241000000.0,7025000000.0
MSCI,2021,Financial Services,"Brokers, Exchanges & Other",725983000,302449000.0,612.69,50530382370.00001,5506703000,5670170000.0,1421449000.0
MSCI,2022,Financial Services,"Brokers, Exchanges & Other",870573000,372915000.0,465.17,37446185000.0,4997535000,6005460000.0,
MSCI,2023,Financial Services,"Brokers, Exchanges & Other",1148592000,440993000.0,565.65,45245777850.0,5518219000,6257983000.0,461693000.0
MSCI,2024,Financial Services,"Brokers, Exchanges & Other",1109128000,509109000.0,600.01,47023560112.94,5445439000,6385436000.0,409351000.0
MSFT,2021,Technology,Application Software,61271000000,16521000000.0,336.32,2533019152992.32,333779000000,191791000000.0,130334000000.0
MSFT,2022,Technology,Application Software,72738000000,18135000000.0,239.82,1788337740000.0,364840000000,198298000000.0,104757000000.0
MSFT,2023,Technology,Application Software,72361000000,19800000000.0,376.04,2799993840000.0,411976000000,205753000000.0,111262000000.0
MSFT,2024,Technology,Application Software,88136000000,21771000000.0,421.5,3133802247084.0,512163000000,243686000000.0,75543000000.0
MSI,2021,Technology,Communication Equipment,1245000000,482000000.0,271.7,45889447489.6,12189000000,12212000000.0,1874000000.0
MSI,2022,Technology,Communication Equipment,1363000000,530000000.0,257.71,43089112000.0,12814000000,12683000000.0,1325000000.0
MSI,2023,Technology,Communication Equipment,1709000000,589000000.0,313.09,52442574999.99999,13336000000,12597000000.0,1705000000.0
MSI,2024,Technology,Communication Equipment,1577000000,654000000.0,462.23,77248154013.54001,14595000000,12876000000.0,2102000000.0
MTCH,2021,Technology,Online Media,277723000,,132.25,36627298750.0,5063288000,5257870000.0,827202000.0
MTCH,2022,Technology,Online Media,361946000,,41.49,11829877740.0,4182764000,4541645000.0,581118000.0
MTCH,2023,Technology,Online Media,651539000,,36.5,10199049000.0,4507886000,4526959000.0,868640000.0
MTCH,2024,Technology,Online Media,551276000,,32.71,8213186511.87,4465771000,4529428000.0,970727000.0
MTD,2021,Healthcare,Medical Instruments & Equipment,768985000,,1697.21,39132441982.04,3326798000,3155377000.0,98564000.0
MTD,2022,Healthcare,Medical Instruments & Equipment,872502000,,1445.45,32657593893.75,3492395000,3467602000.0,95966000.0
MTD,2023,Healthcare,Medical Instruments & Equipment,788778000,,1212.96,26617976599.2,3355555000,3505493000.0,69807000.0
MTD,2024,Healthcare,Medical Instruments & Equipment,863140000,,1223.68,26134586521.600002,3239999000,3366889000.0,59362000.0
MU,2021,Technology,Semiconductors,5861000000,,93.15,104199801194.70001,58849000000,14916000000.0,8633000000.0
MU,2022,Technology,Semiconductors,8687000000,461000000.0,49.98,54478200000.0,66283000000,16376000000.0,9331000000.0
MU,2023,Technology,Semiconductors,-5833000000,504000000.0,85.34,93874000000.0,64254000000,20134000000.0,9594000000.0
MU,2024,Technology,Semiconductors,778000000,513000000.0,84.16,93768709797.12,69416000000,24285000000.0,8106000000.0
NCLH,2021,Consumer Cyclical,Travel & Leisure,-4506587000,,20.74,7674141774.459999,18729837000,16297187000.0,1746647000.0
NCLH,2022,Consumer Cyclical,Travel & Leisure,-2269909000,,12.24,5150574105.12,18557694000,18489103000.0,946987000.0
NCLH,2023,Consumer Cyclical,Travel & Leisure,166178000,,20.04,8524984236.599999,19492990000,19192183000.0,402415000.0
NCLH,2024,Consumer Cyclical,Travel & Leisure,910257000,,25.73,11313693992.94,19969811000,18544372000.0,190765000.0
NDAQ,2021,Financial Services,"Brokers, Exchanges & Other",1187000000,350000000.0,70.0,35002723350.0,20115000000,13710000000.0,601000000.0
NDAQ,2022,Financial Services,"Brokers, Exchanges & Other",1125000000,383000000.0,61.35,30198640378.95,20868000000,14704000000.0,683000000.0
NDAQ,2023,Financial Services,"Brokers, Exchanges & Other",1055000000,441000000.0,58.14,28564182000.0,32294000000,21467000000.0,641000000.0
NDAQ,2024,Financial Services,"Brokers, Exchanges & Other",1113000000,541000000.0,77.31,44434510365.24,30395000000,19195000000.0,776000000.0
NDSN,2021,Industrials,Industrial Products,454368000,97683000.0,255.27,14850742213.62,3790961000,1631831000.0,299972000.0
NDSN,2022,Industrials,Industrial Products,513103000,125914000.0,237.72,13823893440.0,3820375000,1526000000.0,163457000.0
NDSN,2023,Industrials,Industrial Products,487493000,150356000.0,264.16,15062403200.000002,5251770000,2653710000.0,115679000.0
NDSN,2024,Industrials,Industrial Products,467284000,161438000.0,209.24,11930033280.24,6000966000,3068774000.0,115952000.0
NEE,2021,Utilities,Utilities - Regulated,3573000000,3024000000.0,93.36,184271213133.12,140912000000,95243000000.0,639000000.0
NEE,2022,Utilities,Utilities - Regulated,4147000000,3352000000.0,83.6,165007213131.19998,158935000000,109499000000.0,1601000000.0
NEE,2023,Utilities,Utilities - Regulated,7310000000,3782000000.0,60.74,123403433353.58,177489000000,118465000000.0,2690000000.0
NEE,2024,Utilities,Utilities - Regulated,6946000000,4235000000.0,71.69,147423641472.6,190144000000,129283000000.0,1487000000.0
NEM,2021,Basic Materials,Metals & Mining,1166000000,1757000000.0,62.02,49305900000.0,40564000000,18703000000.0,4992000000.0
NEM,2022,Basic Materials,Metals & Mining,-429000000,1746000000.0,47.2,37476800000.0,38482000000,18949000000.0,3757000000.0
NEM,2023,Basic Materials,Metals & Mining,-2494000000,1415000000.0,41.39,32905050000.0,55506000000,26301000000.0,3025000000.0
NEM,2024,Basic Materials,Metals & Mining,3348000000,1145000000.0,37.22,42373126828.38,56349000000,26240000000.0,3640000000.0
NFLX,2021,Consumer Cyclical,Entertainment,5116228000,,60.24,266619762931.2,44584663000,28735415000.0,6027804000.0
NFLX,2022,Consumer Cyclical,Entertainment,4491924000,,29.49,131194522200.0,48594768000,27817367000.0,6058452000.0
NFLX,2023,Consumer Cyclical,Entertainment,5407990000,,48.69,214984365300.0,48731992000,28143679000.0,7137886000.0
NFLX,2024,Consumer Cyclical,Entertainment,8711631000,,89.13,381259903230.0,53630374000,28886807000.0,9583739000.0
NI,2021,Utilities,Utilities - Regulated,584900000,400300000.0,27.61,10856252000.0,24156900000,16884000000.0,84200000.0
NI,2022,Utilities,Utilities - Regulated,804100000,436600000.0,27.42,11143488000.0,26736600000,18834800000.0,40800000.0
NI,2023,Utilities,Utilities - Regulated,714300000,457300000.0,26.55,10973115000.0,31077200000,20940900000.0,2469800000.0
NI,2024,Utilities,Utilities - Regulated,760400000,489200000.0,36.76,17158793944.679998,31788100000,21119800000.0,279500000.0
NKE,2021,Consumer Cyclical,Manufacturing - Apparel & Furniture,5727000000,1638000000.0,166.67,263638810004.08,37740000000,24973000000.0,13476000000.0
NKE,2022,Consumer Cyclical,Manufacturing - Apparel & Furniture,6046000000,1837000000.0,117.01,182418590000.0,40321000000,25040000000.0,12997000000.0
NKE,2023,Consumer Cyclical,Manufacturing - Apparel & Furniture,5070000000,2012000000.0,108.57,164496802922.75998,37531000000,23527000000.0,10675000000.0
NKE,2024,Consumer Cyclical,Manufacturing - Apparel & Furniture,5700000000,2169000000.0,75.67,111925531539.29001,38110000000,23680000000.0,11582000000.0
NOC,2021,Industrials,Aerospace & Defense,7005000000,983000000.0,387.07,61365165476.01,42579000000,29653000000.0,3530000000.0
NOC,2022,Industrials,Aerospace & Defense,4896000000,1052000000.0,545.61,84733233000.0,43755000000,28443000000.0,2577000000.0
NOC,2023,Industrials,Aerospace & Defense,2056000000,1116000000.0,468.14,71016838000.0,46544000000,31749000000.0,3109000000.0
NOC,2024,Industrials,Aerospace & Defense,4174000000,1186000000.0,469.29,68373367047.18,49359000000,34069000000.0,4353000000.0
NOW,2021,Technology,Application Software,230000000,,129.82,129170900000.0,10798000000,7103000000.0,3304000000.0
NOW,2022,Technology,Application Software,325000000,,77.65,78426500000.0,13299000000,8267000000.0,4280000000.0
NOW,2023,Technology,Application Software,1731000000,,141.3,143419500000.0,17387000000,9759000000.0,4877000000.0
NOW,2024,Technology,Application Software,1425000000,,212.02,218380600000.0,20383000000,10774000000.0,5762000000.0
NRG,2021,Utilities,Utilities - Independent Power Producers,2187000000,319000000.0,43.08,10554600000.0,23182000000,19582000000.0,250000000.0
NRG,2022,Utilities,Utilities - Independent Power Producers,1221000000,332000000.0,31.82,7477700000.0,29146000000,25318000000.0,430000000.0
NRG,2023,Utilities,Utilities - Independent Power Producers,-202000000,381000000.0,51.7,11942700000.0,26038000000,23132000000.0,541000000.0
NSC,2021,Industrials,Transportation & Logistics,3005000000,1028000000.0,297.71,73028263000.0,38493000000,24852000000.0,839000000.0
NSC,2022,Industrials,Transportation & Logistics,3270000000,1167000000.0,246.42,58327614000.0,38885000000,26152000000.0,456000000.0
NSC,2023,Industrials,Transportation & Logistics,1827000000,1225000000.0,236.38,56769680300.2,41652000000,28871000000.0,1568000000.0
NSC,2024,Industrials,Transportation & Logistics,2622000000,1221000000.0,234.7,53098448671.399994,43682000000,29376000000.0,1641000000.0
NTAP,2021,Technology,Computer Hardware,730000000,427000000.0,91.99,20571670713.76,9360000000,8675000000.0,4596000000.0
NTAP,2022,Technology,Computer Hardware,937000000,446000000.0,60.06,13213200000.0,10026000000,9188000000.0,4134000000.0
NTAP,2023,Technology,Computer Hardware,1274000000,432000000.0,88.16,18337280000.0,9818000000,8659000000.0,3070000000.0
NTAP,2024,Technology,Computer Hardware,986000000,416000000.0,116.08,23599809697.92,9887000000,8741000000.0,3252000000.0
NUE,2021,Basic Materials,Steel,6827461000,483469000.0,114.15,33161716500.0,25823072000,11219278000.0,2617863000.0
NUE,2022,Basic Materials,Steel,7607000000,534000000.0,131.81,34695160010.0,32479210000,12909304000.0,4857798000.0
NUE,2023,Basic Materials,Steel,4525000000,515000000.0,174.04,44137936320.0,35340000000,13217000000.0,7130000000.0
NUE,2024,Basic Materials,Steel,2027000000,522000000.0,116.71,27405015426.359997,33940000000,12523000000.0,4139000000.0
NVDA,2021,Technology,Semiconductors,9752000000,399000000.0,29.41,735250000000.0,44187000000,17575000000.0,21208000000.0
NVDA,2022,Technology,Semiconductors,4368000000,398000000.0,14.61,362766300000.0,41182000000,19081000000.0,13296000000.0
NVDA,2023,Technology,Semiconductors,29760000000,395000000.0,49.52,1224629600000.0,65728000000,22750000000.0,25984000000.0
NVDA,2024,Technology,Semiconductors,72880000000,834000000.0,134.29,3288762100000.0,111601000000,32274000000.0,43210000000.0
NVR,2021,Consumer Cyclical,Homebuilding & Construction,1236719000,,5908.87,20491961160.0,5834475000,2832097000.0,2573467000.0
NVR,2022,Consumer Cyclical,Homebuilding & Construction,1725575000,,4612.58,15161550460.0,5660973000,2154124000.0,2522839000.0
NVR,2023,Consumer Cyclical,Homebuilding & Construction,1591611000,,7000.45,22814466550.0,6601757000,2237032000.0,3162894000.0
NVR,2024,Consumer Cyclical,Homebuilding & Construction,1681928000,,8178.9,25059135416.399998,6380988000,2170916000.0,2610975000.0
NWS,2023,Consumer Cyclical,Entertainment,149000000,174000000.0,25.72,14737560000.0,16921000000,7976000000.0,1833000000.0
NXPI,2021,Technology,Semiconductors,1871000000,562000000.0,227.78,60507934760.0,20864000000,14094000000.0,2830000000.0
NXPI,2022,Technology,Semiconductors,2787000000,815000000.0,158.03,41432305400.0,23236000000,15496000000.0,3845000000.0
NXPI,2023,Technology,Semiconductors,2797000000,1006000000.0,229.68,59523868800.0,24353000000,15393000000.0,4271000000.0
NXPI,2024,Technology,Semiconductors,2510000000,1038000000.0,207.85,52826237303.0,24385000000,14854000000.0,3292000000.0
O,2021,Real Estate,REITs,359456000,1169026000.0,71.59,28057085890.02,43137502000,18008102000.0,258579000.0
ODFL,2021,Industrials,Transportation & Logistics,1034375000,92366000.0,179.19,41360994180.0,4821544000,1141737000.0,716997000.0
ODFL,2022,Industrials,Transportation & Logistics,1377159000,134484000.0,141.89,31661050819.999996,4838610000,1185693000.0,235667000.0
ODFL,2023,Industrials,Transportation & Logistics,1239502000,175089000.0,202.66,44258106760.0,5512393000,1254582000.0,433799000.0
ODFL,2024,Industrials,Transportation & Logistics,1186073000,223618000.0,176.4,37660965350.4,5491395000,1246807000.0,108676000.0
OMC,2021,Consumer Cyclical,Advertising & Marketing Services,1407800000,705400000.0,73.27,15679780000.0,28421800000,24302800000.0,5316800000.0
OMC,2022,Consumer Cyclical,Advertising & Marketing Services,1316500000,660600000.0,81.57,16746320999.999998,27002500000,22843200000.0,4342500000.0
OMC,2023,Consumer Cyclical,Advertising & Marketing Services,1391400000,633600000.0,86.51,17222072286.370003,28044600000,23404900000.0,4432000000.0
OMC,2024,Consumer Cyclical,Advertising & Marketing Services,1480600000,638100000.0,86.04,16785809635.68,29620700000,24445800000.0,4339400000.0
ON,2021,Technology,Semiconductors,1009600000,,67.92,29246352000.0,9626000000,5021600000.0,1352600000.0
ON,2022,Technology,Semiconductors,1902200000,,62.37,27081054000.0,11978500000,5771500000.0,2919000000.0
ON,2023,Technology,Semiconductors,2183700000,,83.53,36059901000.0,13215200000,5414600000.0,2483000000.0
ON,2024,Technology,Semiconductors,1572800000,,63.05,26846528465.899998,14089800000,5275300000.0,2991300000.0
ORCL,2021,Technology,Application Software,13746000000,3063000000.0,87.21,238796590589.99997,131107000000,125155000000.0,46554000000.0
ORCL,2022,Technology,Application Software,6717000000,3457000000.0,81.74,220289300000.0,109297000000,115065000000.0,21902000000.0
ORCL,2023,Technology,Application Software,8503000000,3668000000.0,105.43,289510780000.0,134384000000,132828000000.0,10187000000.0
ORCL,2024,Technology,Application Software,10467000000,4391000000.0,166.64,466084747839.99994,140976000000,131737000000.0,10661000000.0
ORLY,2021,Consumer Cyclical,Retail - Apparel & Specialty,2164685000,,47.08,48450969600.0,11718707000,11785130000.0,362113000.0
ORLY,2022,Consumer Cyclical,Retail - Apparel & Specialty,2172650000,,56.27,53418236400.0,12627979000,13688731000.0,108583000.0
ORLY,2023,Consumer Cyclical,Retail - Apparel & Specialty,2346581000,,63.34,57083908200.0,13872995000,15612273000.0,279132000.0
ORLY,2024,Consumer Cyclical,Retail - Apparel & Specialty,2386680000,,79.05,68454169224.75,14893741000,16264702000.0,130245000.0
OTIS,2021,Industrials,Engineering & Construction,1246000000,393000000.0,87.07,37074406000.0,12279000000,15263000000.0,1565000000.0
OTIS,2022,Industrials,Engineering & Construction,1253000000,465000000.0,78.31,32772735000.0,9819000000,14483000000.0,1189000000.0
OTIS,2023,Industrials,Engineering & Construction,1406000000,539000000.0,89.47,37702658000.0,10117000000,14837000000.0,1274000000.0
OTIS,2024,Industrials,Engineering & Construction,1645000000,606000000.0,92.61,36994039127.64,11316000000,16044000000.0,2300000000.0
OXY,2023,Energy,Oil & Gas - E&P,4696000000,1365000000.0,59.71,53100103000.0,74008000000,43659000000.0,1426000000.0
PANW,2021,Technology,Application Software,-498900000,,92.79,54229879351.62,10241599999,9607100000.0,2901100000.0
PANW,2022,Technology,Application Software,-267000000,,69.77,41834092000.0,12253600000,12043600000.0,3634500000.0
PANW,2023,Technology,Application Software,439700000,,147.44,90498672000.0,14501100000,12752700000.0,2390000000.0
PANW,2024,Technology,Application Software,2577600000,,181.96,119402152000.0,19990900000,14821200000.0,2578800000.0
PAYC,2021,Technology,Application Software,195960000,,415.19,24054032650.0,3215145000,2321431000.0,277978000.0
PAYC,2022,Technology,Application Software,281400000,,310.31,17956088150.0,3902513000,2719906000.0,400730000.0
PAYC,2023,Technology,Application Software,340800000,64800000.0,206.72,11953584000.0,4197500000,2894500000.0,294000000.0
PAYC,2024,Technology,Application Software,502000000,84800000.0,204.97,11818988953.71,5859900000,4284000000.0,402000000.0
PAYX,2021,Industrials,Business Services,1097500000,908700000.0,136.5,49220635600.5,9227200000,6279200000.0,1031900000.0
PAYX,2022,Industrials,Business Services,1392800000,999600000.0,115.56,41867388000.0,9635200000,6550000000.0,1223900000.0
PAYX,2023,Industrials,Business Services,1557300000,1175000000.0,119.11,42858377694.86,10546400000,7053200000.0,1595400000.0
PAYX,2024,Industrials,Business Services,1690400000,1315300000.0,140.22,50464900504.62,10383100000,6582100000.0,1502800000.0
PCAR,2021,Industrials,Truck Manufacturing,1865500000,708000000.0,58.84,30705654000.0,29509400000,17915400000.0,4987700000.0
PCAR,2022,Industrials,Truck Manufacturing,3011600000,1004700000.0,65.98,34481148000.0,33275500000,20108400000.0,6305100000.0
PCAR,2023,Industrials,Truck Manufacturing,4600800000,1518600000.0,97.65,51178365000.0,40823400000,24944600000.0,9004300000.0
PCAR,2024,Industrials,Truck Manufacturing,4162000000,2288500000.0,104.02,54537743627.079994,43418900000,25912000000.0,9839600000.0
PCG,2021,Utilities,Utilities - Regulated,-88000000,,12.14,24097900000.0,103327000000,82104000000.0,291000000.0
PCG,2022,Utilities,Utilities - Regulated,1814000000,,16.26,32308620000.000004,118644000000,95569000000.0,734000000.0
PEG,2021,Utilities,Utilities - Regulated,-648000000,1031000000.0,66.73,33631920000.000004,48999000000,34561000000.0,818000000.0
PEG,2022,Utilities,Utilities - Regulated,1031000000,1079000000.0,61.27,30451190000.0,48718000000,34989000000.0,465000000.0
PEG,2023,Utilities,Utilities - Regulated,2563000000,1137000000.0,61.15,30391550000.0,50741000000,35264000000.0,54000000.0
PEG,2024,Utilities,Utilities - Regulated,1772000000,1196000000.0,84.49,42095065820.29,54640000000,38526000000.0,125000000.0
PEP,2021,Consumer Defensive,Beverages - Non-Alcoholic,7618000000,,173.71,240067220000.0,92377000000,76226000000.0,5988000000.0
PEP,2022,Consumer Defensive,Beverages - Non-Alcoholic,8910000000,6172000000.0,180.66,249852780000.0,92187000000,74914000000.0,5348000000.0
PEP,2023,Consumer Defensive,Beverages - Non-Alcoholic,9074000000,,169.84,234379200000.0,100495000000,81858000000.0,10003000000.0
PEP,2024,Consumer Defensive,Beverages - Non-Alcoholic,9578000000,,152.06,208624651141.5,99467000000,81296000000.0,9266000000.0
PFE,2021,Healthcare,Drug Manufacturers,21980000000,8729000000.0,59.05,331624800000.0,181475000000,104014000000.0,31069000000.0
PFE,2022,Healthcare,Drug Manufacturers,31370000000,8983000000.0,51.24,287302680000.0,197203000000,101288000000.0,22732000000.0
PFE,2023,Healthcare,Drug Manufacturers,2119000000,9247000000.0,28.79,162202860000.0,226502000000,137212000000.0,12690000000.0
PFE,2024,Healthcare,Drug Manufacturers,8031000000,9512000000.0,26.53,150345245628.55002,213396000000,124899000000.0,20477000000.0
PG,2021,Consumer Defensive,Consumer Packaged Goods,14306000000,8263000000.0,163.58,400481919133.88,119307000000,72653000000.0,10288000000.0
PG,2022,Consumer Defensive,Consumer Packaged Goods,14742000000,8770000000.0,151.56,379445616000.0,117208000000,70354000000.0,7214000000.0
PG,2023,Consumer Defensive,Consumer Packaged Goods,14653000000,8999000000.0,146.54,354208114264.77997,120829000000,73764000000.0,8246000000.0
PG,2024,Consumer Defensive,Consumer Packaged Goods,14879000000,9312000000.0,167.65,393114406617.10004,122371000000,71811000000.0,9482000000.0
PH,2021,Industrials,Industrial Products,1746100000,475174000.0,318.12,40950544484.520004,20341200000,11927530000.0,772233000.0
PH,2022,Industrials,Industrial Products,1315605000,569855000.0,291.0,37372162425.0,25943943000,17084023000.0,563661000.0
PH,2023,Industrials,Industrial Products,2083000000,704000000.0,460.7,59187303785.0,29964472000,19626193000.0,475182000.0
PH,2024,Industrials,Industrial Products,2844000000,782000000.0,636.03,81898303093.29,29298000000,17217000000.0,422000000.0
PHM,2021,Consumer Cyclical,Homebuilding & Construction,1946320000,147834000.0,57.16,14755682520.0,13352631000,5863116000.0,1779088000.0
PHM,2022,Consumer Cyclical,Homebuilding & Construction,2617317000,144115000.0,45.53,10515927510.0,14796515000,5882417000.0,1053104000.0
PHM,2023,Consumer Cyclical,Homebuilding & Construction,2602372000,142459000.0,103.22,22931355200.0,16087050000,5703793000.0,1806583000.0
PHM,2024,Consumer Cyclical,Homebuilding & Construction,3083262000,167707000.0,108.9,22333449510.9,17363763000,5241799000.0,1613327000.0
PKG,2021,Consumer Cyclical,Packaging & Containers,841100000,379800000.0,136.15,12871823182.75,7836800000,4229600000.0,704800000.0
PKG,2022,Consumer Cyclical,Packaging & Containers,1029800000,420300000.0,127.91,11873384788.17,8003800000,4336700000.0,405200000.0
PKG,2023,Consumer Cyclical,Packaging & Containers,765200000,448900000.0,162.91,14629956933.02,8681100000,4683800000.0,2174700000.0
PKG,2024,Consumer Cyclical,Packaging & Containers,805100000,448800000.0,225.13,20217786592.46,8833200000,4429200000.0,787000000.0
PLD,2021,Real Estate,REITs,3021515000,1935381000.0,168.36,124491950040.00002,58486220000,20744010000.0,556117000.0
PLD,2022,Real Estate,REITs,3456787000,2571267000.0,112.73,83501252870.0,87897448000,30034355000.0,278483000.0
PLD,2023,Real Estate,REITs,3136488000,3320929000.0,133.3,104730477500.00002,93020840000,35197120000.0,530388000.0
PLD,2024,Real Estate,REITs,3824743000,3672318000.0,105.7,97896697500.0,95328909000,36712139000.0,1318591000.0
PLTR,2021,Technology,Application Software,-520379000,,18.21,35771632950.0,3247450000,956420000.0,2524827000.0
PLTR,2022,Technology,Application Software,-373705000,,6.42,13310361300.0,3461239000,818802000.0,2633675000.0
PLTR,2023,Technology,Application Software,209825000,,17.17,35887137190.0,4522425000,961460000.0,3674179000.0
PLTR,2024,Technology,Application Software,462190000,,75.63,158074792410.0,6340884000,1246477000.0,5229987000.0
PM,2021,Consumer Defensive,Tobacco Products,9109000000,7580000000.0,95.0,147981841050.0,41290000000,49498000000.0,4496000000.0
PM,2022,Consumer Defensive,Tobacco Products,9048000000,7812000000.0,101.21,156875500000.0,61681000000,67992000000.0,3207000000.0
PM,2023,Consumer Defensive,Tobacco Products,7813000000,7964000000.0,94.08,146012160000.0,65304000000,74750000000.0,3060000000.0
PM,2024,Consumer Defensive,Tobacco Products,7057000000,8197000000.0,120.35,187124200893.5,61784000000,71654000000.0,4216000000.0
PNR,2021,Industrials,Industrial Products,553000000,133000000.0,73.03,12071859000.0,4753600000,2331700000.0,94500000.0
PNR,2022,Industrials,Industrial Products,480900000,138600000.0,44.98,7399209999.999999,6447500000,3739400000.0,108900000.0
PNR,2023,Industrials,Industrial Products,622700000,145200000.0,72.71,11997149999.999998,6563300000,3346200000.0,170300000.0
PNR,2024,Industrials,Industrial Products,625400000,152300000.0,100.64,16587201297.12,6446500000,2883600000.0,118700000.0
PNW,2021,Utilities,Utilities - Regulated,618720000,369478000.0,70.59,7971234570.0,22003222000,15981762000.0,9969000.0
PNW,2022,Utilities,Utilities - Regulated,483602000,378881000.0,76.04,8608564440.0,22723405000,16563529000.0,4832000.0
PNW,2023,Utilities,Utilities - Regulated,501557000,386486000.0,71.84,8133078240.0,24661153000,18376291000.0,4955000.0
PODD,2021,Healthcare,Medical Instruments & Equipment,16800000,,266.07,18323974830.0,2048800000,1492500000.0,791600000.0
PODD,2022,Healthcare,Medical Instruments & Equipment,4600000,,294.39,20417712840.0,2251100000,1774700000.0,674700000.0
PODD,2023,Healthcare,Medical Instruments & Equipment,206400000,,216.98,15052987500.0,2588200000,1855500000.0,704200000.0
PODD,2024,Healthcare,Medical Instruments & Equipment,418300000,,261.07,18312696409.25,3087700000,1876300000.0,953400000.0
POOL,2021,Consumer Cyclical,Travel & Leisure,650624000,119581000.0,566.0,22697166000.0,3230131000,2158738000.0,24321000.0
POOL,2022,Consumer Cyclical,Travel & Leisure,748462000,150624000.0,302.33,11855568620.0,3565437000,2330243000.0,45591000.0
POOL,2023,Consumer Cyclical,Travel & Leisure,523229000,167461000.0,398.71,15444031850.0,3428068000,2115281000.0,66540000.0
POOL,2024,Consumer Cyclical,Travel & Leisure,434325000,179633000.0,340.94,12974651375.38,3368184000,2094719000.0,77862000.0
PPG,2021,Basic Materials,Chemicals,1439000000,536000000.0,172.44,40937256000.0,21351000000,14940000000.0,1072000000.0
PPL,2021,Utilities,Utilities - Regulated,-1480000000,1279000000.0,30.06,23078053980.0,33223000000,19500000000.0,3571000000.0
PPL,2022,Utilities,Utilities - Regulated,756000000,704000000.0,29.22,21513137340.0,37837000000,23919000000.0,356000000.0
PPL,2023,Utilities,Utilities - Regulated,740000000,704000000.0,27.1,19974732500.0,39236000000,25303000000.0,331000000.0
PPL,2024,Utilities,Utilities - Regulated,888000000,747000000.0,32.46,23954506362.3,41069000000,26992000000.0,306000000.0
PSA,2021,Real Estate,REITs,1953263000,,374.56,65520282560.0,17380908000,7957370000.0,734599000.0
PSA,2022,Real Estate,REITs,4349147000,3908497000.0,280.19,49212119933.72,17552307000,7385506000.0,775253000.0
PSX,2021,Energy,Oil & Gas - Refining & Marketing,1317000000,1585000000.0,72.46,31916383739.999996,55594000000,33957000000.0,3147000000.0
PSX,2022,Energy,Oil & Gas - Refining & Marketing,11024000000,1793000000.0,104.08,50102863040.0,76442000000,42336000000.0,6133000000.0
PSX,2023,Energy,Oil & Gas - Refining & Marketing,7015000000,1882000000.0,133.14,59151838619.99999,75501000000,43851000000.0,3323000000.0
PSX,2024,Energy,Oil & Gas - Refining & Marketing,2117000000,1882000000.0,113.93,47051862632.11,72582000000,44119000000.0,1738000000.0
PTC,2021,Technology,Application Software,476923000,,121.15,14216589050.0,4507560000,2469092000.0,326532000.0
PTC,2022,Technology,Application Software,313081000,,120.04,14053442920.0,4687268000,2391234000.0,272182000.0
PTC,2023,Technology,Application Software,245540000,,174.96,20785772880.0,6288842000,3611552000.0,288103000.0
PTC,2024,Technology,Application Software,376333000,,183.87,22088133939.600002,6383542000,3169144000.0,265808000.0
PWR,2021,Industrials,Engineering & Construction,485956000,34022000.0,114.66,16053317280.0,12855189000,7738268000.0,229097000.0
PWR,2022,Industrials,Engineering & Construction,491189000,41058000.0,142.5,20427802500.0,13464337000,8065518000.0,428505000.0
PWR,2023,Industrials,Engineering & Construction,744689000,47752000.0,215.8,31382067600.0,16237225000,9953870000.0,1290248000.0
PWR,2024,Industrials,Engineering & Construction,904824000,54196000.0,316.05,46652644599.75,18683894000,11354177000.0,741960000.0
PYPL,2021,Financial Services,Credit Services,4169000000,,188.58,221392920000.0,75803000000,54076000000.0,9500000000.0
PYPL,2022,Financial Services,Credit Services,2419000000,,71.22,83612280000.0,78624000000,58350000000.0,10868000000.0
PYPL,2023,Financial Services,Credit Services,4246000000,,61.41,68226510000.0,82166000000,61115000000.0,14060000000.0
PYPL,2024,Financial Services,Credit Services,4147000000,,85.35,85566688969.79999,78725000000,58308000000.0,10924000000.0
QCOM,2021,Technology,Semiconductors,9043000000,3008000000.0,182.87,206460230000.0,41240000000,31290000000.0,12414000000.0
QCOM,2022,Technology,Semiconductors,12936000000,3212000000.0,109.94,123352680000.0,49014000000,31001000000.0,6382000000.0
QCOM,2023,Technology,Semiconductors,7232000000,3462000000.0,144.63,161262450000.0,51040000000,29459000000.0,11324000000.0
QCOM,2024,Technology,Semiconductors,10142000000,3687000000.0,153.62,170671820000.0,55154000000,28880000000.0,13300000000.0
RCL,2021,Consumer Cyclical,Travel & Leisure,-5260499000,,76.9,19587429700.0,32258355000,27172799000.0,2701770000.0
RCL,2022,Consumer Cyclical,Travel & Leisure,-2156000000,,49.43,12608159530.0,33776361000,30907549000.0,1935005000.0
RCL,2023,Consumer Cyclical,Travel & Leisure,1697000000,,129.49,33124189450.000004,35131000000,30232000000.0,497000000.0
RCL,2024,Consumer Cyclical,Travel & Leisure,2879000000,107000000.0,230.69,62026829115.6,37070000000,29335000000.0,388000000.0
REG,2021,Real Estate,REITs,363026000,,75.35,12868657812.449999,10792563000,4682631000.0,
REG,2022,Real Estate,REITs,484970000,,62.5,10695062500.0,10860220000,4682181000.0,
REG,2023,Real Estate,REITs,366565000,3413000.0,67.0,11434164926.0,12426913000,5234978000.0,
REG,2024,Real Estate,REITs,402726000,13650000.0,73.93,13418693926.28,12391961000,5491654000.0,
REGN,2021,Healthcare,Biotechnology,8075300000,,631.52,67067424000.0,25434800000,6666000000.0,5694700000.0
REGN,2022,Healthcare,Biotechnology,4338400000,,721.49,77127281000.0,29214500000,6550500000.0,14334100000.0
REGN,2023,Healthcare,Biotechnology,3953600000,,878.29,93362227000.0,33080200000,7107100000.0,16241300000.0
REGN,2024,Healthcare,Biotechnology,4412600000,,712.33,78277609617.23001,37759400000,8405800000.0,17912600000.0
RL,2021,Consumer Cyclical,Manufacturing - Apparel & Furniture,600100000,150000000.0,118.86,8795640000.0,7724700000,5188700000.0,2598400000.0
RL,2022,Consumer Cyclical,Manufacturing - Apparel & Furniture,522700000,198300000.0,105.67,7185560000.0,6789500000,4359000000.0,1565700000.0
RL,2023,Consumer Cyclical,Manufacturing - Apparel & Furniture,646300000,194600000.0,144.2,9574880000.0,6602600000,4152300000.0,1783200000.0
RMD,2021,Healthcare,Medical Instruments & Equipment,474505000,226713000.0,260.48,37957964028.16,4728125000,1842446000.0,295278000.0
RMD,2022,Healthcare,Medical Instruments & Equipment,779437000,245341000.0,208.13,30384898700.0,5095853000,1735102000.0,273710000.0
RMD,2023,Healthcare,Medical Instruments & Equipment,897556000,258276000.0,172.02,25289520300.0,6751708000,2621805000.0,227891000.0
RMD,2024,Healthcare,Medical Instruments & Equipment,1020951000,282320000.0,228.69,33570719152.739998,6872394000,2008351000.0,238361000.0
ROK,2021,Industrials,Industrial Products,1358100000,497100000.0,348.85,40460280582.25,10701600000,8007500000.0,662200000.0
ROK,2022,Industrials,Industrial Products,932200000,519400000.0,257.57,29852363000.0,10758700000,7742000000.0,490700000.0
ROK,2023,Industrials,Industrial Products,1387000000,542000000.0,310.48,35612056000.0,11304000000,7560600000.0,1071800000.0
ROK,2024,Industrials,Industrial Products,953000000,571000000.0,285.79,32315117808.920002,11232000000,7557000000.0,471000000.0
ROL,2021,Industrials,Business Services,356565000,208656000.0,34.21,16833680490.0,2021540000,910323000.0,105301000.0
ROL,2022,Industrials,Business Services,368599000,211618000.0,36.54,17989226640.0,2122028000,854831000.0,95346000.0
ROL,2023,Industrials,Business Services,434957000,264348000.0,43.67,21516209000.0,2595460000,1439893000.0,103825000.0
ROL,2024,Industrials,Business Services,466379000,297989000.0,46.35,22447537491.600002,2819695000,1489102000.0,89630000.0
ROP,2021,Industrials,Industrial Products,1152600000,236400000.0,491.86,51842044000.0,23713900000,12150100000.0,351500000.0
ROP,2022,Industrials,Industrial Products,4544700000,262300000.0,432.09,45801540000.0,26980800000,10943000000.0,792800000.0
ROP,2023,Industrials,Industrial Products,1384200000,290200000.0,545.17,58115121999.99999,28167500000,10722700000.0,214300000.0
ROP,2024,Industrials,Industrial Products,1549300000,321900000.0,519.85,55743074147.350006,31334700000,12467100000.0,188200000.0
ROST,2021,Consumer Cyclical,Retail - Apparel & Specialty,1722589000,405123000.0,114.28,40611222023.08,13640256000,9580206000.0,4922365000.0
ROST,2022,Consumer Cyclical,Retail - Apparel & Specialty,1512041000,431295000.0,116.07,39709868400.0,13416463000,9127880000.0,4551876000.0
ROST,2023,Consumer Cyclical,Retail - Apparel & Specialty,1874520000,454814000.0,138.39,46261285979.99999,14300109000,9428783000.0,4872446000.0
ROST,2024,Consumer Cyclical,Retail - Apparel & Specialty,2090730000,488721000.0,151.27,49908389630.19,14905332000,9396137000.0,4730744000.0
RSG,2021,Industrials,Waste Management,1290400000,638000000.0,139.45,44428770000.0,24955000000,15975300000.0,29000000.0
RSG,2022,Industrials,Waste Management,1488000000,638000000.0,128.99,40825335000.0,29052900000,19366100000.0,143400000.0
RSG,2023,Industrials,Waste Management,1731000000,638100000.0,164.91,52243488000.0,31410000000,20867000000.0,140000000.0
RSG,2024,Industrials,Waste Management,2047000000,687000000.0,201.18,62999939880.36,32402000000,20995000000.0,74000000.0
RTX,2021,Industrials,Aerospace & Defense,3864030000,2957000000.0,86.06,128272430000.0,161404000000,86705000000.0,7832000000.0
RTX,2022,Industrials,Aerospace & Defense,5197020000,3128000000.0,100.92,148362492000.0,158864000000,84650000000.0,6220000000.0
RTX,2023,Industrials,Aerospace & Defense,3195000000,3239000000.0,84.14,123307170000.0,161869000000,100424000000.0,6587000000.0
RTX,2024,Industrials,Aerospace & Defense,4774000000,3217000000.0,115.72,154153245555.76,162861000000,100903000000.0,5578000000.0
SBAC,2021,Business Services,Communication Services,237624000,253580000.0,389.02,42537250296.72,9801699000,15067853000.0,367278000.0
SBAC,2022,Business Services,Communication Services,461429000,306766000.0,280.31,30249933960.0,10585041000,15829621000.0,143708000.0
SBAC,2023,Business Services,Communication Services,501812000,369960000.0,253.69,27493146370.0,10178441000,15314276000.0,208547000.0
SBAC,2024,Business Services,Communication Services,749536000,424191000.0,203.8,21913109140.800003,11417336000,16473142000.0,189841000.0
SBUX,2021,Consumer Cyclical,Restaurants,4199300000,2119000000.0,116.97,137825751000.0,31392600000,36707100000.0,6617900000.0
SBUX,2022,Consumer Cyclical,Restaurants,3281600000,2263300000.0,99.2,114407360000.0,27978400000,36677100000.0,3182900000.0
SBUX,2023,Consumer Cyclical,Restaurants,4124500000,2431800000.0,96.01,110017859000.0,29445500000,37433300000.0,3953000000.0
SBUX,2024,Consumer Cyclical,Restaurants,3760900000,2585000000.0,91.25,103459250000.0,31339300000,38780900000.0,3543200000.0
SHW,2021,Basic Materials,Chemicals,1864400000,587100000.0,352.16,91526384000.0,20666700000,18229500000.0,165700000.0
SHW,2022,Basic Materials,Chemicals,2020100000,618500000.0,237.33,61159941000.0,22594000000,19491900000.0,198800000.0
SHW,2023,Basic Materials,Chemicals,2388800000,623700000.0,311.9,79846400000.0,22954400000,19238600000.0,276800000.0
SHW,2024,Basic Materials,Chemicals,2681400000,723400000.0,339.93,85612489209.63,23632600000,19581400000.0,210400000.0
SJM,2021,Consumer Defensive,Consumer Packaged Goods,876300000,403200000.0,135.82,14717254322.22,16284199999,8159399999.0,334300000.0
SJM,2022,Consumer Defensive,Consumer Packaged Goods,631700000,418100000.0,158.46,17034450000.0,16055000000,7914900000.0,169900000.0
SJM,2023,Consumer Defensive,Consumer Packaged Goods,-91300000,430200000.0,126.38,13320452000.0,14991400000,7700600000.0,1143600000.0
SJM,2024,Consumer Defensive,Consumer Packaged Goods,744000000,437500000.0,110.12,11718526396.16,20273700000,12579800000.0,62000000.0
SLB,2021,Energy,Oil & Gas - Services,1881000000,699000000.0,29.95,42031281465.75,41511000000,26225000000.0,3139000000.0
SLB,2022,Energy,Oil & Gas - Services,3441000000,848000000.0,53.46,75592440000.0,43135000000,25146000000.0,2894000000.0
SLB,2023,Energy,Oil & Gas - Services,4203000000,1317000000.0,52.04,74052920000.0,47957000000,26598000000.0,3989000000.0
SLB,2024,Energy,Oil & Gas - Services,4461000000,1533000000.0,38.34,53708605102.8,48935000000,26585000000.0,4669000000.0
SMCI,2021,Technology,Communication Equipment,111865000,,4.39,2229944400.0,2241964000,1145566000.0,232266000.0
SMCI,2022,Technology,Communication Equipment,285163000,,8.21,4278313100.0000005,3205077000,1779330000.0,267397000.0
SMCI,2023,Technology,Communication Equipment,639998000,,28.43,14976639700.0,3674729000,1702559000.0,440459000.0
SMCI,2024,Technology,Communication Equipment,1152666000,,30.48,17848029429.6,9826092000,4408722000.0,1669766000.0
SNA,2021,Industrials,Industrial Products,820500000,275800000.0,215.38,11647746953.92,6759700000,2555900000.0,780000000.0
SNA,2022,Industrials,Industrial Products,911700000,313100000.0,228.49,12155668000.0,6972800000,2469300000.0,757200000.0
SNA,2023,Industrials,Industrial Products,1011100000,355600000.0,288.84,15308519999.999998,7544900000,2451500000.0,1001500000.0
SNA,2024,Industrials,Industrial Products,1043900000,406400000.0,339.48,17825212830.96,7896800000,2479800000.0,1360500000.0
SNPS,2021,Technology,Application Software,757516000,,368.5,56197264849.0,8752260000,3453317000.0,1580789000.0
SNPS,2022,Technology,Application Software,984594000,,319.29,48775059690.0,9418087000,3858897000.0,1565521000.0
SNPS,2023,Technology,Application Software,1229888000,,514.91,78251902520.0,10333131000,4148830000.0,1585605000.0
SNPS,2024,Technology,Application Software,2263380000,,485.36,75026196006.64,13073561000,4050355000.0,4050401000.0
SO,2022,Utilities,Utilities - Regulated,354000000,185000000.0,71.41,75837420000.0,134891000000,100359000000.0,1917000000.0
SPG,2021,Real Estate,REITs,2574760000,,159.77,52503457630.0,33777379000,29376654000.0,533936000.0
SPG,2022,Real Estate,REITs,2449647000,,117.48,38606160120.0,33011274000,29187383000.0,621628000.0
SPG,2023,Real Estate,REITs,2618354000,,142.64,46665959759.99999,34283495000,30595897000.0,2168991000.0
SPG,2024,Real Estate,REITs,2730662000,,172.21,56188358144.98,32405691000,28806239000.0,1400345000.0
SPGI,2021,Financial Services,"Brokers, Exchanges & Other",3024000000,743000000.0,471.93,113687937000.0,15026000000,9490000000.0,6508000000.0
SPGI,2022,Financial Services,"Brokers, Exchanges & Other",3248000000,1024000000.0,334.94,110396224000.0,61784000000,22040000000.0,1300000000.0
SPGI,2023,Financial Services,"Brokers, Exchanges & Other",2626000000,1147000000.0,440.52,140658036000.0,60589000000,22489000000.0,1316000000.0
SPGI,2024,Financial Services,"Brokers, Exchanges & Other",3852000000,1134000000.0,498.03,154538709000.0,60221000000,22713000000.0,1686000000.0
SRE,2021,Utilities,Utilities - Regulated,1318000000,1430000000.0,66.14,42216368320.0,72045000000,44626000000.0,559000000.0
SRE,2022,Utilities,Utilities - Regulated,2139000000,1474000000.0,77.27,49281260600.0,78574000000,49318000000.0,370000000.0
SRE,2023,Utilities,Utilities - Regulated,3075000000,1527000000.0,74.73,47080946220.0,87181000000,53527000000.0,236000000.0
SRE,2024,Utilities,Utilities - Regulated,2862000000,1543000000.0,87.72,55561783438.08,96155000000,58367000000.0,1565000000.0
STE,2021,Healthcare,Medical Instruments & Equipment,243888000,163169000.0,243.41,24304001680.0,11423594000,4878957000.0,348320000.0
STE,2022,Healthcare,Medical Instruments & Equipment,107030000,183498000.0,184.69,18463274610.0,10821839000,4734667000.0,208357000.0
STE,2023,Healthcare,Medical Instruments & Equipment,378239000,200570000.0,219.85,21700953800.0,11063697000,4748351000.0,207020000.0
STLD,2021,Basic Materials,Steel,3214066000,212968000.0,62.07,12566071500.0,12531234000,6211063000.0,1243868000.0
STLD,2022,Basic Materials,Steel,3862674000,237163000.0,97.7,18215383400.0,14159984000,6064179000.0,2256632000.0
STLD,2023,Basic Materials,Steel,2450882000,271317000.0,118.1,19506577000.0,14908420000,171287000.0,2122097000.0
STLD,2024,Basic Materials,Steel,1537134000,282616000.0,114.07,17366586579.649998,14935233000,-1104279000.0,737275000.0
STX,2021,Technology,Computer Hardware,1314000000,649000000.0,112.98,25153409066.100002,8675000000,8044000000.0,1209000000.0
STX,2022,Technology,Computer Hardware,1649000000,610000000.0,52.61,10942880000.0,8944000000,8835000000.0,615000000.0
STX,2023,Technology,Computer Hardware,-529000000,582000000.0,85.37,17671590000.0,7556000000,8755000000.0,786000000.0
STX,2024,Technology,Computer Hardware,335000000,585000000.0,86.31,18257111921.79,7739000000,9230000000.0,1358000000.0
STZ,2021,Consumer Defensive,Beverages - Alcoholic,-40400000,573000000.0,250.97,48541111078.06,25855800000,13808000000.0,199400000.0
STZ,2022,Consumer Defensive,Beverages - Alcoholic,-71000000,587700000.0,231.75,42757462253.25,24662300000,15928400000.0,133500000.0
STZ,2023,Consumer Defensive,Beverages - Alcoholic,1727400000,653800000.0,241.75,44305522500.0,25691700000,15627100000.0,152400000.0
STZ,2024,Consumer Defensive,Beverages - Alcoholic,-81400000,731800000.0,221.0,39941403372.0,21652300000,14517500000.0,68100000.0
SWK,2021,Industrials,Industrial Products,1689200000,493700000.0,188.62,30461142951.54,28180000000,16587600000.0,142100000.0
SWK,2022,Industrials,Industrial Products,1056700000,471600000.0,75.12,11989527600.0,24963300000,15249100000.0,395600000.0
SWK,2023,Industrials,Industrial Products,-238600000,482600000.0,98.1,14695281900.0,23663800000,14607700000.0,449400000.0
SWK,2024,Industrials,Industrial Products,267900000,491200000.0,80.29,12377817443.460001,21848900000,13129000000.0,290500000.0
SWKS,2021,Technology,Semiconductors,1498300000,340600000.0,155.14,25612455414.48,8590700000,3293600000.0,1020100000.0
SWKS,2022,Technology,Semiconductors,1275200000,373100000.0,91.13,14562574000.0,8873800000,3404800000.0,586300000.0
SWKS,2023,Technology,Semiconductors,982800000,405200000.0,112.42,17897264000.0,8426700000,2344000000.0,734400000.0
SWKS,2024,Technology,Semiconductors,596000000,439100000.0,88.68,14181763153.320002,8283300000,1946600000.0,1562700000.0
SYK,2021,Healthcare,Medical Devices,1994000000,950000000.0,267.42,100844082000.0,34631000000,19754000000.0,3019000000.0
SYK,2022,Healthcare,Medical Devices,2358000000,1051000000.0,244.49,92490567000.0,36884000000,20268000000.0,1928000000.0
SYK,2023,Healthcare,Medical Devices,3165000000,1139000000.0,299.46,113734907999.99998,39912000000,21319000000.0,3053000000.0
SYK,2024,Healthcare,Medical Devices,2993000000,1219000000.0,360.05,137256739068.65001,42971000000,22337000000.0,4493000000.0
SYY,2021,Consumer Defensive,Retail - Defensive,524209000,917564000.0,78.55,40269155742.65,21413539000,19826055000.0,3007123000.0
SYY,2022,Consumer Defensive,Retail - Defensive,1359000000,959000000.0,76.45,39034907706.85,22085688000,20671480000.0,867086000.0
SYY,2023,Consumer Defensive,Retail - Defensive,1770000000,996000000.0,73.13,37119221262.88,22821000000,20779000000.0,745000000.0
SYY,2024,Consumer Defensive,Retail - Defensive,1955000000,1008000000.0,76.46,37559147606.0,24917000000,23026000000.0,696000000.0
T,2021,Business Services,Communication Services,20081000000,15068000000.0,18.58,133256287690.57999,551622000000,367767000000.0,19223000000.0
T,2022,Business Services,Communication Services,-8524000000,9859000000.0,18.41,140781270000.0,402853000000,296396000000.0,3701000000.0
T,2023,Business Services,Communication Services,14400000000,8136000000.0,16.78,120480400000.00002,407060000000,287645000000.0,6722000000.0
T,2024,Business Services,Communication Services,10948000000,8208000000.0,22.77,163381334104.88998,394795000000,274570000000.0,3298000000.0
TAP,2021,Consumer Defensive,Beverages - Alcoholic,1005700000,147800000.0,46.35,10067220000.0,27619000000,13954900000.0,637400000.0
TAP,2022,Consumer Defensive,Beverages - Alcoholic,-175300000,329300000.0,51.52,11169536000.0,25868300000,12953100000.0,600000000.0
TAP,2023,Consumer Defensive,Beverages - Alcoholic,948900000,354700000.0,61.21,13245844000.0,26375100000,12940000000.0,868900000.0
TAP,2024,Consumer Defensive,Beverages - Alcoholic,1122400000,369200000.0,57.32,11242070315.56,26064300000,12611600000.0,969300000.0
TDG,2021,Industrials,Aerospace & Defense,682000000,73000000.0,636.28,34926772111.76,19315000000,22225000000.0,4787000000.0
TDG,2022,Industrials,Aerospace & Defense,866000000,1091000000.0,629.65,36645630000.0,18107000000,21873000000.0,3001000000.0
TDG,2023,Industrials,Aerospace & Defense,1300000000,38000000.0,1011.6,57762360000.0,19970000000,21948000000.0,3472000000.0
TDG,2024,Industrials,Aerospace & Defense,1716000000,2038000000.0,1267.28,71259722141.44,25586000000,31869000000.0,6261000000.0
TDY,2021,Industrials,Conglomerates,445300000,,436.89,20383179842.64,14430300000,6808300000.0,474700000.0
TDY,2022,Industrials,Conglomerates,788600000,,399.91,19075707000.0,14354000000,6181100000.0,638100000.0
TDY,2023,Industrials,Conglomerates,885700000,,446.29,21288033000.0,14527900000,5302100000.0,648300000.0
TDY,2024,Industrials,Conglomerates,819200000,,464.13,21629535245.73,14200500000,4645100000.0,649800000.0
TECH,2021,Healthcare,Biotechnology,140410000,49622000.0,129.34,20225671840.0,2262957000,691723000.0,231554000.0
TECH,2022,Healthcare,Biotechnology,272051000,50185000.0,82.88,13006192640.0,2294805000,593794000.0,247029000.0
TECH,2023,Healthcare,Biotechnology,285263000,50285000.0,77.16,12201310800.0,2638692000,672176000.0,204310000.0
TECH,2024,Healthcare,Biotechnology,168105000,50419000.0,72.03,11444976354.0,2703867000,635017000.0,152863000.0
TEL,2021,Technology,Computer Hardware,2261000000,647000000.0,161.34,54210240000.0,21462000000,10714000000.0,1203000000.0
TEL,2022,Technology,Computer Hardware,2428000000,685000000.0,114.8,36621200000.0,20782000000,9885000000.0,1088000000.0
TEL,2023,Technology,Computer Hardware,1910000000,725000000.0,140.5,44257500000.0,21712000000,10057000000.0,1661000000.0
TEL,2024,Technology,Computer Hardware,3193000000,760000000.0,142.97,42771210297.98,22854000000,10368000000.0,1319000000.0
TER,2021,Industrials,Engineering & Construction,1014589000,65977000.0,163.53,26617614570.0,3809425000,1245469000.0,1366430000.0
TER,2022,Industrials,Engineering & Construction,715501000,69711000.0,87.35,13658395400.0,3501252000,1049958000.0,1005162000.0
TER,2023,Industrials,Engineering & Construction,448752000,67878000.0,108.52,16903292240.0,3486824000,960927000.0,937159000.0
TER,2024,Industrials,Engineering & Construction,542372000,76423000.0,125.92,20507515295.04,3708714000,889420000.0,599666000.0
TGT,2021,Consumer Defensive,Retail - Defensive,6946000000,1548000000.0,231.44,112951758426.31999,53811000000,40984000000.0,5911000000.0
TGT,2022,Consumer Defensive,Retail - Defensive,2780000000,1836000000.0,149.04,68781960000.0,53335000000,42103000000.0,2229000000.0
TGT,2023,Consumer Defensive,Retail - Defensive,4138000000,2011000000.0,142.42,65741071999.99999,55356000000,41924000000.0,3805000000.0
TGT,2024,Consumer Defensive,Retail - Defensive,4091000000,2046000000.0,135.18,61941088562.22,57769000000,43103000000.0,4762000000.0
TJX,2021,Consumer Cyclical,Retail - Apparel & Specialty,3283000000,1252000000.0,75.92,91296775836.24,28461000000,22458000000.0,6227000000.0
TJX,2022,Consumer Cyclical,Retail - Apparel & Specialty,3498000000,1339000000.0,79.6,92396734800.0,28349000000,21985000000.0,5477000000.0
TJX,2023,Consumer Cyclical,Retail - Apparel & Specialty,4474000000,1484000000.0,93.81,107326196770.74,29747000000,22445000000.0,5600000000.0
TJX,2024,Consumer Cyclical,Retail - Apparel & Specialty,4864000000,1648000000.0,120.81,135809531483.49,31749000000,23356000000.0,5335000000.0
TMO,2021,Healthcare,Medical Diagnostics & Research,7725000000,395000000.0,667.24,262892560000.0,95123000000,54146000000.0,4477000000.0
TMO,2022,Healthcare,Medical Diagnostics & Research,6950000000,455000000.0,550.69,215870480000.00003,97154000000,53006000000.0,8524000000.0
TMO,2023,Healthcare,Medical Diagnostics & Research,5995000000,523000000.0,530.79,204884940000.0,98726000000,51884000000.0,8080000000.0
TMO,2024,Healthcare,Medical Diagnostics & Research,6336000000,583000000.0,520.23,198988112860.95,97322000000,47650000000.0,5570000000.0
TMUS,2021,Business Services,Communication Services,3024000000,,115.98,144890600890.08002,206563000000,137461000000.0,6631000000.0
TMUS,2022,Business Services,Communication Services,2590000000,,140.0,175542280060.0,211338000000,141682000000.0,4507000000.0
TMUS,2023,Business Services,Communication Services,8317000000,747000000.0,160.33,187800360683.09003,207682000000,142967000000.0,5135000000.0
TMUS,2024,Business Services,Communication Services,11339000000,3300000000.0,220.73,256154217813.03998,208035000000,146294000000.0,5409000000.0
TPL,2021,Energy,Oil & Gas - E&P,269980000,85264000.0,138.76,9673690726.439999,764064000,112353000.0,428242000.0
TPL,2022,Energy,Oil & Gas - E&P,446362000,247281000.0,260.47,18061110658.08,877427000,104540000.0,510834000.0
TPL,2023,Energy,Oil & Gas - E&P,405645000,99972000.0,174.72,12068574860.16,1156398000,113202000.0,725169000.0
TPL,2024,Energy,Oil & Gas - E&P,453960000,347309000.0,368.65,25409106138.3,1248020000,115555000.0,369835000.0
TPR,2021,Consumer Cyclical,Retail - Apparel & Specialty,834200000,,40.6,11350752308.0,8382399999,5123100000.0,2015800000.0
TPR,2022,Consumer Cyclical,Retail - Apparel & Specialty,856300000,264400000.0,38.08,9428608000.0,7265300000,4979800000.0,953200000.0
TPR,2023,Consumer Cyclical,Retail - Apparel & Specialty,936000000,283300000.0,36.81,8473662000.000001,7116800000,4839000000.0,741500000.0
TPR,2024,Consumer Cyclical,Retail - Apparel & Specialty,816000000,321400000.0,65.33,15224225547.5,13396300000,10499400000.0,7203800000.0
TRGP,2021,Energy,Oil & Gas - Midstream,71200000,187500000.0,52.24,11952512000.0,15208200000,9279800000.0,158500000.0
TRGP,2022,Energy,Oil & Gas - Midstream,1195500000,379700000.0,73.5,16655100000.0,19560000000,14577800000.0,219000000.0
TRGP,2023,Energy,Oil & Gas - Midstream,1345900000,427300000.0,86.87,19745551000.0,20671800000,16061800000.0,141700000.0
TRGP,2024,Energy,Oil & Gas - Midstream,1312000000,615500000.0,178.5,38924317435.5,22734100000,18315900000.0,157300000.0
TRMB,2021,Technology,Computer Hardware,492700000,,87.19,21902128000.0,7099600000,3154900000.0,325700000.0
TRMB,2022,Technology,Computer Hardware,449700000,,50.56,12569216000.0,7269000000,3218800000.0,271000000.0
TRMB,2023,Technology,Computer Hardware,311300000,,53.2,13135080000.0,9539300000,5039200000.0,229800000.0
TRMB,2024,Technology,Computer Hardware,1504400000,,70.66,17360256209.46,9488300000,3743000000.0,738800000.0
TROW,2021,Financial Services,Asset Management,3082900000,1701900000.0,196.64,44224336000.0,12509000000,2255300000.0,1523100000.0
TROW,2022,Financial Services,Asset Management,1557900000,1107400000.0,109.06,24723902000.0,11643300000,1956400000.0,4294800000.0
TROW,2023,Financial Services,Asset Management,1788700000,1121700000.0,107.69,24402554000.0,12278800000,1987600000.0,2066600000.0
TROW,2024,Financial Services,Asset Management,2100100000,1135600000.0,113.09,25124014462.3,13472000000,2021900000.0,2649800000.0
TSCO,2021,Consumer Cyclical,Retail - Apparel & Specialty,997114000,239006000.0,47.72,27121184800.0,7767467000,5764802000.0,878030000.0
TSCO,2022,Consumer Cyclical,Retail - Apparel & Specialty,1088712000,409603000.0,44.99,24938181950.0,8489990000,6447574000.0,202502000.0
TSCO,2023,Consumer Cyclical,Retail - Apparel & Specialty,1107226000,449620000.0,43.01,23391848700.0,9188151000,7038389000.0,397071000.0
TSCO,2024,Consumer Cyclical,Retail - Apparel & Specialty,1101240000,472492000.0,53.06,28344386965.300003,9805485000,7535151000.0,251491000.0
TSLA,2021,Consumer Cyclical,Autos,5519000000,,352.26,1054666440000.0,62131000000,30548000000.0,17707000000.0
TSLA,2022,Consumer Cyclical,Autos,12556000000,,123.18,387524280000.0,82338000000,36440000000.0,22185000000.0
TSLA,2023,Consumer Cyclical,Autos,14997000000,,248.48,787930080000.0,106618000000,43009000000.0,29094000000.0
TSLA,2024,Consumer Cyclical,Autos,7091000000,,403.84,1296350492690.5598,122070000000,48390000000.0,36563000000.0
TSN,2021,Consumer Defensive,Consumer Packaged Goods,3047000000,636000000.0,87.16,31794328258.92,36309000000,18500000000.0,2507000000.0
TSN,2022,Consumer Defensive,Consumer Packaged Goods,3238000000,653000000.0,62.25,17928000000.0,36821000000,17055000000.0,1031000000.0
TSN,2023,Consumer Defensive,Consumer Packaged Goods,-648000000,670000000.0,53.75,19027500000.0,36251000000,17996000000.0,573000000.0
TSN,2024,Consumer Defensive,Consumer Packaged Goods,800000000,684000000.0,57.44,20459804785.12,37100000000,18586000000.0,1717000000.0
TT,2021,Industrials,Industrial Products,1423400000,561100000.0,202.03,48123546000.0,18059800000,11786700000.0,2159200000.0
TT,2022,Industrials,Industrial Products,1756500000,620200000.0,168.09,38980071000.0,18081600000,11976400000.0,1220500000.0
TT,2023,Industrials,Industrial Products,2023900000,683700000.0,243.9,55731150000.0,19391900000,12374900000.0,1095300000.0
TT,2024,Industrials,Industrial Products,2567900000,757500000.0,369.35,83112563799.05,20146700000,12659800000.0,1590100000.0
TTD,2021,Technology,Application Software,137762000,,91.64,43813175640.0,3577340000,2050034000.0,958779000.0
TTD,2022,Technology,Application Software,53385000,,44.83,21875381290.0,4380679000,2265340000.0,1446586000.0
TTD,2023,Technology,Application Software,178940000,,71.96,35204055320.0,4888687000,2724468000.0,1380288000.0
TTD,2024,Technology,Application Software,393076000,,117.53,58009741994.89,6111951000,3162806000.0,1921489000.0
TTWO,2021,Technology,Application Software,418000000,,177.72,20485606680.0,6546300000,2736600000.0,2552200000.0
TTWO,2022,Technology,Application Software,-1124700000,,104.13,17379297000.0,15862100000,6819600000.0,1014400000.0
TTWO,2023,Technology,Application Software,-3744200000,,160.95,27152264999.999996,12216900000,6549000000.0,776000000.0
TXN,2021,Technology,Semiconductors,7769000000,3886000000.0,188.47,173957810000.0,24676000000,11343000000.0,9739000000.0
TXN,2022,Technology,Semiconductors,8749000000,4297000000.0,165.22,152002400000.0,27207000000,12630000000.0,9067000000.0
TXN,2023,Technology,Semiconductors,6510000000,4557000000.0,170.46,154777680000.0,32348000000,15451000000.0,8575000000.0
TXN,2024,Technology,Semiconductors,4799000000,4795000000.0,187.51,171049737291.13998,35509000000,-22289000000.0,7580000000.0
TXT,2021,Industrials,Aerospace & Defense,748000000,18000000.0,77.2,17016826752.400002,15827000000,9012000000.0,2117000000.0
TXT,2022,Industrials,Aerospace & Defense,863000000,17000000.0,70.8,15211485138.0,16293000000,9180000000.0,2035000000.0
TYL,2021,Technology,Application Software,161458000,,537.95,21995699600.0,4732161000,2408129000.0,361471000.0
TYL,2022,Technology,Application Software,164240000,,322.41,13412256000.000002,4687417000,2063028000.0,210887000.0
TYL,2023,Technology,Application Software,165919000,,418.12,17490795840.0,4676663000,1738668000.0,795582000.0
TYL,2024,Technology,Application Software,263026000,,576.64,24679376054.399998,5180015000,1791593000.0,767978000.0
UAL,2021,Industrials,Airlines,-1964000000,,43.78,14176249314.26,68175000000,63146000000.0,18406000000.0
UAL,2022,Industrials,Airlines,737000000,,37.7,12318252607.7,67358000000,60462000000.0,16414000000.0
UAL,2023,Industrials,Airlines,2618000000,,41.26,13714824000.0,71104000000,61780000000.0,14388000000.0
UAL,2024,Industrials,Airlines,3149000000,,97.1,31933849890.0,74083000000,61408000000.0,14475000000.0
UBER,2021,Consumer Cyclical,Travel & Leisure,-496000000,,41.93,79623141220.0,38774000000,23425000000.0,4295000000.0
UBER,2022,Consumer Cyclical,Travel & Leisure,-9141000000,,24.73,48948064270.0,32109000000,23605000000.0,4311000000.0
UBER,2023,Consumer Cyclical,Travel & Leisure,1887000000,,61.57,123728424490.0,38699000000,26017000000.0,5407000000.0
UBER,2024,Consumer Cyclical,Travel & Leisure,9856000000,,60.32,127016386484.0,51244000000,28768000000.0,6977000000.0
UDR,2021,Real Estate,REITs,150016000,438005000.0,59.99,17866701720.0,10775220000,6001474000.0,967000.0
UDR,2022,Real Estate,REITs,86924000,488005000.0,38.73,12014084729.999998,11038470000,6100325000.0,1193000.0
UDR,2023,Real Estate,REITs,444353000,544622000.0,38.29,12595749018.09,11373242000,6420801000.0,2922000.0
UDR,2024,Real Estate,REITs,89585000,563333000.0,43.41,14323572064.949999,10897586000,6436691000.0,1326000.0
UHS,2021,Healthcare,Health Care Providers,991590000,65896000.0,129.66,11050845948.9,13093543000,6895371000.0,115301000.0
UHS,2022,Healthcare,Health Care Providers,675609000,58449000.0,140.89,10570976699.999998,13494188000,7524143000.0,102818000.0
UHS,2023,Healthcare,Health Care Providers,717795000,55480000.0,152.44,10498085480.0,13967602000,7765696000.0,119439000.0
ULTA,2021,Consumer Cyclical,Retail - Apparel & Specialty,985837000,,412.34,22315912134.82,4764379000,3229006000.0,431560000.0
ULTA,2022,Consumer Cyclical,Retail - Apparel & Specialty,1242408000,,469.07,23984018170.0,5370411000,3410600000.0,737877000.0
ULTA,2023,Consumer Cyclical,Retail - Apparel & Specialty,1291005000,,489.99,24574468470.0,5707011000,3427683000.0,766594000.0
UNH,2021,Healthcare,Health Care Plans,17285000000,5280000000.0,502.14,472941186675.0,212206000000,135727000000.0,23907000000.0
UNH,2022,Healthcare,Health Care Plans,20120000000,5991000000.0,530.18,495718299999.99994,245705000000,159358000000.0,27911000000.0
UNH,2023,Healthcare,Health Care Plans,22381000000,6761000000.0,526.47,487671866529.33,273720000000,174801000000.0,29628000000.0
UNH,2024,Healthcare,Health Care Plans,14405000000,7533000000.0,505.86,465535033197.24,298278000000,195687000000.0,29113000000.0
UNP,2021,Industrials,Transportation & Logistics,6523000000,2800000000.0,251.93,163426991000.0,63525000000,49364000000.0,1006000000.0
UNP,2022,Industrials,Transportation & Logistics,6998000000,3159000000.0,207.07,128466228000.0,65449000000,53286000000.0,1019000000.0
UNP,2023,Industrials,Transportation & Logistics,6379000000,3173000000.0,245.62,149508894000.0,67132000000,52344000000.0,1071000000.0
UNP,2024,Industrials,Transportation & Logistics,6747000000,3213000000.0,228.04,138250761221.08,67715000000,50825000000.0,1036000000.0
UPS,2021,Industrials,Transportation & Logistics,12890000000,3437000000.0,214.34,187547500000.0,69405000000,55136000000.0,10593000000.0
UPS,2022,Industrials,Transportation & Logistics,11548000000,5114000000.0,173.84,151936160000.0,71124000000,51321000000.0,7595000000.0
UPS,2023,Industrials,Transportation & Logistics,6708000000,5372000000.0,157.23,135265809079.88998,70857000000,53543000000.0,6072000000.0
UPS,2024,Industrials,Transportation & Logistics,5782000000,5399000000.0,126.1,107609901263.79999,70070000000,53327000000.0,6112000000.0
URI,2021,Industrials,Consulting & Outsourcing,1386000000,,332.29,24055946806.15,20292000000,14301000000.0,144000000.0
URI,2022,Industrials,Consulting & Outsourcing,2105000000,,355.42,25313367820.0,24183000000,17121000000.0,106000000.0
URI,2023,Industrials,Consulting & Outsourcing,2424000000,406000000.0,573.42,39404275560.0,25589000000,17459000000.0,363000000.0
URI,2024,Industrials,Consulting & Outsourcing,2575000000,434000000.0,704.44,46227028662.76,28163000000,19541000000.0,457000000.0
V,2021,Financial Services,Credit Services,12311000000,2798000000.0,216.71,463644829323.78,82896000000,45307000000.0,18512000000.0
V,2022,Financial Services,Credit Services,14957000000,3203000000.0,207.76,394120720000.0,85501000000,49920000000.0,18522000000.0
V,2023,Financial Services,Credit Services,17273000000,3751000000.0,260.35,536871519707.9501,90499000000,51525000000.0,20128000000.0
V,2024,Financial Services,Credit Services,19743000000,4217000000.0,316.04,651710678273.4801,94511000000,55191000000.0,15175000000.0
VICI,2021,Real Estate,REITs,1008534000,758790000.0,30.11,18937446390.12,17597373000,5410199000.0,1237616000.0
VICI,2022,Real Estate,REITs,1118471000,1219117000.0,32.4,31237941600.0,37575826000,15285713000.0,1112068000.0
VICI,2023,Real Estate,REITs,2535066000,1583840000.0,31.88,32099774662.8,44059841000,18402067000.0,1666751000.0
VICI,2024,Real Estate,REITs,2704255000,1752991000.0,29.21,30792426775.45,45368940000,18417139000.0,2176148000.0
VLO,2021,Energy,Oil & Gas - Refining & Marketing,930000000,1602000000.0,75.11,30644880000.0,57888000000,38071000000.0,4122000000.0
VLO,2022,Energy,Oil & Gas - Refining & Marketing,11528000000,1562000000.0,126.86,49475400000.0,60982000000,35514000000.0,4862000000.0
VMC,2021,Basic Materials,Building Materials,670800000,196400000.0,207.58,27568699800.0,13682600000,7114900000.0,235000000.0
VMC,2022,Basic Materials,Building Materials,575600000,212600000.0,175.11,23289630000.0,14234600000,7282400000.0,161400000.0
VMC,2023,Basic Materials,Building Materials,933200000,228400000.0,227.01,30192330000.0,14545700000,7037800000.0,931100000.0
VMC,2024,Basic Materials,Building Materials,911900000,244400000.0,257.23,33970117652.570004,17104800000,8962300000.0,559700000.0
VRSK,2021,Industrials,Business Services,666200000,,228.73,36909369609.119995,7808100000,4965600000.0,111900000.0
VRSK,2022,Industrials,Business Services,953900000,,176.42,27687462063.359997,6961100000,5193400000.0,112500000.0
VRSK,2023,Industrials,Business Services,614600000,,238.86,34595167236.840004,4366100000,4043900000.0,302700000.0
VRSK,2024,Industrials,Business Services,958200000,,275.43,38893644922.62,4264700000,4159700000.0,291200000.0
VRSN,2021,Technology,Online Media,784800000,,253.82,28342556480.0,1983800000,3244300000.0,1205800000.0
VRSN,2022,Technology,Online Media,673800000,,205.44,22002624000.0,1733400000,3295600000.0,980400000.0
VRSN,2023,Technology,Online Media,817600000,,205.96,21193284000.0,1749000000,3330000000.0,926400000.0
VRSN,2024,Technology,Online Media,785700000,,206.96,19888856000.0,1406500000,3364400000.0,599900000.0
VRTX,2021,Healthcare,Biotechnology,2342100000,,219.6,56629569600.0,13432500000,3332500000.0,7524900000.0
VRTX,2022,Healthcare,Biotechnology,3322000000,,288.78,74072070000.0,18150900000,4238200000.0,10778500000.0
VRTX,2023,Healthcare,Biotechnology,3619600000,,406.89,104855553000.0,22730200000,5149800000.0,11218300000.0
VRTX,2024,Healthcare,Biotechnology,-535600000,,402.7,103707045083.0,22533200000,6123600000.0,6115900000.0
VST,2021,Utilities,Utilities - Independent Power Producers,-1274000000,290000000.0,22.77,10976392759.86,29683000000,21391000000.0,1325000000.0
VST,2022,Utilities,Utilities - Independent Power Producers,-1227000000,453000000.0,23.2,11183676417.6,32787000000,27869000000.0,455000000.0
VST,2023,Utilities,Utilities - Independent Power Producers,1493000000,463000000.0,38.52,14366283455.52,32966000000,27644000000.0,3485000000.0
VST,2024,Utilities,Utilities - Independent Power Producers,2659000000,478000000.0,137.87,46906988813.53,37770000000,32187000000.0,1188000000.0
VTR,2021,Real Estate,REITs,49008000,686888000.0,51.12,19527635520.0,24717786000,13491743000.0,149725000.0
VTR,2022,Real Estate,REITs,-47447000,720319000.0,45.05,18004052300.0,24157840000,13671513000.0,122564000.0
VTRS,2021,Healthcare,Health Care Providers,-1269100000,399000000.0,13.53,16361829000.0,54842800000,34350100000.0,701200000.0
VTRS,2022,Healthcare,Health Care Providers,2078600000,581600000.0,11.13,13495125000.0,50022200000,28949900000.0,1259900000.0
VTRS,2023,Healthcare,Health Care Providers,54700000,575600000.0,10.83,12985170000.0,47685500000,27218100000.0,991900000.0
VTRS,2024,Healthcare,Health Care Providers,-634200000,574800000.0,12.45,14860231629.9,41500900000,22865400000.0,734800000.0
VZ,2021,Business Services,Communication Services,22065000000,10445000000.0,51.96,216517320000.0,366596000000,283396000000.0,2921000000.0
VZ,2022,Business Services,Communication Services,21256000000,10805000000.0,39.4,165519400000.0,379680000000,287217000000.0,2605000000.0
VZ,2023,Business Services,Communication Services,11614000000,11025000000.0,37.7,158830100000.0,380255000000,286456000000.0,2065000000.0
WAB,2021,Industrials,Transportation & Logistics,558000000,92000000.0,92.11,17279836000.0,18454000000,8215000000.0,473000000.0
WAB,2022,Industrials,Transportation & Logistics,633000000,111000000.0,99.81,18095553000.0,18516000000,8369000000.0,541000000.0
WAB,2023,Industrials,Transportation & Logistics,815000000,123000000.0,126.9,22664340000.0,18988000000,8464000000.0,620000000.0
WAB,2024,Industrials,Transportation & Logistics,1056000000,140000000.0,189.59,32588553814.16,18702000000,8569000000.0,715000000.0
WAT,2021,Healthcare,Medical Instruments & Equipment,692843000,,372.6,22862363400.0,3094932000,2727378000.0,569285000.0
WAT,2022,Healthcare,Medical Instruments & Equipment,707755000,,342.58,20486626580.0,3281453000,2776965000.0,480529000.0
WAT,2023,Healthcare,Medical Instruments & Equipment,642234000,,329.23,19377490110.0,4626854000,3476513000.0,395076000.0
WAT,2024,Healthcare,Medical Instruments & Equipment,637834000,,370.98,22027373030.52,4553795000,2725288000.0,325355000.0
WBD,2021,Consumer Cyclical,Entertainment,1006000000,,23.54,11911240000.0,34427000000,21031000000.0,3905000000.0
WBD,2022,Consumer Cyclical,Entertainment,-7371000000,,9.48,4796880000.0,134001000000,85334000000.0,3731000000.0
WBD,2023,Consumer Cyclical,Entertainment,-3126000000,,11.38,27733060000.0,122757000000,76285000000.0,3780000000.0
WBD,2024,Consumer Cyclical,Entertainment,-11311000000,,10.57,25929955075.29,104560000000,69622000000.0,5312000000.0
WDAY,2021,Technology,Application Software,29000000,,273.18,67748640000.0,10498505000,5963423000.0,3644161000.0
WDAY,2022,Technology,Application Software,-367000000,,167.33,42795149490.0,13486000000,7901000000.0,6121000000.0
WDAY,2023,Technology,Application Software,1381000000,,276.06,72104387460.0,16452000000,8370000000.0,7813000000.0
WDAY,2024,Technology,Application Software,526000000,,258.03,68635979999.99999,17977000000,8943000000.0,8017000000.0
WDC,2021,Technology,Computer Hardware,821000000,,49.29,20321139441.96,26132000000,15411000000.0,3370000000.0
WDC,2022,Technology,Computer Hardware,1546000000,,23.85,10034028900.0,26259000000,14038000000.0,2327000000.0
WDC,2023,Technology,Computer Hardware,-1684000000,,39.58,16808953140.0,24546000000,12706000000.0,2023000000.0
WDC,2024,Technology,Computer Hardware,-798000000,,45.07,20613768794.81,24188000000,13141000000.0,1551000000.0
WEC,2021,Utilities,Utilities - Regulated,1301500000,854800000.0,97.07,30615877999.999996,38988500000,14351500000.0,16300000.0
WEC,2022,Utilities,Utilities - Regulated,1409300000,917900000.0,93.76,29571904000.0,41872100000,15489300000.0,28900000.0
WEC,2023,Utilities,Utilities - Regulated,1332900000,984200000.0,84.17,26547218000.0,43939700000,16501300000.0,42900000.0
WEC,2024,Utilities,Utilities - Regulated,1528400000,1056200000.0,94.04,29749972101.84,47363200000,34561300000.0,9800000.0
WELL,2021,Real Estate,REITs,336138000,1035906000.0,85.77,36712218870.0,34910325000,15912452000.0,269265000.0
WELL,2022,Real Estate,REITs,141214000,1131527000.0,65.55,29781134850.0,37893233000,16499237000.0,631681000.0
WELL,2023,Real Estate,REITs,340094000,1260578000.0,90.17,44996903910.0,44012166000,17640439000.0,1993646000.0
WELL,2024,Real Estate,REITs,951680000,1545275000.0,126.03,78477560583.69,51044308000,18471722000.0,3506586000.0
WM,2021,Industrials,Waste Management,1816000000,970000000.0,166.9,70014550000.0,29097000000,21971000000.0,118000000.0
WM,2022,Industrials,Waste Management,2238000000,1077000000.0,156.88,64634560000.0,31367000000,24503000000.0,351000000.0
WM,2023,Industrials,Waste Management,2304000000,1136000000.0,179.1,72696690000.0,32823000000,25927000000.0,458000000.0
WM,2024,Industrials,Waste Management,2746000000,1210000000.0,201.79,80991552518.39,44567000000,36313000000.0,414000000.0
WMB,2021,Energy,Oil & Gas - Midstream,1517000000,1992000000.0,26.04,31649901360.0,47612000000,33511000000.0,1680000000.0
WMB,2022,Energy,Oil & Gas - Midstream,2049000000,2071000000.0,32.9,40094506200.0,48433000000,34388000000.0,152000000.0
WMB,2023,Energy,Oil & Gas - Midstream,3179000000,2179000000.0,34.83,42411550590.0,52627000000,37736000000.0,2150000000.0
WMB,2024,Energy,Oil & Gas - Midstream,2225000000,2316000000.0,54.12,65972918507.759995,54532000000,39692000000.0,60000000.0
WMT,2021,Consumer Defensive,Retail - Defensive,13673000000,6152000000.0,48.23,401352474088.01996,244860000000,152969000000.0,14760000000.0
WMT,2022,Consumer Defensive,Retail - Defensive,11680000000,6114000000.0,47.26,384365580000.0,243197000000,159206000000.0,8625000000.0
WSM,2021,Consumer Cyclical,Retail - Apparel & Specialty,1126337000,187539000.0,84.56,12576701139.52,4625620000,2961413000.0,850338000.0
WSM,2022,Consumer Cyclical,Retail - Apparel & Specialty,1127904000,217345000.0,57.46,7665623680.0,4663016000,2961965000.0,367344000.0
WSM,2023,Consumer Cyclical,Retail - Apparel & Specialty,949762000,232475000.0,100.89,12942572760.0,5273548000,3145687000.0,1262007000.0
WSM,2024,Consumer Cyclical,Retail - Apparel & Specialty,1125251000,280058000.0,185.18,22795647444.74,5301607000,3159188000.0,1212977000.0
WST,2021,Healthcare,Medical Devices,661800000,51100000.0,469.01,34753641000.0,3313800000,978400000.0,762600000.0
WST,2022,Healthcare,Medical Devices,585900000,54100000.0,235.35,17510040000.0,3616800000,931900000.0,894300000.0
WST,2023,Healthcare,Medical Devices,593400000,57000000.0,352.12,26162516000.0,3829500000,948500000.0,853900000.0
WST,2024,Healthcare,Medical Devices,492700000,59100000.0,327.56,23722664638.44,3643400000,961100000.0,484600000.0
WTW,2021,Financial Services,"Brokers, Exchanges & Other",4220000000,374000000.0,237.49,29686250000.0,34970000000,21662000000.0,4486000000.0
WTW,2022,Financial Services,"Brokers, Exchanges & Other",1009000000,369000000.0,244.58,26903800000.0,31769000000,21676000000.0,1262000000.0
WTW,2023,Financial Services,"Brokers, Exchanges & Other",1055000000,352000000.0,241.2,25326000000.0,29090000000,19497000000.0,1424000000.0
WTW,2024,Financial Services,"Brokers, Exchanges & Other",-98000000,354000000.0,313.24,31551246849.280003,27681000000,19664000000.0,1890000000.0
WY,2021,Basic Materials,Forest Products,2607000000,884000000.0,41.18,30844643600.0,17652000000,6885000000.0,1879000000.0
WY,2022,Basic Materials,Forest Products,1880000000,1617000000.0,31.0,23080802000.0,17340000000,6591000000.0,1581000000.0
WY,2023,Basic Materials,Forest Products,839000000,1216000000.0,34.77,25452370170.000004,16983000000,6747000000.0,1164000000.0
WY,2024,Basic Materials,Forest Products,396000000,684000000.0,28.15,20453283300.0,16536000000,6815000000.0,684000000.0
WYNN,2021,Consumer Cyclical,Travel & Leisure,-755786000,1553000.0,85.04,9750261200.0,12530826000,13367041000.0,2522530000.0
WYNN,2022,Consumer Cyclical,Travel & Leisure,-423856000,1445000.0,82.47,9295111230.0,13415100000,15055465000.0,3650440000.0
WYNN,2023,Consumer Cyclical,Travel & Leisure,729994000,84733000.0,91.11,10268916990.0,13996223000,15097157000.0,3724378000.0
WYNN,2024,Consumer Cyclical,Travel & Leisure,501078000,139564000.0,86.16,9461657987.52,12977963000,13946566000.0,2426155000.0
XEL,2021,Utilities,Utilities - Regulated,1597000000,935000000.0,67.7,36625700000.0,57851000000,42239000000.0,166000000.0
XEL,2022,Utilities,Utilities - Regulated,1736000000,1012000000.0,70.11,38420280000.0,61188000000,44513000000.0,111000000.0
XEL,2023,Utilities,Utilities - Regulated,1771000000,1092000000.0,61.91,34112410000.0,64079000000,46463000000.0,129000000.0
XEL,2024,Utilities,Utilities - Regulated,1936000000,1175000000.0,67.52,38772802622.4,70035000000,50513000000.0,179000000.0
XOM,2021,Energy,Oil & Gas - Integrated,23040000000,14924000000.0,61.19,260940048081.63,338923000000,163240000000.0,6802000000.0
XOM,2022,Energy,Oil & Gas - Integrated,55740000000,14939000000.0,110.3,471642800000.0,369067000000,166594000000.0,29640000000.0
XOM,2023,Energy,Oil & Gas - Integrated,36010000000,14941000000.0,99.98,403030488877.78,376317000000,163779000000.0,31539000000.0
XOM,2024,Energy,Oil & Gas - Integrated,33680000000,16704000000.0,107.57,472780319237.51996,453475000000,182869000000.0,23029000000.0
XYL,2021,Industrials,Industrial Products,423000000,203000000.0,119.92,21609584000.0,8276000000,5050000000.0,1349000000.0
XYL,2022,Industrials,Industrial Products,355000000,217000000.0,110.57,19924714000.0,7952000000,4449000000.0,944000000.0
XYL,2023,Industrials,Industrial Products,609000000,299000000.0,114.36,23500980000.0,16112000000,5936000000.0,1019000000.0
XYL,2024,Industrials,Industrial Products,890000000,350000000.0,116.02,28186444442.059998,16493000000,5611000000.0,1121000000.0
YUM,2021,Consumer Cyclical,Restaurants,1575000000,592000000.0,138.86,40685980000.00001,5966000000,14339000000.0,486000000.0
YUM,2022,Consumer Cyclical,Restaurants,1325000000,649000000.0,128.08,37015120000.0,5846000000,14722000000.0,367000000.0
YUM,2023,Consumer Cyclical,Restaurants,1597000000,678000000.0,130.66,36752175460.0,6231000000,14089000000.0,512000000.0
YUM,2024,Consumer Cyclical,Restaurants,1486000000,752000000.0,134.16,37440279932.64,6727000000,14375000000.0,616000000.0
ZBH,2021,Healthcare,Medical Devices,401600000,200100000.0,123.34,26538697780.0,23456400000,10790000000.0,378100000.0
ZBH,2022,Healthcare,Medical Devices,231400000,201200000.0,127.5,26749500000.0,21066000000,9039000000.0,375700000.0
ZBH,2023,Healthcare,Medical Devices,1023900000,200900000.0,121.7,25532660000.0,21496900000,9008800000.0,415800000.0
ZBH,2024,Healthcare,Medical Devices,903700000,196000000.0,105.63,21028156198.559998,21365400000,8889100000.0,525500000.0
ZBRA,2021,Industrials,Industrial Products,837000000,,595.2,31794426336.000004,6215000000,3231000000.0,332000000.0
ZBRA,2022,Industrials,Industrial Products,463000000,,256.41,13368825092.7,7529000000,4796000000.0,105000000.0
ZBRA,2023,Industrials,Industrial Products,296000000,,273.33,14054775104.88,7306000000,4270000000.0,137000000.0
ZBRA,2024,Industrials,Industrial Products,528000000,,386.22,19921238414.16,7968000000,4382000000.0,901000000.0
ZTS,2021,Healthcare,Drug Manufacturers,2037000000,474000000.0,244.03,115670220000.0,13900000000,9356000000.0,3485000000.0
ZTS,2022,Healthcare,Drug Manufacturers,2114000000,611000000.0,146.55,68556090000.00001,14925000000,10522000000.0,3581000000.0
ZTS,2023,Healthcare,Drug Manufacturers,2344000000,692000000.0,197.37,92545016670.0,14286000000,9295000000.0,2041000000.0
ZTS,2024,Healthcare,Drug Manufacturers,2486000000,786000000.0,162.93,73508315242.23,14237000000,9467000000.0,1987000000.0
